date,age_group_original,age_group_10yr,life_stage,row_count,nonzero_rows,zero_ratio,population_sum,population_mean,population_median,nonzero_median,external_population_sum,capped_rows,share_of_total,share_within_group
2026-01-01,00-09,00-09,아동청소년,19,2,0.894737,15.44,0.8126,0.0,7.72,15.44,0,9e-06,0.000468
2026-01-01,10-14,10-19,아동청소년,66,13,0.80303,103.89,1.5741,0.0,7.07,103.89,0,6.1e-05,0.003147
2026-01-01,15-19,10-19,아동청소년,16,4,0.75,582.91,36.4319,0.0,8.245,582.91,0,0.000345,0.017658
2026-01-01,20-24,20-29,청년,46,13,0.717391,5276.49,114.7063,0.0,6.41,5276.49,0,0.003122,0.159837
2026-01-01,25-29,20-29,청년,22,3,0.863636,21.06,0.9573,0.0,4.69,21.06,0,1.2e-05,0.000638
2026-01-01,30-34,30-39,청년,34,6,0.823529,75.04,2.2071,0.0,11.715,75.04,0,4.4e-05,0.002273
2026-01-01,35-39,30-39,청년,102,29,0.715686,13134.05,128.7652,0.0,9.1,13134.05,1,0.007771,0.397862
2026-01-01,40-44,40-49,중장년,131,44,0.664122,363.84,2.7774,0.0,6.515,363.84,0,0.000215,0.011022
2026-01-01,45-49,40-49,중장년,103,41,0.601942,452.41,4.3923,0.0,7.66,452.41,0,0.000268,0.013705
2026-01-01,50-54,50-59,중장년,55,18,0.672727,215.91,3.9256,0.0,7.34,215.91,0,0.000128,0.00654
2026-01-01,55-59,50-59,중장년,28,14,0.5,5851.48,208.9814,1.515,4.205,5851.48,0,0.003462,0.177255
2026-01-01,60-64,60-69,중장년,54,19,0.648148,6160.51,114.0835,0.0,8.17,227.67,1,0.003645,0.186616
2026-01-01,65-69,60-69,고령,145,50,0.655172,627.5,4.3276,0.0,8.015,627.5,0,0.000371,0.019008
2026-01-01,70-74,70-79,고령,43,6,0.860465,41.85,0.9733,0.0,5.74,41.85,0,2.5e-05,0.001268
2026-01-01,75-79,70-79,고령,14,2,0.857143,80.31,5.7364,0.0,40.155,80.31,0,4.8e-05,0.002433
2026-01-01,80+,80+,고령,19,2,0.894737,8.92,0.4695,0.0,4.46,8.92,0,5e-06,0.00027
2026-01-02,00-09,00-09,아동청소년,93,7,0.924731,77.84,0.837,0.0,9.37,77.84,0,4.6e-05,0.014325
2026-01-02,10-14,10-19,아동청소년,23,4,0.826087,17.73,0.7709,0.0,3.88,17.73,0,1e-05,0.003263
2026-01-02,15-19,10-19,아동청소년,29,6,0.793103,3383.94,116.6876,0.0,8.535,3383.94,0,0.002002,0.622747
2026-01-02,20-24,20-29,청년,44,12,0.727273,116.5,2.6477,0.0,4.0,116.5,0,6.9e-05,0.02144
2026-01-02,25-29,20-29,청년,27,5,0.814815,32.95,1.2204,0.0,5.45,32.95,0,1.9e-05,0.006064
2026-01-02,30-34,30-39,청년,29,5,0.827586,44.79,1.5445,0.0,10.2,44.79,0,2.7e-05,0.008243
2026-01-02,35-39,30-39,청년,49,13,0.734694,135.8,2.7714,0.0,8.36,135.8,0,8e-05,0.024991
2026-01-02,40-44,40-49,중장년,91,24,0.736264,142.71,1.5682,0.0,4.62,142.71,0,8.4e-05,0.026263
2026-01-02,45-49,40-49,중장년,53,17,0.679245,219.45,4.1406,0.0,7.77,219.45,0,0.00013,0.040385
2026-01-02,50-54,50-59,중장년,40,19,0.525,189.36,4.734,0.0,7.13,189.36,0,0.000112,0.034848
2026-01-02,55-59,50-59,중장년,19,8,0.578947,41.4,2.1789,0.0,5.045,41.4,0,2.4e-05,0.007619
2026-01-02,60-64,60-69,중장년,31,7,0.774194,116.98,3.7735,0.0,4.89,116.98,0,6.9e-05,0.021528
2026-01-02,65-69,60-69,고령,23,8,0.652174,370.96,16.1287,0.0,4.81,370.96,0,0.000219,0.068268
2026-01-02,70-74,70-79,고령,65,15,0.769231,351.52,5.408,0.0,8.0,351.52,0,0.000208,0.06469
2026-01-02,75-79,70-79,고령,49,11,0.77551,173.93,3.5496,0.0,7.02,173.93,0,0.000103,0.032008
2026-01-02,80+,80+,고령,24,3,0.875,18.03,0.7513,0.0,3.89,18.03,0,1.1e-05,0.003318
2026-01-03,00-09,00-09,아동청소년,56,8,0.857143,105.82,1.8896,0.0,7.74,105.82,0,6.3e-05,0.019265
2026-01-03,10-14,10-19,아동청소년,109,14,0.87156,3813.13,34.9828,0.0,7.29,3813.13,0,0.002256,0.694184
2026-01-03,15-19,10-19,아동청소년,57,7,0.877193,388.82,6.8214,0.0,4.4,388.82,0,0.00023,0.070785
2026-01-03,20-24,20-29,청년,66,20,0.69697,193.76,2.9358,0.0,5.52,193.76,0,0.000115,0.035274
2026-01-03,25-29,20-29,청년,31,6,0.806452,44.29,1.4287,0.0,6.195,44.29,0,2.6e-05,0.008063
2026-01-03,30-34,30-39,청년,50,14,0.72,89.94,1.7988,0.0,4.935,89.94,0,5.3e-05,0.016374
2026-01-03,35-39,30-39,청년,45,5,0.888889,40.83,0.9073,0.0,9.11,40.83,0,2.4e-05,0.007433
2026-01-03,40-44,40-49,중장년,116,29,0.75,165.24,1.4245,0.0,4.06,165.24,0,9.8e-05,0.030082
2026-01-03,45-49,40-49,중장년,73,16,0.780822,165.31,2.2645,0.0,6.745,165.31,0,9.8e-05,0.030095
2026-01-03,50-54,50-59,중장년,49,11,0.77551,113.1,2.3082,0.0,6.15,113.1,0,6.7e-05,0.02059
2026-01-03,55-59,50-59,중장년,33,8,0.757576,65.1,1.9727,0.0,4.95,65.1,0,3.9e-05,0.011852
2026-01-03,60-64,60-69,중장년,72,11,0.847222,52.86,0.7342,0.0,4.25,52.86,0,3.1e-05,0.009623
2026-01-03,65-69,60-69,고령,46,9,0.804348,49.14,1.0683,0.0,4.17,49.14,0,2.9e-05,0.008946
2026-01-03,70-74,70-79,고령,55,6,0.890909,65.52,1.1913,0.0,7.68,65.52,0,3.9e-05,0.011928
2026-01-03,75-79,70-79,고령,47,7,0.851064,73.09,1.5551,0.0,8.0,73.09,0,4.3e-05,0.013306
2026-01-03,80+,80+,고령,156,5,0.967949,67.02,0.4296,0.0,7.46,67.02,0,4e-05,0.012201
2026-01-04,00-09,00-09,아동청소년,44,4,0.909091,21.05,0.4784,0.0,4.645,21.05,0,1.2e-05,0.02102
2026-01-04,10-14,10-19,아동청소년,38,6,0.842105,20.55,0.5408,0.0,3.31,20.55,0,1.2e-05,0.02052
2026-01-04,15-19,10-19,아동청소년,43,7,0.837209,38.3,0.8907,0.0,5.27,38.3,0,2.3e-05,0.038245
2026-01-04,20-24,20-29,청년,50,11,0.78,53.28,1.0656,0.0,4.36,53.28,0,3.2e-05,0.053203
2026-01-04,25-29,20-29,청년,6,3,0.5,17.08,2.8467,2.035,5.42,17.08,0,1e-05,0.017055
2026-01-04,30-34,30-39,청년,28,7,0.75,60.83,2.1725,0.0,7.1,60.83,0,3.6e-05,0.060742
2026-01-04,35-39,30-39,청년,32,5,0.84375,124.71,3.8972,0.0,23.12,124.71,0,7.4e-05,0.124529
2026-01-04,40-44,40-49,중장년,61,20,0.672131,126.25,2.0697,0.0,6.45,126.25,0,7.5e-05,0.126067
2026-01-04,45-49,40-49,중장년,67,18,0.731343,123.53,1.8437,0.0,6.615,123.53,0,7.3e-05,0.123351
2026-01-04,50-54,50-59,중장년,35,10,0.714286,63.82,1.8234,0.0,5.6,63.82,0,3.8e-05,0.063728
2026-01-04,55-59,50-59,중장년,13,4,0.692308,58.53,4.5023,0.0,8.3,58.53,0,3.5e-05,0.058445
2026-01-04,60-64,60-69,중장년,29,9,0.689655,62.03,2.139,0.0,5.12,62.03,0,3.7e-05,0.06194
2026-01-04,65-69,60-69,고령,49,14,0.714286,92.98,1.8976,0.0,4.565,92.98,0,5.5e-05,0.092845
2026-01-04,70-74,70-79,고령,24,1,0.958333,4.0,0.1667,0.0,4.0,4.0,0,2e-06,0.003994
2026-01-04,75-79,70-79,고령,33,6,0.818182,74.61,2.2609,0.0,6.24,74.61,0,4.4e-05,0.074502
2026-01-04,80+,80+,고령,78,9,0.884615,59.9,0.7679,0.0,7.37,59.9,0,3.5e-05,0.059813
2026-01-05,00-09,00-09,아동청소년,16,2,0.875,16.28,1.0175,0.0,8.14,6.28,0,1e-05,0.000828
2026-01-05,10-14,10-19,아동청소년,41,4,0.902439,56.58,1.38,0.0,13.365,56.58,0,3.3e-05,0.002878
2026-01-05,15-19,10-19,아동청소년,10,2,0.8,17.5,1.75,0.0,8.75,17.5,0,1e-05,0.00089
2026-01-05,20-24,20-29,청년,26,6,0.769231,5672.26,218.1638,0.0,17.815,5672.26,0,0.003356,0.288507
2026-01-05,25-29,20-29,청년,21,1,0.952381,5.07,0.2414,0.0,5.07,5.07,0,3e-06,0.000258
2026-01-05,30-34,30-39,청년,26,5,0.807692,5021.74,193.1438,0.0,9.15,5021.74,0,0.002971,0.25542
2026-01-05,35-39,30-39,청년,33,11,0.666667,199.39,6.0421,0.0,10.02,199.39,0,0.000118,0.010142
2026-01-05,40-44,40-49,중장년,26,4,0.846154,1552.3,59.7038,0.0,7.69,1552.3,0,0.000918,0.078954
2026-01-05,45-49,40-49,중장년,30,5,0.833333,49.99,1.6663,0.0,7.55,49.99,0,3e-05,0.002543
2026-01-05,50-54,50-59,중장년,11,3,0.727273,3110.5,282.7727,0.0,12.21,3110.5,0,0.00184,0.158209
2026-01-05,55-59,50-59,중장년,5,0,1.0,0.0,0.0,0.0,,0.0,0,0.0,0.0
2026-01-05,60-64,60-69,중장년,33,11,0.666667,116.75,3.5379,0.0,12.21,116.75,0,6.9e-05,0.005938
2026-01-05,65-69,60-69,고령,7,1,0.857143,4.49,0.6414,0.0,4.49,4.49,0,3e-06,0.000228
2026-01-05,70-74,70-79,고령,23,3,0.869565,43.77,1.903,0.0,12.18,43.77,0,2.6e-05,0.002226
2026-01-05,75-79,70-79,고령,29,4,0.862069,56.95,1.9638,0.0,13.56,56.95,0,3.4e-05,0.002897
2026-01-05,80+,80+,고령,12,3,0.75,3737.15,311.4292,0.0,12.29,3737.15,0,0.002211,0.190082
2026-01-06,00-09,00-09,아동청소년,31,3,0.903226,5952.91,192.0294,0.0,16.87,20.07,1,0.003522,0.390405
2026-01-06,10-14,10-19,아동청소년,66,8,0.878788,57.92,0.8776,0.0,5.945,57.92,0,3.4e-05,0.003799
2026-01-06,15-19,10-19,아동청소년,12,0,1.0,0.0,0.0,0.0,,0.0,0,0.0,0.0
2026-01-06,20-24,20-29,청년,24,4,0.833333,21.83,0.9096,0.0,4.075,21.83,0,1.3e-05,0.001432
2026-01-06,25-29,20-29,청년,52,12,0.769231,92.45,1.7779,0.0,5.13,92.45,0,5.5e-05,0.006063
2026-01-06,30-34,30-39,청년,47,11,0.765957,4460.28,94.8996,0.0,7.55,4460.28,0,0.002639,0.292515
2026-01-06,35-39,30-39,청년,15,5,0.666667,323.58,21.572,0.0,14.54,323.58,0,0.000191,0.021221
2026-01-06,40-44,40-49,중장년,61,20,0.672131,245.86,4.0305,0.0,6.58,245.86,0,0.000145,0.016124
2026-01-06,45-49,40-49,중장년,33,9,0.727273,74.93,2.2706,0.0,6.2,74.93,0,4.4e-05,0.004914
2026-01-06,50-54,50-59,중장년,19,6,0.684211,161.56,8.5032,0.0,13.43,161.56,0,9.6e-05,0.010595
2026-01-06,55-59,50-59,중장년,12,5,0.583333,25.97,2.1642,0.0,4.1,25.97,0,1.5e-05,0.001703
2026-01-06,60-64,60-69,중장년,28,6,0.785714,37.73,1.3475,0.0,6.22,37.73,0,2.2e-05,0.002474
2026-01-06,65-69,60-69,고령,30,12,0.6,114.52,3.8173,0.0,6.58,114.52,0,6.8e-05,0.00751
2026-01-06,70-74,70-79,고령,34,3,0.911765,20.93,0.6156,0.0,4.71,20.93,0,1.2e-05,0.001373
2026-01-06,75-79,70-79,고령,16,1,0.9375,3614.46,225.9038,0.0,3614.46,3614.46,0,0.002139,0.237044
2026-01-06,80+,80+,고령,49,5,0.897959,43.11,0.8798,0.0,10.39,43.11,0,2.6e-05,0.002827
2026-01-07,00-09,00-09,아동청소년,23,2,0.913043,12.13,0.5274,0.0,6.065,12.13,0,7e-06,0.001853
2026-01-07,10-14,10-19,아동청소년,30,6,0.8,57.47,1.9157,0.0,7.625,57.47,0,3.4e-05,0.008778
2026-01-07,15-19,10-19,아동청소년,20,3,0.85,567.02,28.351,0.0,17.36,567.02,0,0.000335,0.086611
2026-01-07,20-24,20-29,청년,48,14,0.708333,192.38,4.0079,0.0,7.395,192.38,0,0.000114,0.029386
2026-01-07,25-29,20-29,청년,7,4,0.428571,39.24,5.6057,3.15,8.44,39.24,0,2.3e-05,0.005994
2026-01-07,30-34,30-39,청년,22,3,0.863636,14.98,0.6809,0.0,4.1,14.98,0,9e-06,0.002288
2026-01-07,35-39,30-39,청년,58,12,0.793103,685.27,11.815,0.0,16.705,685.27,0,0.000405,0.104673
2026-01-07,40-44,40-49,중장년,20,8,0.6,2172.47,108.6235,0.0,7.74,2172.47,0,0.001285,0.331839
2026-01-07,45-49,40-49,중장년,25,8,0.68,84.16,3.3664,0.0,8.355,84.16,0,5e-05,0.012855
2026-01-07,50-54,50-59,중장년,36,12,0.666667,90.56,2.5156,0.0,6.22,90.56,0,5.4e-05,0.013833
2026-01-07,55-59,50-59,중장년,27,11,0.592593,58.44,2.1644,0.0,5.21,58.44,0,3.5e-05,0.008927
2026-01-07,60-64,60-69,중장년,35,9,0.742857,122.44,3.4983,0.0,4.06,122.44,0,7.2e-05,0.018702
2026-01-07,65-69,60-69,고령,71,20,0.71831,210.93,2.9708,0.0,5.36,210.93,0,0.000125,0.032219
2026-01-07,70-74,70-79,고령,14,1,0.928571,4.0,0.2857,0.0,4.0,4.0,0,2e-06,0.000611
2026-01-07,75-79,70-79,고령,19,1,0.947368,691.06,36.3716,0.0,691.06,691.06,0,0.000409,0.105558
2026-01-07,80+,80+,고령,25,1,0.96,1544.2,61.768,0.0,1544.2,1544.2,0,0.000914,0.235873
2026-01-08,00-09,00-09,아동청소년,29,2,0.931034,18.93,0.6528,0.0,9.465,18.93,0,1.1e-05,0.005133
2026-01-08,10-14,10-19,아동청소년,26,8,0.692308,80.61,3.1004,0.0,5.59,80.61,0,4.8e-05,0.021858
2026-01-08,15-19,10-19,아동청소년,9,3,0.666667,23.07,2.5633,0.0,8.01,23.07,0,1.4e-05,0.006256
2026-01-08,20-24,20-29,청년,25,7,0.72,43.36,1.7344,0.0,5.55,43.36,0,2.6e-05,0.011758
2026-01-08,25-29,20-29,청년,20,5,0.75,32.88,1.644,0.0,6.08,32.88,0,1.9e-05,0.008916
2026-01-08,30-34,30-39,청년,41,6,0.853659,56.98,1.3898,0.0,5.535,56.98,0,3.4e-05,0.015451
2026-01-08,35-39,30-39,청년,21,8,0.619048,106.72,5.0819,0.0,11.915,106.72,0,6.3e-05,0.028939
2026-01-08,40-44,40-49,중장년,48,15,0.6875,3003.09,62.5644,0.0,6.74,3003.09,0,0.001777,0.814327
2026-01-08,45-49,40-49,중장년,15,4,0.733333,58.83,3.922,0.0,10.005,58.83,0,3.5e-05,0.015953
2026-01-08,50-54,50-59,중장년,7,4,0.428571,32.09,4.5843,6.0,7.355,32.09,0,1.9e-05,0.008702
2026-01-08,55-59,50-59,중장년,15,6,0.6,102.26,6.8173,0.0,7.63,102.26,0,6.1e-05,0.027729
2026-01-08,60-64,60-69,중장년,18,3,0.833333,68.49,3.805,0.0,24.0,68.49,0,4.1e-05,0.018572
2026-01-08,65-69,60-69,고령,13,6,0.538462,49.57,3.8131,0.0,8.735,49.57,0,2.9e-05,0.013442
2026-01-08,70-74,70-79,고령,9,1,0.888889,10.94,1.2156,0.0,10.94,10.94,0,6e-06,0.002967
2026-01-08,75-79,70-79,고령,7,0,1.0,0.0,0.0,0.0,,0.0,0,0.0,0.0
2026-01-08,80+,80+,고령,18,0,1.0,0.0,0.0,0.0,,0.0,0,0.0,0.0
2026-01-09,00-09,00-09,아동청소년,15,1,0.933333,3.44,0.2293,0.0,3.44,3.44,0,2e-06,0.000621
2026-01-09,10-14,10-19,아동청소년,26,6,0.769231,127.88,4.9185,0.0,11.685,127.88,0,7.6e-05,0.023095
2026-01-09,15-19,10-19,아동청소년,16,3,0.8125,49.61,3.1006,0.0,18.24,49.61,0,2.9e-05,0.008959
2026-01-09,20-24,20-29,청년,43,10,0.767442,158.03,3.6751,0.0,14.66,158.03,0,9.4e-05,0.02854
2026-01-09,25-29,20-29,청년,16,4,0.75,24.79,1.5494,0.0,5.56,24.79,0,1.5e-05,0.004477
2026-01-09,30-34,30-39,청년,25,7,0.72,57.16,2.2864,0.0,4.8,57.16,0,3.4e-05,0.010323
2026-01-09,35-39,30-39,청년,23,9,0.608696,800.96,34.8243,0.0,8.54,800.96,0,0.000474,0.144652
2026-01-09,40-44,40-49,중장년,53,13,0.754717,111.01,2.0945,0.0,8.08,111.01,0,6.6e-05,0.020048
2026-01-09,45-49,40-49,중장년,30,8,0.733333,75.6,2.52,0.0,8.865,75.6,0,4.5e-05,0.013653
2026-01-09,50-54,50-59,중장년,12,2,0.833333,3243.81,270.3175,0.0,1621.905,3243.81,0,0.001919,0.585825
2026-01-09,55-59,50-59,중장년,4,2,0.5,9.22,2.305,2.05,4.61,9.22,0,5e-06,0.001665
2026-01-09,60-64,60-69,중장년,26,7,0.730769,767.08,29.5031,0.0,27.99,767.08,0,0.000454,0.138533
2026-01-09,65-69,60-69,고령,15,5,0.666667,96.18,6.412,0.0,4.0,96.18,0,5.7e-05,0.01737
2026-01-09,70-74,70-79,고령,19,0,1.0,0.0,0.0,0.0,,0.0,0,0.0,0.0
2026-01-09,75-79,70-79,고령,15,1,0.933333,4.0,0.2667,0.0,4.0,4.0,0,2e-06,0.000722
2026-01-09,80+,80+,고령,33,1,0.969697,8.4,0.2545,0.0,8.4,8.4,0,5e-06,0.001517
2026-01-10,00-09,00-09,아동청소년,17,3,0.823529,3989.91,234.7006,0.0,8.0,3989.91,0,0.002361,0.21107
2026-01-10,10-14,10-19,아동청소년,55,16,0.709091,139.82,2.5422,0.0,5.405,139.82,0,8.3e-05,0.007397
2026-01-10,15-19,10-19,아동청소년,38,7,0.815789,2968.17,78.1097,0.0,5.49,2968.17,0,0.001756,0.157019
2026-01-10,20-24,20-29,청년,53,20,0.622642,278.01,5.2455,0.0,7.535,278.01,0,0.000164,0.014707
2026-01-10,25-29,20-29,청년,66,18,0.727273,163.67,2.4798,0.0,4.55,163.67,0,9.7e-05,0.008658
2026-01-10,30-34,30-39,청년,56,8,0.857143,70.65,1.2616,0.0,7.315,70.65,0,4.2e-05,0.003737
2026-01-10,35-39,30-39,청년,53,20,0.622642,1574.99,29.7168,0.0,11.585,1574.99,0,0.000932,0.083318
2026-01-10,40-44,40-49,중장년,40,11,0.725,256.15,6.4037,0.0,8.44,256.15,0,0.000152,0.013551
2026-01-10,45-49,40-49,중장년,23,9,0.608696,98.47,4.2813,0.0,6.64,98.47,0,5.8e-05,0.005209
2026-01-10,50-54,50-59,중장년,45,18,0.6,268.68,5.9707,0.0,5.57,268.68,0,0.000159,0.014213
2026-01-10,55-59,50-59,중장년,22,12,0.454545,673.29,30.6041,3.84,5.77,673.29,0,0.000398,0.035618
2026-01-10,60-64,60-69,중장년,31,7,0.774194,77.63,2.5042,0.0,6.0,77.63,0,4.6e-05,0.004107
2026-01-10,65-69,60-69,고령,34,15,0.558824,1177.56,34.6341,0.0,5.06,1177.56,0,0.000697,0.062294
2026-01-10,70-74,70-79,고령,65,12,0.815385,1879.03,28.9082,0.0,4.565,1879.03,0,0.001112,0.099402
2026-01-10,75-79,70-79,고령,14,2,0.857143,21.17,1.5121,0.0,10.585,21.17,0,1.3e-05,0.00112
2026-01-10,80+,80+,고령,24,2,0.916667,5266.08,219.42,0.0,2633.04,5266.08,0,0.003116,0.27858
2026-01-11,00-09,00-09,아동청소년,11,2,0.818182,16.06,1.46,0.0,8.03,16.06,0,1e-05,0.001241
2026-01-11,10-14,10-19,아동청소년,28,7,0.75,88.37,3.1561,0.0,12.19,88.37,0,5.2e-05,0.006831
2026-01-11,15-19,10-19,아동청소년,14,5,0.642857,54.36,3.8829,0.0,6.0,54.36,0,3.2e-05,0.004202
2026-01-11,20-24,20-29,청년,40,21,0.475,155.76,3.894,3.01,5.57,155.76,0,9.2e-05,0.01204
2026-01-11,25-29,20-29,청년,23,5,0.782609,355.33,15.4491,0.0,5.32,355.33,0,0.00021,0.027467
2026-01-11,30-34,30-39,청년,34,11,0.676471,132.89,3.9085,0.0,10.94,132.89,0,7.9e-05,0.010273
2026-01-11,35-39,30-39,청년,16,4,0.75,348.56,21.785,0.0,6.86,348.56,0,0.000206,0.026944
2026-01-11,40-44,40-49,중장년,40,12,0.7,5818.17,145.4542,0.0,5.52,5818.17,0,0.003442,0.449751
2026-01-11,45-49,40-49,중장년,18,4,0.777778,43.96,2.4422,0.0,6.84,43.96,0,2.6e-05,0.003398
2026-01-11,50-54,50-59,중장년,21,6,0.714286,5709.16,271.8648,0.0,13.88,5709.16,0,0.003378,0.441325
2026-01-11,55-59,50-59,중장년,4,1,0.75,5.51,1.3775,0.0,5.51,5.51,0,3e-06,0.000426
2026-01-11,60-64,60-69,중장년,12,3,0.75,30.05,2.5042,0.0,10.74,30.05,0,1.8e-05,0.002323
2026-01-11,65-69,60-69,고령,11,6,0.454545,122.52,11.1382,3.12,13.74,122.52,0,7.2e-05,0.009471
2026-01-11,70-74,70-79,고령,22,2,0.909091,26.09,1.1859,0.0,13.045,26.09,0,1.5e-05,0.002017
2026-01-11,75-79,70-79,고령,12,3,0.75,29.63,2.4692,0.0,4.96,29.63,0,1.8e-05,0.00229
2026-01-11,80+,80+,고령,12,0,1.0,0.0,0.0,0.0,,0.0,0,0.0,0.0
2026-01-12,00-09,00-09,아동청소년,29,2,0.931034,42.03,1.4493,0.0,21.015,42.03,0,2.5e-05,0.029086
2026-01-12,10-14,10-19,아동청소년,23,4,0.826087,50.86,2.2113,0.0,12.985,50.86,0,3e-05,0.035197
2026-01-12,15-19,10-19,아동청소년,46,5,0.891304,42.59,0.9259,0.0,6.43,42.59,0,2.5e-05,0.029474
2026-01-12,20-24,20-29,청년,35,7,0.8,41.54,1.1869,0.0,4.0,41.54,0,2.5e-05,0.028747
2026-01-12,25-29,20-29,청년,9,5,0.444444,34.37,3.8189,4.0,6.01,34.37,0,2e-05,0.023785
2026-01-12,30-34,30-39,청년,21,3,0.857143,22.94,1.0924,0.0,9.11,22.94,0,1.4e-05,0.015875
2026-01-12,35-39,30-39,청년,50,8,0.84,78.39,1.5678,0.0,6.155,78.39,0,4.6e-05,0.054248
2026-01-12,40-44,40-49,중장년,38,7,0.815789,234.83,6.1797,0.0,9.15,234.83,0,0.000139,0.16251
2026-01-12,45-49,40-49,중장년,39,8,0.794872,241.28,6.1867,0.0,8.725,241.28,0,0.000143,0.166973
2026-01-12,50-54,50-59,중장년,11,2,0.818182,10.96,0.9964,0.0,5.48,10.96,0,6e-06,0.007585
2026-01-12,55-59,50-59,중장년,10,3,0.7,461.68,46.168,0.0,10.94,461.68,0,0.000273,0.319497
2026-01-12,60-64,60-69,중장년,47,8,0.829787,106.74,2.2711,0.0,9.795,106.74,0,6.3e-05,0.073867
2026-01-12,65-69,60-69,고령,12,6,0.5,47.01,3.9175,1.645,5.81,47.01,0,2.8e-05,0.032532
2026-01-12,70-74,70-79,고령,14,2,0.857143,23.8,1.7,0.0,11.9,23.8,0,1.4e-05,0.01647
2026-01-12,75-79,70-79,고령,4,1,0.75,6.0,1.5,0.0,6.0,6.0,0,4e-06,0.004152
2026-01-12,80+,80+,고령,21,0,1.0,0.0,0.0,0.0,,0.0,0,0.0,0.0
2026-01-13,00-09,00-09,아동청소년,38,4,0.894737,41.0,1.0789,0.0,8.26,41.0,0,2.4e-05,0.005914
2026-01-13,10-14,10-19,아동청소년,58,12,0.793103,64.58,1.1134,0.0,4.335,64.58,0,3.8e-05,0.009315
2026-01-13,15-19,10-19,아동청소년,13,3,0.769231,19.16,1.4738,0.0,5.16,19.16,0,1.1e-05,0.002764
2026-01-13,20-24,20-29,청년,45,18,0.6,143.04,3.1787,0.0,4.505,143.04,0,8.5e-05,0.020632
2026-01-13,25-29,20-29,청년,32,10,0.6875,56.8,1.775,0.0,4.285,56.8,0,3.4e-05,0.008193
2026-01-13,30-34,30-39,청년,41,10,0.756098,45.69,1.1144,0.0,4.0,45.69,0,2.7e-05,0.00659
2026-01-13,35-39,30-39,청년,70,22,0.685714,241.86,3.4551,0.0,5.005,241.86,0,0.000143,0.034885
2026-01-13,40-44,40-49,중장년,44,12,0.727273,5656.0,128.5455,0.0,4.17,5656.0,0,0.003346,0.815806
2026-01-13,45-49,40-49,중장년,95,18,0.810526,182.72,1.9234,0.0,7.105,182.72,0,0.000108,0.026355
2026-01-13,50-54,50-59,중장년,18,7,0.611111,40.91,2.2728,0.0,4.0,40.91,0,2.4e-05,0.005901
2026-01-13,55-59,50-59,중장년,47,19,0.595745,135.81,2.8896,0.0,4.63,135.81,0,8e-05,0.019589
2026-01-13,60-64,60-69,중장년,26,9,0.653846,132.24,5.0862,0.0,4.93,132.24,0,7.8e-05,0.019074
2026-01-13,65-69,60-69,고령,27,8,0.703704,57.35,2.1241,0.0,4.41,57.35,0,3.4e-05,0.008272
2026-01-13,70-74,70-79,고령,37,7,0.810811,53.63,1.4495,0.0,6.01,53.63,0,3.2e-05,0.007735
2026-01-13,75-79,70-79,고령,22,0,1.0,0.0,0.0,0.0,,0.0,0,0.0,0.0
2026-01-13,80+,80+,고령,46,4,0.913043,62.23,1.3528,0.0,6.225,62.23,0,3.7e-05,0.008976
2026-01-14,00-09,00-09,아동청소년,135,12,0.911111,100.04,0.741,0.0,5.985,100.04,0,5.9e-05,0.060647
2026-01-14,10-14,10-19,아동청소년,136,8,0.941176,224.01,1.6471,0.0,7.375,49.56,0,0.000133,0.135801
2026-01-14,15-19,10-19,아동청소년,40,4,0.9,32.5,0.8125,0.0,5.555,32.5,0,1.9e-05,0.019702
2026-01-14,20-24,20-29,청년,119,18,0.848739,115.38,0.9696,0.0,5.65,115.38,0,6.8e-05,0.069947
2026-01-14,25-29,20-29,청년,104,14,0.865385,71.4,0.6865,0.0,4.255,71.4,0,4.2e-05,0.043285
2026-01-14,30-34,30-39,청년,61,4,0.934426,22.0,0.3607,0.0,4.585,22.0,0,1.3e-05,0.013337
2026-01-14,35-39,30-39,청년,119,13,0.890756,114.66,0.9635,0.0,6.13,114.66,0,6.8e-05,0.06951
2026-01-14,40-44,40-49,중장년,53,7,0.867925,99.2,1.8717,0.0,8.94,99.2,0,5.9e-05,0.060138
2026-01-14,45-49,40-49,중장년,102,23,0.77451,221.47,2.1713,0.0,5.84,221.47,0,0.000131,0.134262
2026-01-14,50-54,50-59,중장년,66,11,0.833333,80.92,1.2261,0.0,6.57,80.92,0,4.8e-05,0.049056
2026-01-14,55-59,50-59,중장년,11,4,0.636364,25.05,2.2773,0.0,6.125,25.05,0,1.5e-05,0.015186
2026-01-14,60-64,60-69,중장년,47,6,0.87234,99.83,2.124,0.0,8.665,99.83,0,5.9e-05,0.06052
2026-01-14,65-69,60-69,고령,38,5,0.868421,42.46,1.1174,0.0,7.92,42.46,0,2.5e-05,0.025741
2026-01-14,70-74,70-79,고령,70,6,0.914286,349.6,4.9943,0.0,5.305,349.6,0,0.000207,0.211938
2026-01-14,75-79,70-79,고령,95,5,0.947368,38.54,0.4057,0.0,5.7,38.54,0,2.3e-05,0.023364
2026-01-14,80+,80+,고령,67,2,0.970149,12.48,0.1863,0.0,6.24,12.48,0,7e-06,0.007566
2026-01-15,00-09,00-09,아동청소년,11,1,0.909091,8.18,0.7436,0.0,8.18,8.18,0,5e-06,0.000502
2026-01-15,10-14,10-19,아동청소년,39,6,0.846154,56.83,1.4572,0.0,9.24,56.83,0,3.4e-05,0.003489
2026-01-15,15-19,10-19,아동청소년,3,0,1.0,0.0,0.0,0.0,,0.0,0,0.0,0.0
2026-01-15,20-24,20-29,청년,36,16,0.555556,109.68,3.0467,0.0,5.045,109.68,0,6.5e-05,0.006735
2026-01-15,25-29,20-29,청년,20,3,0.85,18.57,0.9285,0.0,6.0,18.57,0,1.1e-05,0.00114
2026-01-15,30-34,30-39,청년,39,15,0.615385,107.48,2.7559,0.0,5.94,107.48,0,6.4e-05,0.006599
2026-01-15,35-39,30-39,청년,29,7,0.758621,69.05,2.381,0.0,6.38,69.05,0,4.1e-05,0.00424
2026-01-15,40-44,40-49,중장년,40,15,0.625,6004.09,150.1022,0.0,7.08,6004.09,0,0.003552,0.368662
2026-01-15,45-49,40-49,중장년,29,7,0.758621,45.73,1.5769,0.0,6.79,45.73,0,2.7e-05,0.002808
2026-01-15,50-54,50-59,중장년,45,18,0.6,216.84,4.8187,0.0,6.92,216.84,0,0.000128,0.013314
2026-01-15,55-59,50-59,중장년,17,11,0.352941,5802.96,341.3506,4.59,5.92,5802.96,0,0.003433,0.356312
2026-01-15,60-64,60-69,중장년,35,9,0.742857,232.09,6.6311,0.0,19.05,232.09,0,0.000137,0.014251
2026-01-15,65-69,60-69,고령,18,7,0.611111,3593.95,199.6639,0.0,5.19,3593.95,0,0.002126,0.220675
2026-01-15,70-74,70-79,고령,13,2,0.846154,10.11,0.7777,0.0,5.055,10.11,0,6e-06,0.000621
2026-01-15,75-79,70-79,고령,8,0,1.0,0.0,0.0,0.0,,0.0,0,0.0,0.0
2026-01-15,80+,80+,고령,17,1,0.941176,10.6,0.6235,0.0,10.6,10.6,0,6e-06,0.000651
2026-01-16,00-09,00-09,아동청소년,10,0,1.0,0.0,0.0,0.0,,0.0,0,0.0,0.0
2026-01-16,10-14,10-19,아동청소년,28,3,0.892857,55.12,1.9686,0.0,12.41,55.12,0,3.3e-05,0.096328
2026-01-16,15-19,10-19,아동청소년,19,7,0.631579,43.34,2.2811,0.0,6.0,43.34,0,2.6e-05,0.075741
2026-01-16,20-24,20-29,청년,19,2,0.894737,10.0,0.5263,0.0,5.0,10.0,0,6e-06,0.017476
2026-01-16,25-29,20-29,청년,18,2,0.888889,8.24,0.4578,0.0,4.12,8.24,0,5e-06,0.0144
2026-01-16,30-34,30-39,청년,22,6,0.727273,41.77,1.8986,0.0,5.055,41.77,0,2.5e-05,0.072998
2026-01-16,35-39,30-39,청년,9,2,0.777778,35.64,3.96,0.0,17.82,35.64,0,2.1e-05,0.062285
2026-01-16,40-44,40-49,중장년,31,7,0.774194,38.72,1.249,0.0,4.0,38.72,0,2.3e-05,0.067667
2026-01-16,45-49,40-49,중장년,35,9,0.742857,59.55,1.7014,0.0,6.77,59.55,0,3.5e-05,0.10407
2026-01-16,50-54,50-59,중장년,24,5,0.791667,43.27,1.8029,0.0,6.82,43.27,0,2.6e-05,0.075619
2026-01-16,55-59,50-59,중장년,13,4,0.692308,19.76,1.52,0.0,5.0,19.76,0,1.2e-05,0.034533
2026-01-16,60-64,60-69,중장년,21,7,0.666667,38.19,1.8186,0.0,4.33,38.19,0,2.3e-05,0.066741
2026-01-16,65-69,60-69,고령,19,9,0.526316,79.39,4.1784,0.0,4.73,79.39,0,4.7e-05,0.138743
2026-01-16,70-74,70-79,고령,12,4,0.666667,15.6,1.3,0.0,4.075,15.6,0,9e-06,0.027263
2026-01-16,75-79,70-79,고령,14,3,0.785714,14.45,1.0321,0.0,4.42,14.45,0,9e-06,0.025253
2026-01-16,80+,80+,고령,25,4,0.84,69.17,2.7668,0.0,12.605,69.17,0,4.1e-05,0.120882
2026-01-17,00-09,00-09,아동청소년,25,4,0.84,1308.24,52.3296,0.0,17.33,1308.24,0,0.000774,0.023589
2026-01-17,10-14,10-19,아동청소년,11,2,0.818182,2936.58,266.9618,0.0,1468.29,2936.58,0,0.001737,0.052949
2026-01-17,15-19,10-19,아동청소년,12,5,0.583333,6005.86,500.4883,0.0,9.39,6005.86,0,0.003553,0.10829
2026-01-17,20-24,20-29,청년,14,6,0.571429,3627.1,259.0786,0.0,18.52,3627.1,0,0.002146,0.0654
2026-01-17,25-29,20-29,청년,19,4,0.789474,42.43,2.2332,0.0,7.065,42.43,0,2.5e-05,0.000765
2026-01-17,30-34,30-39,청년,17,5,0.705882,2099.94,123.5259,0.0,6.24,2099.94,0,0.001242,0.037864
2026-01-17,35-39,30-39,청년,26,13,0.5,10361.05,398.5019,2.26,34.45,10361.05,0,0.00613,0.186818
2026-01-17,40-44,40-49,중장년,58,17,0.706897,3381.72,58.3055,0.0,22.44,3381.72,0,0.002001,0.060975
2026-01-17,45-49,40-49,중장년,45,12,0.733333,296.25,6.5833,0.0,10.725,296.25,0,0.000175,0.005342
2026-01-17,50-54,50-59,중장년,20,7,0.65,218.63,10.9315,0.0,9.08,218.63,0,0.000129,0.003942
2026-01-17,55-59,50-59,중장년,26,14,0.461538,2824.5,108.6346,3.69,5.73,2824.5,0,0.001671,0.050928
2026-01-17,60-64,60-69,중장년,19,5,0.736842,3434.11,180.7426,0.0,56.18,3434.11,0,0.002032,0.06192
2026-01-17,65-69,60-69,고령,18,4,0.777778,38.52,2.14,0.0,9.635,38.52,0,2.3e-05,0.000695
2026-01-17,70-74,70-79,고령,18,3,0.833333,5843.63,324.6461,0.0,31.92,5843.63,0,0.003457,0.105365
2026-01-17,75-79,70-79,고령,18,1,0.944444,3179.71,176.6506,0.0,3179.71,3179.71,0,0.001881,0.057333
2026-01-17,80+,80+,고령,38,5,0.868421,9862.37,259.5361,0.0,1137.32,9862.37,0,0.005835,0.177826
2026-01-18,00-09,00-09,아동청소년,33,2,0.939394,1098.91,33.3003,0.0,549.455,14.7,0,0.00065,0.049826
2026-01-18,10-14,10-19,아동청소년,106,8,0.924528,764.86,7.2157,0.0,6.7,50.3,0,0.000453,0.034679
2026-01-18,15-19,10-19,아동청소년,44,5,0.886364,32.64,0.7418,0.0,6.04,32.64,0,1.9e-05,0.00148
2026-01-18,20-24,20-29,청년,28,5,0.821429,1514.24,54.08,0.0,14.0,32.0,0,0.000896,0.068657
2026-01-18,25-29,20-29,청년,40,8,0.8,345.2,8.63,0.0,12.975,93.66,0,0.000204,0.015652
2026-01-18,30-34,30-39,청년,51,5,0.901961,36.07,0.7073,0.0,6.0,36.07,0,2.1e-05,0.001635
2026-01-18,35-39,30-39,청년,37,7,0.810811,4896.74,132.3443,0.0,80.45,3729.57,0,0.002897,0.222022
2026-01-18,40-44,40-49,중장년,30,6,0.8,5633.79,187.793,0.0,10.75,4658.16,0,0.003333,0.255441
2026-01-18,45-49,40-49,중장년,32,2,0.9375,124.72,3.8975,0.0,62.36,8.0,0,7.4e-05,0.005655
2026-01-18,50-54,50-59,중장년,52,7,0.865385,2560.68,49.2438,0.0,11.58,62.44,0,0.001515,0.116103
2026-01-18,55-59,50-59,중장년,11,0,1.0,0.0,0.0,0.0,,0.0,0,0.0,0.0
2026-01-18,60-64,60-69,중장년,16,4,0.75,3097.16,193.5725,0.0,228.635,465.42,0,0.001832,0.140428
2026-01-18,65-69,60-69,고령,41,7,0.829268,796.85,19.4354,0.0,11.15,68.42,0,0.000471,0.03613
2026-01-18,70-74,70-79,고령,45,5,0.888889,38.08,0.8462,0.0,6.0,38.08,0,2.3e-05,0.001727
2026-01-18,75-79,70-79,고령,12,0,1.0,0.0,0.0,0.0,,0.0,0,0.0,0.0
2026-01-18,80+,80+,고령,53,3,0.943396,1115.22,21.0419,0.0,97.85,5.42,0,0.00066,0.050565
2026-01-19,00-09,00-09,아동청소년,7,0,1.0,0.0,0.0,0.0,,0.0,0,0.0,0.0
2026-01-19,10-14,10-19,아동청소년,28,1,0.964286,152.69,5.4532,0.0,152.69,0.0,0,9e-05,0.449644
2026-01-19,15-19,10-19,아동청소년,14,0,1.0,0.0,0.0,0.0,,0.0,0,0.0,0.0
2026-01-19,20-24,20-29,청년,21,5,0.761905,26.02,1.239,0.0,4.75,26.02,0,1.5e-05,0.076624
2026-01-19,25-29,20-29,청년,19,1,0.947368,6.0,0.3158,0.0,6.0,6.0,0,4e-06,0.017669
2026-01-19,30-34,30-39,청년,22,5,0.772727,29.0,1.3182,0.0,4.85,29.0,0,1.7e-05,0.0854
2026-01-19,35-39,30-39,청년,25,3,0.88,28.73,1.1492,0.0,9.38,28.73,0,1.7e-05,0.084605
2026-01-19,40-44,40-49,중장년,39,3,0.923077,19.06,0.4887,0.0,4.18,19.06,0,1.1e-05,0.056128
2026-01-19,45-49,40-49,중장년,20,1,0.95,3.19,0.1595,0.0,3.19,3.19,0,2e-06,0.009394
2026-01-19,50-54,50-59,중장년,12,2,0.833333,15.36,1.28,0.0,7.68,15.36,0,9e-06,0.045232
2026-01-19,55-59,50-59,중장년,2,1,0.5,5.72,2.86,2.86,5.72,5.72,0,3e-06,0.016844
2026-01-19,60-64,60-69,중장년,23,3,0.869565,14.27,0.6204,0.0,4.05,14.27,0,8e-06,0.042022
2026-01-19,65-69,60-69,고령,6,1,0.833333,3.05,0.5083,0.0,3.05,3.05,0,2e-06,0.008982
2026-01-19,70-74,70-79,고령,11,4,0.636364,29.18,2.6527,0.0,5.87,29.18,0,1.7e-05,0.08593
2026-01-19,75-79,70-79,고령,6,1,0.833333,7.31,1.2183,0.0,7.31,7.31,0,4e-06,0.021527
2026-01-19,80+,80+,고령,8,0,1.0,0.0,0.0,0.0,,0.0,0,0.0,0.0
2026-01-20,00-09,00-09,아동청소년,16,0,1.0,0.0,0.0,0.0,,0.0,0,0.0,0.0
2026-01-20,10-14,10-19,아동청소년,54,8,0.851852,60.07,1.1124,0.0,4.44,60.07,0,3.6e-05,0.00529
2026-01-20,15-19,10-19,아동청소년,23,5,0.782609,25.99,1.13,0.0,4.57,25.99,0,1.5e-05,0.002289
2026-01-20,20-24,20-29,청년,45,21,0.533333,5296.79,117.7064,0.0,4.45,5296.79,0,0.003134,0.466479
2026-01-20,25-29,20-29,청년,51,19,0.627451,100.59,1.9724,0.0,5.7,100.59,0,6e-05,0.008859
2026-01-20,30-34,30-39,청년,55,18,0.672727,134.01,2.4365,0.0,5.235,134.01,0,7.9e-05,0.011802
2026-01-20,35-39,30-39,청년,37,7,0.810811,4896.61,132.3408,0.0,6.04,4896.61,0,0.002897,0.431235
2026-01-20,40-44,40-49,중장년,48,15,0.6875,142.28,2.9642,0.0,4.45,142.28,0,8.4e-05,0.01253
2026-01-20,45-49,40-49,중장년,55,17,0.690909,130.82,2.3785,0.0,6.21,130.82,0,7.7e-05,0.011521
2026-01-20,50-54,50-59,중장년,56,18,0.678571,296.92,5.3021,0.0,5.885,118.48,0,0.000176,0.026149
2026-01-20,55-59,50-59,중장년,24,10,0.583333,43.0,1.7917,0.0,4.0,43.0,0,2.5e-05,0.003787
2026-01-20,60-64,60-69,중장년,73,14,0.808219,87.37,1.1968,0.0,5.575,76.57,0,5.2e-05,0.007695
2026-01-20,65-69,60-69,고령,26,11,0.576923,73.69,2.8342,0.0,5.17,73.69,0,4.4e-05,0.00649
2026-01-20,70-74,70-79,고령,46,4,0.913043,32.07,0.6972,0.0,5.06,32.07,0,1.9e-05,0.002824
2026-01-20,75-79,70-79,고령,16,2,0.875,18.45,1.1531,0.0,9.225,18.45,0,1.1e-05,0.001625
2026-01-20,80+,80+,고령,43,2,0.953488,16.18,0.3763,0.0,8.09,16.18,0,1e-05,0.001425
2026-01-21,00-09,00-09,아동청소년,25,1,0.96,6.91,0.2764,0.0,6.91,6.91,0,4e-06,0.016485
2026-01-21,10-14,10-19,아동청소년,76,1,0.986842,3.18,0.0418,0.0,3.18,3.18,0,2e-06,0.007586
2026-01-21,15-19,10-19,아동청소년,29,4,0.862069,46.43,1.601,0.0,6.215,46.43,0,2.7e-05,0.110767
2026-01-21,20-24,20-29,청년,31,5,0.83871,23.43,0.7558,0.0,4.4,23.43,0,1.4e-05,0.055896
2026-01-21,25-29,20-29,청년,13,2,0.846154,10.0,0.7692,0.0,5.0,10.0,0,6e-06,0.023857
2026-01-21,30-34,30-39,청년,35,3,0.914286,21.41,0.6117,0.0,8.14,21.41,0,1.3e-05,0.051077
2026-01-21,35-39,30-39,청년,40,8,0.8,90.35,2.2588,0.0,8.88,90.35,0,5.3e-05,0.215545
2026-01-21,40-44,40-49,중장년,38,5,0.868421,28.69,0.755,0.0,6.45,28.69,0,1.7e-05,0.068445
2026-01-21,45-49,40-49,중장년,36,4,0.888889,26.14,0.7261,0.0,6.995,26.14,0,1.5e-05,0.062361
2026-01-21,50-54,50-59,중장년,24,2,0.916667,39.93,1.6638,0.0,19.965,39.93,0,2.4e-05,0.09526
2026-01-21,55-59,50-59,중장년,10,5,0.5,26.1,2.61,1.61,4.33,26.1,0,1.5e-05,0.062266
2026-01-21,60-64,60-69,중장년,40,8,0.8,69.87,1.7468,0.0,10.16,69.87,0,4.1e-05,0.166687
2026-01-21,65-69,60-69,고령,23,2,0.913043,8.92,0.3878,0.0,4.46,8.92,0,5e-06,0.02128
2026-01-21,70-74,70-79,고령,20,2,0.9,11.17,0.5585,0.0,5.585,11.17,0,7e-06,0.026648
2026-01-21,75-79,70-79,고령,11,0,1.0,0.0,0.0,0.0,,0.0,0,0.0,0.0
2026-01-21,80+,80+,고령,85,1,0.988235,6.64,0.0781,0.0,6.64,6.64,0,4e-06,0.015841
2026-01-22,00-09,00-09,아동청소년,28,3,0.892857,28.77,1.0275,0.0,8.0,28.77,0,1.7e-05,0.001751
2026-01-22,10-14,10-19,아동청소년,61,9,0.852459,476.26,7.8075,0.0,7.57,476.26,0,0.000282,0.028992
2026-01-22,15-19,10-19,아동청소년,12,0,1.0,0.0,0.0,0.0,,0.0,0,0.0,0.0
2026-01-22,20-24,20-29,청년,33,8,0.757576,76.27,2.3112,0.0,4.98,76.27,0,4.5e-05,0.004643
2026-01-22,25-29,20-29,청년,30,4,0.866667,47.3,1.5767,0.0,5.67,47.3,0,2.8e-05,0.002879
2026-01-22,30-34,30-39,청년,65,8,0.876923,73.14,1.1252,0.0,11.24,73.14,0,4.3e-05,0.004452
2026-01-22,35-39,30-39,청년,37,12,0.675676,1703.95,46.0527,0.0,6.095,1703.95,0,0.001008,0.103725
2026-01-22,40-44,40-49,중장년,50,13,0.74,6078.02,121.5604,0.0,7.27,6078.02,0,0.003596,0.369989
2026-01-22,45-49,40-49,중장년,22,4,0.818182,32.03,1.4559,0.0,7.785,32.03,0,1.9e-05,0.00195
2026-01-22,50-54,50-59,중장년,180,21,0.883333,191.97,1.0665,0.0,6.0,191.97,0,0.000114,0.011686
2026-01-22,55-59,50-59,중장년,50,18,0.64,3833.4,76.668,0.0,4.505,3833.4,0,0.002268,0.233352
2026-01-22,60-64,60-69,중장년,30,6,0.8,2829.75,94.325,0.0,4.0,2829.75,0,0.001674,0.172256
2026-01-22,65-69,60-69,고령,74,26,0.648649,309.24,4.1789,0.0,4.605,309.24,0,0.000183,0.018824
2026-01-22,70-74,70-79,고령,9,0,1.0,0.0,0.0,0.0,,0.0,0,0.0,0.0
2026-01-22,75-79,70-79,고령,19,4,0.789474,64.48,3.3937,0.0,13.2,64.48,0,3.8e-05,0.003925
2026-01-22,80+,80+,고령,51,3,0.941176,682.98,13.3918,0.0,38.07,682.98,0,0.000404,0.041575
2026-01-23,00-09,00-09,아동청소년,22,6,0.727273,5125.58,232.9809,0.0,11.155,5125.58,0,0.003033,0.175073
2026-01-23,10-14,10-19,아동청소년,40,7,0.825,5497.74,137.4435,0.0,12.57,5497.74,0,0.003253,0.187784
2026-01-23,15-19,10-19,아동청소년,36,2,0.944444,21.1,0.5861,0.0,10.55,21.1,0,1.2e-05,0.000721
2026-01-23,20-24,20-29,청년,63,19,0.698413,854.71,13.5668,0.0,14.52,854.71,0,0.000506,0.029194
2026-01-23,25-29,20-29,청년,14,5,0.642857,90.84,6.4886,0.0,6.0,90.84,0,5.4e-05,0.003103
2026-01-23,30-34,30-39,청년,40,15,0.625,211.07,5.2768,0.0,8.0,211.07,0,0.000125,0.007209
2026-01-23,35-39,30-39,청년,38,15,0.605263,4644.17,122.215,0.0,19.88,4644.17,0,0.002748,0.158629
2026-01-23,40-44,40-49,중장년,39,10,0.74359,4223.9,108.3051,0.0,15.635,4223.9,0,0.002499,0.144274
2026-01-23,45-49,40-49,중장년,65,18,0.723077,1281.31,19.7125,0.0,10.02,1281.31,0,0.000758,0.043765
2026-01-23,50-54,50-59,중장년,55,8,0.854545,2756.01,50.1093,0.0,6.57,2756.01,0,0.001631,0.094136
2026-01-23,55-59,50-59,중장년,36,7,0.805556,52.85,1.4681,0.0,8.0,52.85,0,3.1e-05,0.001805
2026-01-23,60-64,60-69,중장년,57,14,0.754386,3503.28,61.4611,0.0,16.93,3503.28,0,0.002073,0.11966
2026-01-23,65-69,60-69,고령,20,2,0.9,11.42,0.571,0.0,5.71,11.42,0,7e-06,0.00039
2026-01-23,70-74,70-79,고령,23,2,0.913043,71.04,3.0887,0.0,35.52,71.04,0,4.2e-05,0.002426
2026-01-23,75-79,70-79,고령,93,15,0.83871,318.84,3.4284,0.0,9.53,318.84,0,0.000189,0.010891
2026-01-23,80+,80+,고령,40,5,0.875,613.0,15.325,0.0,40.49,613.0,0,0.000363,0.020938
2026-01-24,00-09,00-09,아동청소년,18,3,0.833333,28.2,1.5667,0.0,8.0,28.2,0,1.7e-05,0.021333
2026-01-24,10-14,10-19,아동청소년,64,8,0.875,92.02,1.4378,0.0,5.64,92.02,0,5.4e-05,0.069612
2026-01-24,15-19,10-19,아동청소년,16,4,0.75,26.55,1.6594,0.0,6.755,26.55,0,1.6e-05,0.020085
2026-01-24,20-24,20-29,청년,48,20,0.583333,159.68,3.3267,0.0,4.685,159.68,0,9.4e-05,0.120796
2026-01-24,25-29,20-29,청년,32,11,0.65625,70.22,2.1944,0.0,5.74,70.22,0,4.2e-05,0.053121
2026-01-24,30-34,30-39,청년,38,9,0.763158,53.24,1.4011,0.0,4.63,53.24,0,3.2e-05,0.040275
2026-01-24,35-39,30-39,청년,40,5,0.875,47.14,1.1785,0.0,8.21,47.14,0,2.8e-05,0.035661
2026-01-24,40-44,40-49,중장년,39,21,0.461538,182.97,4.6915,4.0,6.74,182.97,0,0.000108,0.138414
2026-01-24,45-49,40-49,중장년,105,50,0.52381,449.65,4.2824,0.0,6.415,384.87,0,0.000266,0.340154
2026-01-24,50-54,50-59,중장년,19,5,0.736842,41.77,2.1984,0.0,8.15,41.77,0,2.5e-05,0.031598
2026-01-24,55-59,50-59,중장년,21,8,0.619048,51.17,2.4367,0.0,3.9,51.17,0,3e-05,0.038709
2026-01-24,60-64,60-69,중장년,26,9,0.653846,42.75,1.6442,0.0,4.32,42.75,0,2.5e-05,0.03234
2026-01-24,65-69,60-69,고령,13,7,0.461538,42.65,3.2808,3.77,4.63,42.65,0,2.5e-05,0.032264
2026-01-24,70-74,70-79,고령,6,0,1.0,0.0,0.0,0.0,,0.0,0,0.0,0.0
2026-01-24,75-79,70-79,고령,12,3,0.75,23.4,1.95,0.0,6.48,23.4,0,1.4e-05,0.017702
2026-01-24,80+,80+,고령,18,1,0.944444,10.49,0.5828,0.0,10.49,10.49,0,6e-06,0.007936
2026-01-25,00-09,00-09,아동청소년,15,1,0.933333,374.55,24.97,0.0,374.55,374.55,0,0.000222,0.040877
2026-01-25,10-14,10-19,아동청소년,15,3,0.8,22.84,1.5227,0.0,6.66,12.06,0,1.4e-05,0.002493
2026-01-25,15-19,10-19,아동청소년,13,4,0.692308,22.62,1.74,0.0,4.795,22.62,0,1.3e-05,0.002469
2026-01-25,20-24,20-29,청년,24,10,0.583333,111.86,4.6608,0.0,6.13,111.86,0,6.6e-05,0.012208
2026-01-25,25-29,20-29,청년,21,5,0.761905,21.92,1.0438,0.0,4.39,21.92,0,1.3e-05,0.002392
2026-01-25,30-34,30-39,청년,21,8,0.619048,87.57,4.17,0.0,6.075,87.57,0,5.2e-05,0.009557
2026-01-25,35-39,30-39,청년,29,9,0.689655,245.48,8.4648,0.0,15.94,245.48,0,0.000145,0.02679
2026-01-25,40-44,40-49,중장년,34,10,0.705882,1737.29,51.0968,0.0,6.08,1737.29,0,0.001028,0.189599
2026-01-25,45-49,40-49,중장년,27,11,0.592593,90.99,3.37,0.0,5.6,64.99,0,5.4e-05,0.00993
2026-01-25,50-54,50-59,중장년,18,8,0.555556,95.96,5.3311,0.0,6.82,95.96,0,5.7e-05,0.010473
2026-01-25,55-59,50-59,중장년,7,3,0.571429,52.16,7.4514,0.0,4.81,52.16,0,3.1e-05,0.005692
2026-01-25,60-64,60-69,중장년,15,7,0.533333,115.44,7.696,0.0,5.3,115.44,0,6.8e-05,0.012599
2026-01-25,65-69,60-69,고령,20,6,0.7,5984.79,299.2395,0.0,10.99,5984.79,1,0.003541,0.653151
2026-01-25,70-74,70-79,고령,37,1,0.972973,14.61,0.3949,0.0,14.61,14.61,0,9e-06,0.001594
2026-01-25,75-79,70-79,고령,6,1,0.833333,8.36,1.3933,0.0,8.36,8.36,0,5e-06,0.000912
2026-01-25,80+,80+,고령,27,3,0.888889,176.51,6.5374,0.0,23.31,176.51,0,0.000104,0.019263
2026-01-26,00-09,00-09,아동청소년,19,2,0.894737,553.16,29.1137,0.0,276.58,553.16,0,0.000327,0.022123
2026-01-26,10-14,10-19,아동청소년,17,6,0.647059,5527.11,325.1241,0.0,36.875,524.21,0,0.00327,0.221054
2026-01-26,15-19,10-19,아동청소년,32,7,0.78125,39.09,1.2216,0.0,4.87,39.09,0,2.3e-05,0.001563
2026-01-26,20-24,20-29,청년,47,19,0.595745,757.63,16.1198,0.0,6.89,757.63,0,0.000448,0.030301
2026-01-26,25-29,20-29,청년,21,6,0.714286,90.47,4.3081,0.0,11.955,90.47,0,5.4e-05,0.003618
2026-01-26,30-34,30-39,청년,17,6,0.647059,49.39,2.9053,0.0,6.875,49.39,0,2.9e-05,0.001975
2026-01-26,35-39,30-39,청년,35,9,0.742857,218.0,6.2286,0.0,10.51,218.0,0,0.000129,0.008719
2026-01-26,40-44,40-49,중장년,47,14,0.702128,6072.91,129.2109,0.0,10.15,6072.91,0,0.003593,0.242883
2026-01-26,45-49,40-49,중장년,19,7,0.631579,77.77,4.0932,0.0,8.21,77.77,0,4.6e-05,0.00311
2026-01-26,50-54,50-59,중장년,22,11,0.5,662.07,30.0941,1.85,24.3,662.07,0,0.000392,0.026479
2026-01-26,55-59,50-59,중장년,12,4,0.666667,4184.97,348.7475,0.0,28.685,4184.97,0,0.002476,0.167376
2026-01-26,60-64,60-69,중장년,22,4,0.818182,988.45,44.9295,0.0,33.78,988.45,0,0.000585,0.039533
2026-01-26,65-69,60-69,고령,16,6,0.625,307.88,19.2425,0.0,10.285,307.88,0,0.000182,0.012314
2026-01-26,70-74,70-79,고령,21,3,0.857143,109.97,5.2367,0.0,25.88,109.97,0,6.5e-05,0.004398
2026-01-26,75-79,70-79,고령,8,3,0.625,87.9,10.9875,0.0,12.06,87.9,0,5.2e-05,0.003516
2026-01-26,80+,80+,고령,29,5,0.827586,5276.62,181.9524,0.0,12.0,5276.62,0,0.003122,0.211036
2026-01-27,00-09,00-09,아동청소년,26,1,0.961538,3.0,0.1154,0.0,3.0,3.0,0,2e-06,0.002326
2026-01-27,10-14,10-19,아동청소년,93,2,0.978495,25.62,0.2755,0.0,12.81,25.62,0,1.5e-05,0.019864
2026-01-27,15-19,10-19,아동청소년,86,4,0.953488,21.98,0.2556,0.0,4.84,21.98,0,1.3e-05,0.017041
2026-01-27,20-24,20-29,청년,78,14,0.820513,89.58,1.1485,0.0,5.03,89.58,0,5.3e-05,0.069453
2026-01-27,25-29,20-29,청년,74,6,0.918919,50.19,0.6782,0.0,6.565,30.74,0,3e-05,0.038913
2026-01-27,30-34,30-39,청년,139,16,0.884892,390.58,2.8099,0.0,4.39,390.58,0,0.000231,0.302822
2026-01-27,35-39,30-39,청년,57,7,0.877193,88.0,1.5439,0.0,6.69,88.0,0,5.2e-05,0.068228
2026-01-27,40-44,40-49,중장년,94,21,0.776596,200.69,2.135,0.0,5.66,200.69,0,0.000119,0.155598
2026-01-27,45-49,40-49,중장년,102,18,0.823529,151.91,1.4893,0.0,7.22,151.91,0,9e-05,0.117778
2026-01-27,50-54,50-59,중장년,69,6,0.913043,26.73,0.3874,0.0,4.0,26.73,0,1.6e-05,0.020724
2026-01-27,55-59,50-59,중장년,20,4,0.8,172.39,8.6195,0.0,7.33,172.39,0,0.000102,0.133656
2026-01-27,60-64,60-69,중장년,33,1,0.969697,6.32,0.1915,0.0,6.32,6.32,0,4e-06,0.0049
2026-01-27,65-69,60-69,고령,56,7,0.875,42.25,0.7545,0.0,4.88,42.25,0,2.5e-05,0.032757
2026-01-27,70-74,70-79,고령,57,1,0.982456,4.04,0.0709,0.0,4.04,4.04,0,2e-06,0.003132
2026-01-27,75-79,70-79,고령,27,2,0.925926,12.64,0.4681,0.0,6.32,12.64,0,7e-06,0.0098
2026-01-27,80+,80+,고령,59,1,0.983051,3.88,0.0658,0.0,3.88,3.88,0,2e-06,0.003008
2026-01-28,00-09,00-09,아동청소년,28,5,0.821429,4363.7,155.8464,0.0,12.1,4363.7,0,0.002582,0.188882
2026-01-28,10-14,10-19,아동청소년,77,11,0.857143,115.74,1.5031,0.0,9.47,115.74,0,6.8e-05,0.00501
2026-01-28,15-19,10-19,아동청소년,51,15,0.705882,374.19,7.3371,0.0,4.6,374.19,0,0.000221,0.016197
2026-01-28,20-24,20-29,청년,23,6,0.73913,52.72,2.2922,0.0,5.045,52.72,0,3.1e-05,0.002282
2026-01-28,25-29,20-29,청년,55,20,0.636364,192.17,3.494,0.0,4.895,192.17,0,0.000114,0.008318
2026-01-28,30-34,30-39,청년,35,10,0.714286,75.61,2.1603,0.0,7.57,75.61,0,4.5e-05,0.003273
2026-01-28,35-39,30-39,청년,78,20,0.74359,4311.32,55.2733,0.0,8.68,4311.32,0,0.002551,0.186614
2026-01-28,40-44,40-49,중장년,72,22,0.694444,3976.33,55.2268,0.0,9.135,3976.33,0,0.002353,0.172114
2026-01-28,45-49,40-49,중장년,46,19,0.586957,218.02,4.7396,0.0,6.96,218.02,0,0.000129,0.009437
2026-01-28,50-54,50-59,중장년,40,19,0.525,455.77,11.3942,0.0,6.57,455.77,0,0.00027,0.019728
2026-01-28,55-59,50-59,중장년,22,10,0.545455,754.91,34.3141,0.0,4.855,754.91,0,0.000447,0.032676
2026-01-28,60-64,60-69,중장년,51,19,0.627451,3921.52,76.8925,0.0,5.61,3921.52,0,0.00232,0.169742
2026-01-28,65-69,60-69,고령,59,20,0.661017,96.33,1.6327,0.0,4.085,96.33,0,5.7e-05,0.00417
2026-01-28,70-74,70-79,고령,161,44,0.726708,3937.75,24.4581,0.0,9.125,3937.75,0,0.00233,0.170445
2026-01-28,75-79,70-79,고령,34,11,0.676471,216.56,6.3694,0.0,10.08,216.56,0,0.000128,0.009374
2026-01-28,80+,80+,고령,55,4,0.927273,40.18,0.7305,0.0,8.84,40.18,0,2.4e-05,0.001739
2026-01-29,00-09,00-09,아동청소년,16,2,0.875,17.93,1.1206,0.0,8.965,17.93,0,1.1e-05,0.019925
2026-01-29,10-14,10-19,아동청소년,24,4,0.833333,26.35,1.0979,0.0,5.475,26.35,0,1.6e-05,0.029282
2026-01-29,15-19,10-19,아동청소년,8,3,0.625,19.47,2.4338,0.0,7.47,19.47,0,1.2e-05,0.021636
2026-01-29,20-24,20-29,청년,29,11,0.62069,102.48,3.5338,0.0,5.21,102.48,0,6.1e-05,0.113883
2026-01-29,25-29,20-29,청년,7,4,0.428571,20.46,2.9229,3.86,4.3,20.46,0,1.2e-05,0.022737
2026-01-29,30-34,30-39,청년,23,7,0.695652,52.14,2.267,0.0,5.15,52.14,0,3.1e-05,0.057942
2026-01-29,35-39,30-39,청년,26,8,0.692308,98.1,3.7731,0.0,11.53,98.1,0,5.8e-05,0.109016
2026-01-29,40-44,40-49,중장년,30,7,0.766667,86.78,2.8927,0.0,5.26,86.78,0,5.1e-05,0.096436
2026-01-29,45-49,40-49,중장년,39,11,0.717949,88.59,2.2715,0.0,8.04,88.59,0,5.2e-05,0.098448
2026-01-29,50-54,50-59,중장년,15,8,0.466667,118.94,7.9293,3.57,6.985,118.94,0,7e-05,0.132175
2026-01-29,55-59,50-59,중장년,6,3,0.5,17.46,2.91,1.73,4.0,17.46,0,1e-05,0.019403
2026-01-29,60-64,60-69,중장년,15,6,0.6,77.57,5.1713,0.0,4.03,77.57,0,4.6e-05,0.086201
2026-01-29,65-69,60-69,고령,25,8,0.68,45.4,1.816,0.0,4.275,45.4,0,2.7e-05,0.050452
2026-01-29,70-74,70-79,고령,34,7,0.794118,115.54,3.3982,0.0,10.71,115.54,0,6.8e-05,0.128396
2026-01-29,75-79,70-79,고령,12,2,0.833333,12.66,1.055,0.0,6.33,12.66,0,7e-06,0.014069
2026-01-29,80+,80+,고령,15,0,1.0,0.0,0.0,0.0,,0.0,0,0.0,0.0
2026-01-30,00-09,00-09,아동청소년,17,2,0.882353,13.47,0.7924,0.0,6.735,13.47,0,8e-06,0.002844
2026-01-30,10-14,10-19,아동청소년,25,4,0.84,34.12,1.3648,0.0,6.715,34.12,0,2e-05,0.007204
2026-01-30,15-19,10-19,아동청소년,11,3,0.727273,18.06,1.6418,0.0,4.0,18.06,0,1.1e-05,0.003813
2026-01-30,20-24,20-29,청년,13,3,0.769231,19.76,1.52,0.0,6.0,19.76,0,1.2e-05,0.004172
2026-01-30,25-29,20-29,청년,16,2,0.875,14.0,0.875,0.0,7.0,14.0,0,8e-06,0.002956
2026-01-30,30-34,30-39,청년,25,8,0.68,71.34,2.8536,0.0,6.285,71.34,0,4.2e-05,0.015062
2026-01-30,35-39,30-39,청년,21,3,0.857143,55.98,2.6657,0.0,11.71,55.98,0,3.3e-05,0.011819
2026-01-30,40-44,40-49,중장년,39,12,0.692308,113.17,2.9018,0.0,6.875,113.17,0,6.7e-05,0.023894
2026-01-30,45-49,40-49,중장년,38,8,0.789474,441.37,11.615,0.0,13.99,441.37,0,0.000261,0.093188
2026-01-30,50-54,50-59,중장년,10,2,0.8,627.0,62.7,0.0,313.5,627.0,0,0.000371,0.132381
2026-01-30,55-59,50-59,중장년,5,2,0.6,65.81,13.162,0.0,32.905,65.81,0,3.9e-05,0.013895
2026-01-30,60-64,60-69,중장년,2,0,1.0,0.0,0.0,0.0,,0.0,0,0.0,0.0
2026-01-30,65-69,60-69,고령,29,10,0.655172,642.85,22.1672,0.0,7.73,642.85,0,0.00038,0.135727
2026-01-30,70-74,70-79,고령,9,2,0.777778,16.05,1.7833,0.0,8.025,16.05,0,9e-06,0.003389
2026-01-30,75-79,70-79,고령,11,0,1.0,0.0,0.0,0.0,,0.0,0,0.0,0.0
2026-01-30,80+,80+,고령,20,1,0.95,2603.35,130.1675,0.0,2603.35,2603.35,0,0.00154,0.549656
2026-01-31,00-09,00-09,아동청소년,25,6,0.76,376.59,15.0636,0.0,11.895,376.59,0,0.000223,0.097733
2026-01-31,10-14,10-19,아동청소년,54,8,0.851852,80.49,1.4906,0.0,7.0,80.49,0,4.8e-05,0.020889
2026-01-31,15-19,10-19,아동청소년,7,0,1.0,0.0,0.0,0.0,,0.0,0,0.0,0.0
2026-01-31,20-24,20-29,청년,23,7,0.695652,30.52,1.327,0.0,4.26,30.52,0,1.8e-05,0.007921
2026-01-31,25-29,20-29,청년,5,0,1.0,0.0,0.0,0.0,,0.0,0,0.0,0.0
2026-01-31,30-34,30-39,청년,39,7,0.820513,49.64,1.2728,0.0,6.55,49.64,0,2.9e-05,0.012883
2026-01-31,35-39,30-39,청년,31,5,0.83871,74.71,2.41,0.0,8.7,74.71,0,4.4e-05,0.019389
2026-01-31,40-44,40-49,중장년,20,7,0.65,168.27,8.4135,0.0,12.45,168.27,0,0.0001,0.04367
2026-01-31,45-49,40-49,중장년,22,7,0.681818,54.88,2.4945,0.0,6.26,54.88,0,3.2e-05,0.014243
2026-01-31,50-54,50-59,중장년,26,7,0.730769,619.52,23.8277,0.0,12.03,619.52,0,0.000367,0.160779
2026-01-31,55-59,50-59,중장년,30,5,0.833333,25.26,0.842,0.0,4.36,25.26,0,1.5e-05,0.006556
2026-01-31,60-64,60-69,중장년,32,6,0.8125,2188.64,68.395,0.0,5.0,2188.64,0,0.001295,0.568
2026-01-31,65-69,60-69,고령,43,12,0.72093,135.25,3.1453,0.0,7.11,135.25,0,8e-05,0.0351
2026-01-31,70-74,70-79,고령,19,4,0.789474,28.01,1.4742,0.0,7.245,28.01,0,1.7e-05,0.007269
2026-01-31,75-79,70-79,고령,31,2,0.935484,21.46,0.6923,0.0,10.73,21.46,0,1.3e-05,0.005569
2026-01-31,80+,80+,고령,27,0,1.0,0.0,0.0,0.0,,0.0,0,0.0,0.0
2026-02-01,00-09,00-09,아동청소년,38,7,0.815789,8909.5,234.4605,0.0,81.24,2976.66,1,0.005271,0.082019
2026-02-01,10-14,10-19,아동청소년,49,15,0.693878,9350.11,190.8186,0.0,15.23,9350.11,0,0.005532,0.086076
2026-02-01,15-19,10-19,아동청소년,18,4,0.777778,97.31,5.4061,0.0,23.845,97.31,0,5.8e-05,0.000896
2026-02-01,20-24,20-29,청년,71,37,0.478873,12914.47,181.8939,3.86,12.48,12914.47,1,0.007641,0.118888
2026-02-01,25-29,20-29,청년,37,17,0.540541,245.87,6.6451,0.0,14.47,235.1,0,0.000145,0.002263
2026-02-01,30-34,30-39,청년,52,23,0.557692,238.22,4.5812,0.0,6.12,238.22,0,0.000141,0.002193
2026-02-01,35-39,30-39,청년,65,33,0.492308,16002.53,246.1928,3.19,18.16,10069.69,1,0.009468,0.147317
2026-02-01,40-44,40-49,중장년,98,35,0.642857,10108.55,103.1485,0.0,10.73,10108.55,1,0.005981,0.093058
2026-02-01,45-49,40-49,중장년,64,25,0.609375,2822.95,44.1086,0.0,10.0,2822.95,0,0.00167,0.025988
2026-02-01,50-54,50-59,중장년,49,30,0.387755,21275.96,434.2033,6.27,13.645,21275.96,2,0.012588,0.195863
2026-02-01,55-59,50-59,중장년,24,15,0.375,6158.36,256.5983,4.23,6.78,225.52,1,0.003644,0.056693
2026-02-01,60-64,60-69,중장년,70,27,0.614286,4813.42,68.7631,0.0,9.47,4813.42,0,0.002848,0.044312
2026-02-01,65-69,60-69,고령,42,17,0.595238,3083.28,73.4114,0.0,6.74,3083.28,0,0.001824,0.028384
2026-02-01,70-74,70-79,고령,71,19,0.732394,2352.42,33.1327,0.0,14.0,2352.42,0,0.001392,0.021656
2026-02-01,75-79,70-79,고령,125,35,0.72,2147.37,17.179,0.0,10.52,2147.37,0,0.001271,0.019768
2026-02-01,80+,80+,고령,44,7,0.840909,8106.42,184.2368,0.0,84.18,8106.42,0,0.004796,0.074626
2026-02-02,00-09,00-09,아동청소년,44,2,0.954545,23.03,0.5234,0.0,11.515,23.03,0,1.4e-05,0.005018
2026-02-02,10-14,10-19,아동청소년,37,4,0.891892,63.57,1.7181,0.0,6.555,63.57,0,3.8e-05,0.013851
2026-02-02,15-19,10-19,아동청소년,48,13,0.729167,74.81,1.5585,0.0,4.82,74.81,0,4.4e-05,0.0163
2026-02-02,20-24,20-29,청년,87,35,0.597701,220.43,2.5337,0.0,4.69,220.43,0,0.00013,0.048028
2026-02-02,25-29,20-29,청년,31,8,0.741935,49.38,1.5929,0.0,5.0,49.38,0,2.9e-05,0.010759
2026-02-02,30-34,30-39,청년,42,17,0.595238,173.92,4.141,0.0,5.32,173.92,0,0.000103,0.037894
2026-02-02,35-39,30-39,청년,42,6,0.857143,61.48,1.4638,0.0,5.545,61.48,0,3.6e-05,0.013395
2026-02-02,40-44,40-49,중장년,98,28,0.714286,158.93,1.6217,0.0,4.775,158.93,0,9.4e-05,0.034628
2026-02-02,45-49,40-49,중장년,79,28,0.64557,200.98,2.5441,0.0,6.46,200.98,0,0.000119,0.04379
2026-02-02,50-54,50-59,중장년,18,5,0.722222,22.59,1.255,0.0,4.42,22.59,0,1.3e-05,0.004922
2026-02-02,55-59,50-59,중장년,50,20,0.6,534.7,10.694,0.0,5.465,534.7,0,0.000316,0.116502
2026-02-02,60-64,60-69,중장년,29,6,0.793103,52.23,1.801,0.0,4.375,52.23,0,3.1e-05,0.01138
2026-02-02,65-69,60-69,고령,61,23,0.622951,185.76,3.0452,0.0,4.31,185.76,0,0.00011,0.040474
2026-02-02,70-74,70-79,고령,37,6,0.837838,2685.45,72.5797,0.0,13.54,2685.45,0,0.001589,0.585115
2026-02-02,75-79,70-79,고령,50,6,0.88,45.9,0.918,0.0,7.355,45.9,0,2.7e-05,0.010001
2026-02-02,80+,80+,고령,21,2,0.904762,36.45,1.7357,0.0,18.225,36.45,0,2.2e-05,0.007942
2026-02-03,00-09,00-09,아동청소년,18,2,0.888889,16.03,0.8906,0.0,8.015,16.03,0,9e-06,0.031059
2026-02-03,10-14,10-19,아동청소년,20,0,1.0,0.0,0.0,0.0,,0.0,0,0.0,0.0
2026-02-03,15-19,10-19,아동청소년,15,0,1.0,0.0,0.0,0.0,,0.0,0,0.0,0.0
2026-02-03,20-24,20-29,청년,17,9,0.470588,52.27,3.0747,3.1,4.0,52.27,0,3.1e-05,0.101277
2026-02-03,25-29,20-29,청년,18,1,0.944444,4.0,0.2222,0.0,4.0,4.0,0,2e-06,0.00775
2026-02-03,30-34,30-39,청년,22,4,0.818182,36.74,1.67,0.0,9.015,36.74,0,2.2e-05,0.071186
2026-02-03,35-39,30-39,청년,23,7,0.695652,167.5,7.2826,0.0,15.33,167.5,0,9.9e-05,0.324543
2026-02-03,40-44,40-49,중장년,25,10,0.6,81.35,3.254,0.0,7.37,81.35,0,4.8e-05,0.157621
2026-02-03,45-49,40-49,중장년,18,4,0.777778,25.54,1.4189,0.0,6.435,25.54,0,1.5e-05,0.049486
2026-02-03,50-54,50-59,중장년,23,4,0.826087,34.82,1.5139,0.0,7.055,34.82,0,2.1e-05,0.067466
2026-02-03,55-59,50-59,중장년,4,3,0.25,20.45,5.1125,6.2,6.23,20.45,0,1.2e-05,0.039623
2026-02-03,60-64,60-69,중장년,16,4,0.75,55.58,3.4738,0.0,9.605,55.58,0,3.3e-05,0.10769
2026-02-03,65-69,60-69,고령,6,0,1.0,0.0,0.0,0.0,,0.0,0,0.0,0.0
2026-02-03,70-74,70-79,고령,5,0,1.0,0.0,0.0,0.0,,0.0,0,0.0,0.0
2026-02-03,75-79,70-79,고령,8,1,0.875,4.72,0.59,0.0,4.72,4.72,0,3e-06,0.009145
2026-02-03,80+,80+,고령,52,3,0.942308,17.11,0.329,0.0,3.59,17.11,0,1e-05,0.033152
2026-02-04,00-09,00-09,아동청소년,11,0,1.0,0.0,0.0,0.0,,0.0,0,0.0,0.0
2026-02-04,10-14,10-19,아동청소년,27,2,0.925926,23.95,0.887,0.0,11.975,23.95,0,1.4e-05,0.013128
2026-02-04,15-19,10-19,아동청소년,13,1,0.923077,3.17,0.2438,0.0,3.17,3.17,0,2e-06,0.001738
2026-02-04,20-24,20-29,청년,76,18,0.763158,141.78,1.8655,0.0,5.735,141.78,0,8.4e-05,0.077714
2026-02-04,25-29,20-29,청년,15,5,0.666667,55.23,3.682,0.0,5.96,55.23,0,3.3e-05,0.030273
2026-02-04,30-34,30-39,청년,8,1,0.875,12.0,1.5,0.0,12.0,12.0,0,7e-06,0.006578
2026-02-04,35-39,30-39,청년,51,9,0.823529,97.25,1.9069,0.0,8.13,97.25,0,5.8e-05,0.053305
2026-02-04,40-44,40-49,중장년,41,4,0.902439,169.05,4.1232,0.0,7.055,169.05,0,0.0001,0.092661
2026-02-04,45-49,40-49,중장년,33,2,0.939394,8.38,0.2539,0.0,4.19,8.38,0,5e-06,0.004593
2026-02-04,50-54,50-59,중장년,15,2,0.866667,10.06,0.6707,0.0,5.03,10.06,0,6e-06,0.005514
2026-02-04,55-59,50-59,중장년,21,8,0.619048,176.06,8.3838,0.0,4.205,176.06,0,0.000104,0.096503
2026-02-04,60-64,60-69,중장년,14,2,0.857143,10.84,0.7743,0.0,5.42,10.84,0,6e-06,0.005942
2026-02-04,65-69,60-69,고령,46,8,0.826087,48.26,1.0491,0.0,5.1,48.26,0,2.9e-05,0.026453
2026-02-04,70-74,70-79,고령,30,5,0.833333,1063.65,35.455,0.0,34.78,1063.65,0,0.000629,0.583017
2026-02-04,75-79,70-79,고령,8,0,1.0,0.0,0.0,0.0,,0.0,0,0.0,0.0
2026-02-04,80+,80+,고령,12,1,0.916667,4.71,0.3925,0.0,4.71,4.71,0,3e-06,0.002582
2026-02-05,00-09,00-09,아동청소년,29,1,0.965517,16.46,0.5676,0.0,16.46,16.46,0,1e-05,0.028441
2026-02-05,10-14,10-19,아동청소년,19,10,0.473684,67.0,3.5263,4.0,5.72,67.0,0,4e-05,0.115767
2026-02-05,15-19,10-19,아동청소년,9,0,1.0,0.0,0.0,0.0,,0.0,0,0.0,0.0
2026-02-05,20-24,20-29,청년,16,2,0.875,35.75,2.2344,0.0,17.875,35.75,0,2.1e-05,0.061771
2026-02-05,25-29,20-29,청년,3,0,1.0,0.0,0.0,0.0,,0.0,0,0.0,0.0
2026-02-05,30-34,30-39,청년,11,2,0.818182,17.84,1.6218,0.0,8.92,17.84,0,1.1e-05,0.030825
2026-02-05,35-39,30-39,청년,34,9,0.735294,156.82,4.6124,0.0,12.42,156.82,0,9.3e-05,0.270963
2026-02-05,40-44,40-49,중장년,45,11,0.755556,94.35,2.0967,0.0,9.01,94.35,0,5.6e-05,0.163024
2026-02-05,45-49,40-49,중장년,21,6,0.714286,126.16,6.0076,0.0,10.035,126.16,0,7.5e-05,0.217987
2026-02-05,50-54,50-59,중장년,26,2,0.923077,10.49,0.4035,0.0,5.245,10.49,0,6e-06,0.018125
2026-02-05,55-59,50-59,중장년,9,5,0.444444,25.11,2.79,4.25,5.13,25.11,0,1.5e-05,0.043387
2026-02-05,60-64,60-69,중장년,13,3,0.769231,15.64,1.2031,0.0,4.0,15.64,0,9e-06,0.027024
2026-02-05,65-69,60-69,고령,8,0,1.0,0.0,0.0,0.0,,0.0,0,0.0,0.0
2026-02-05,70-74,70-79,고령,10,0,1.0,0.0,0.0,0.0,,0.0,0,0.0,0.0
2026-02-05,75-79,70-79,고령,14,3,0.785714,13.13,0.9379,0.0,4.7,13.13,0,8e-06,0.022687
2026-02-05,80+,80+,고령,17,0,1.0,0.0,0.0,0.0,,0.0,0,0.0,0.0
2026-02-06,00-09,00-09,아동청소년,20,0,1.0,0.0,0.0,0.0,,0.0,0,0.0,0.0
2026-02-06,10-14,10-19,아동청소년,47,12,0.744681,247.59,5.2679,0.0,6.11,95.82,0,0.000146,0.018149
2026-02-06,15-19,10-19,아동청소년,19,4,0.789474,16.01,0.8426,0.0,4.0,16.01,0,9e-06,0.001174
2026-02-06,20-24,20-29,청년,25,10,0.6,162.69,6.5076,0.0,6.425,162.69,0,9.6e-05,0.011925
2026-02-06,25-29,20-29,청년,39,8,0.794872,137.6,3.5282,0.0,9.8,122.82,0,8.1e-05,0.010086
2026-02-06,30-34,30-39,청년,15,4,0.733333,26.74,1.7827,0.0,7.44,26.74,0,1.6e-05,0.00196
2026-02-06,35-39,30-39,청년,38,9,0.763158,6032.25,158.7434,0.0,9.78,99.41,1,0.003569,0.442173
2026-02-06,40-44,40-49,중장년,27,6,0.777778,36.09,1.3367,0.0,6.31,36.09,0,2.1e-05,0.002645
2026-02-06,45-49,40-49,중장년,47,19,0.595745,741.77,15.7823,0.0,7.65,741.77,0,0.000439,0.054373
2026-02-06,50-54,50-59,중장년,40,16,0.6,161.35,4.0337,0.0,6.5,161.35,0,9.5e-05,0.011827
2026-02-06,55-59,50-59,중장년,42,18,0.571429,157.44,3.7486,0.0,7.185,157.44,0,9.3e-05,0.011541
2026-02-06,60-64,60-69,중장년,21,6,0.714286,56.28,2.68,0.0,6.1,56.28,0,3.3e-05,0.004125
2026-02-06,65-69,60-69,고령,23,8,0.652174,65.56,2.8504,0.0,4.195,65.56,0,3.9e-05,0.004806
2026-02-06,70-74,70-79,고령,19,3,0.842105,5763.92,303.3642,0.0,12.0,5763.92,0,0.00341,0.422504
2026-02-06,75-79,70-79,고령,5,0,1.0,0.0,0.0,0.0,,0.0,0,0.0,0.0
2026-02-06,80+,80+,고령,27,2,0.925926,37.01,1.3707,0.0,18.505,37.01,0,2.2e-05,0.002713
2026-02-07,00-09,00-09,아동청소년,28,2,0.928571,62.89,2.2461,0.0,31.445,62.89,0,3.7e-05,0.081829
2026-02-07,10-14,10-19,아동청소년,41,2,0.95122,17.04,0.4156,0.0,8.52,17.04,0,1e-05,0.022172
2026-02-07,15-19,10-19,아동청소년,26,5,0.807692,22.24,0.8554,0.0,3.26,22.24,0,1.3e-05,0.028938
2026-02-07,20-24,20-29,청년,73,11,0.849315,128.17,1.7558,0.0,8.59,128.17,0,7.6e-05,0.166769
2026-02-07,25-29,20-29,청년,40,5,0.875,41.09,1.0272,0.0,5.64,41.09,0,2.4e-05,0.053464
2026-02-07,30-34,30-39,청년,85,11,0.870588,76.67,0.902,0.0,5.57,76.67,0,4.5e-05,0.099759
2026-02-07,35-39,30-39,청년,73,11,0.849315,104.01,1.4248,0.0,6.51,104.01,0,6.2e-05,0.135333
2026-02-07,40-44,40-49,중장년,87,14,0.83908,117.65,1.3523,0.0,5.23,117.65,0,7e-05,0.15308
2026-02-07,45-49,40-49,중장년,73,10,0.863014,63.05,0.8637,0.0,6.23,63.05,0,3.7e-05,0.082038
2026-02-07,50-54,50-59,중장년,19,1,0.947368,7.97,0.4195,0.0,7.97,7.97,0,5e-06,0.01037
2026-02-07,55-59,50-59,중장년,3,0,1.0,0.0,0.0,0.0,,0.0,0,0.0,0.0
2026-02-07,60-64,60-69,중장년,28,7,0.75,106.39,3.7996,0.0,12.0,106.39,0,6.3e-05,0.13843
2026-02-07,65-69,60-69,고령,28,1,0.964286,7.93,0.2832,0.0,7.93,7.93,0,5e-06,0.010318
2026-02-07,70-74,70-79,고령,23,0,1.0,0.0,0.0,0.0,,0.0,0,0.0,0.0
2026-02-07,75-79,70-79,고령,18,2,0.888889,7.45,0.4139,0.0,3.725,7.45,0,4e-06,0.009694
2026-02-07,80+,80+,고령,40,1,0.975,6.0,0.15,0.0,6.0,6.0,0,4e-06,0.007807
2026-02-08,00-09,00-09,아동청소년,56,3,0.946429,87.86,1.5689,0.0,8.8,87.86,0,5.2e-05,0.056905
2026-02-08,10-14,10-19,아동청소년,30,1,0.966667,4.0,0.1333,0.0,4.0,4.0,0,2e-06,0.002591
2026-02-08,15-19,10-19,아동청소년,8,0,1.0,0.0,0.0,0.0,,0.0,0,0.0,0.0
2026-02-08,20-24,20-29,청년,24,10,0.583333,92.24,3.8433,0.0,6.29,92.24,0,5.5e-05,0.059741
2026-02-08,25-29,20-29,청년,66,10,0.848485,107.19,1.6241,0.0,8.355,107.19,0,6.3e-05,0.069424
2026-02-08,30-34,30-39,청년,50,4,0.92,94.43,1.8886,0.0,6.15,94.43,0,5.6e-05,0.06116
2026-02-08,35-39,30-39,청년,31,5,0.83871,45.78,1.4768,0.0,8.65,45.78,0,2.7e-05,0.02965
2026-02-08,40-44,40-49,중장년,55,11,0.8,115.22,2.0949,0.0,6.25,115.22,0,6.8e-05,0.074625
2026-02-08,45-49,40-49,중장년,114,29,0.745614,224.8,1.9719,0.0,6.22,224.8,0,0.000133,0.145597
2026-02-08,50-54,50-59,중장년,37,5,0.864865,431.25,11.6554,0.0,10.72,431.25,0,0.000255,0.279309
2026-02-08,55-59,50-59,중장년,34,8,0.764706,60.45,1.7779,0.0,6.84,60.45,0,3.6e-05,0.039152
2026-02-08,60-64,60-69,중장년,54,9,0.833333,137.33,2.5431,0.0,5.02,137.33,0,8.1e-05,0.088945
2026-02-08,65-69,60-69,고령,27,5,0.814815,24.31,0.9004,0.0,4.38,24.31,0,1.4e-05,0.015745
2026-02-08,70-74,70-79,고령,52,2,0.961538,41.08,0.79,0.0,20.54,41.08,0,2.4e-05,0.026606
2026-02-08,75-79,70-79,고령,73,8,0.890411,68.89,0.9437,0.0,7.18,68.89,0,4.1e-05,0.044618
2026-02-08,80+,80+,고령,78,2,0.974359,9.16,0.1174,0.0,4.58,9.16,0,5e-06,0.005933
2026-02-09,00-09,00-09,아동청소년,13,1,0.923077,7.62,0.5862,0.0,7.62,7.62,0,5e-06,0.01579
2026-02-09,10-14,10-19,아동청소년,29,2,0.931034,20.66,0.7124,0.0,10.33,20.66,0,1.2e-05,0.042812
2026-02-09,15-19,10-19,아동청소년,6,1,0.833333,11.32,1.8867,0.0,11.32,11.32,0,7e-06,0.023457
2026-02-09,20-24,20-29,청년,22,5,0.772727,63.39,2.8814,0.0,10.03,63.39,0,3.8e-05,0.131356
2026-02-09,25-29,20-29,청년,13,2,0.846154,8.0,0.6154,0.0,4.0,8.0,0,5e-06,0.016578
2026-02-09,30-34,30-39,청년,31,7,0.774194,66.2,2.1355,0.0,6.0,66.2,0,3.9e-05,0.137179
2026-02-09,35-39,30-39,청년,14,4,0.714286,143.94,10.2814,0.0,10.295,143.94,0,8.5e-05,0.298272
2026-02-09,40-44,40-49,중장년,16,1,0.9375,3.5,0.2188,0.0,3.5,3.5,0,2e-06,0.007253
2026-02-09,45-49,40-49,중장년,16,1,0.9375,8.51,0.5319,0.0,8.51,8.51,0,5e-06,0.017634
2026-02-09,50-54,50-59,중장년,51,2,0.960784,12.86,0.2522,0.0,6.43,12.86,0,8e-06,0.026648
2026-02-09,55-59,50-59,중장년,10,3,0.7,12.66,1.266,0.0,4.0,12.66,0,7e-06,0.026234
2026-02-09,60-64,60-69,중장년,22,4,0.818182,80.83,3.6741,0.0,4.555,80.83,0,4.8e-05,0.167496
2026-02-09,65-69,60-69,고령,21,4,0.809524,26.08,1.2419,0.0,4.74,26.08,0,1.5e-05,0.054043
2026-02-09,70-74,70-79,고령,8,0,1.0,0.0,0.0,0.0,,0.0,0,0.0,0.0
2026-02-09,75-79,70-79,고령,2,0,1.0,0.0,0.0,0.0,,0.0,0,0.0,0.0
2026-02-09,80+,80+,고령,23,2,0.913043,17.01,0.7396,0.0,8.505,17.01,0,1e-05,0.035248
2026-02-10,00-09,00-09,아동청소년,49,1,0.979592,20.0,0.4082,0.0,20.0,20.0,0,1.2e-05,0.002707
2026-02-10,10-14,10-19,아동청소년,89,8,0.910112,50.12,0.5631,0.0,4.845,50.12,0,3e-05,0.006784
2026-02-10,15-19,10-19,아동청소년,31,4,0.870968,19.12,0.6168,0.0,4.685,19.12,0,1.1e-05,0.002588
2026-02-10,20-24,20-29,청년,69,20,0.710145,110.67,1.6039,0.0,4.43,110.67,0,6.5e-05,0.01498
2026-02-10,25-29,20-29,청년,41,12,0.707317,66.72,1.6273,0.0,4.62,66.72,0,3.9e-05,0.009031
2026-02-10,30-34,30-39,청년,80,14,0.825,69.86,0.8732,0.0,4.64,69.86,0,4.1e-05,0.009456
2026-02-10,35-39,30-39,청년,90,12,0.866667,117.04,1.3004,0.0,10.275,117.04,0,6.9e-05,0.015842
2026-02-10,40-44,40-49,중장년,43,13,0.697674,84.36,1.9619,0.0,5.25,84.36,0,5e-05,0.011419
2026-02-10,45-49,40-49,중장년,62,11,0.822581,106.69,1.7208,0.0,6.48,106.69,0,6.3e-05,0.014441
2026-02-10,50-54,50-59,중장년,51,12,0.764706,81.43,1.5967,0.0,5.945,81.43,0,4.8e-05,0.011022
2026-02-10,55-59,50-59,중장년,21,8,0.619048,3623.34,172.54,0.0,4.08,3623.34,0,0.002144,0.490444
2026-02-10,60-64,60-69,중장년,68,13,0.808824,2786.09,40.9719,0.0,5.29,2786.09,0,0.001648,0.377117
2026-02-10,65-69,60-69,고령,45,16,0.644444,129.19,2.8709,0.0,5.8,129.19,0,7.6e-05,0.017487
2026-02-10,70-74,70-79,고령,64,7,0.890625,38.54,0.6022,0.0,4.81,38.54,0,2.3e-05,0.005217
2026-02-10,75-79,70-79,고령,36,5,0.861111,41.49,1.1525,0.0,6.0,41.49,0,2.5e-05,0.005616
2026-02-10,80+,80+,고령,62,5,0.919355,43.21,0.6969,0.0,7.5,43.21,0,2.6e-05,0.005849
2026-02-11,00-09,00-09,아동청소년,12,1,0.916667,11.66,0.9717,0.0,11.66,11.66,0,7e-06,0.010806
2026-02-11,10-14,10-19,아동청소년,44,6,0.863636,51.09,1.1611,0.0,7.68,51.09,0,3e-05,0.047348
2026-02-11,15-19,10-19,아동청소년,46,5,0.891304,93.24,2.027,0.0,4.7,93.24,0,5.5e-05,0.08641
2026-02-11,20-24,20-29,청년,41,10,0.756098,120.67,2.9432,0.0,6.0,120.67,0,7.1e-05,0.111831
2026-02-11,25-29,20-29,청년,3,0,1.0,0.0,0.0,0.0,,0.0,0,0.0,0.0
2026-02-11,30-34,30-39,청년,23,1,0.956522,52.36,2.2765,0.0,52.36,52.36,0,3.1e-05,0.048525
2026-02-11,35-39,30-39,청년,20,5,0.75,140.95,7.0475,0.0,12.67,140.95,0,8.3e-05,0.130625
2026-02-11,40-44,40-49,중장년,51,12,0.764706,115.53,2.2653,0.0,5.325,115.53,0,6.8e-05,0.107067
2026-02-11,45-49,40-49,중장년,15,0,1.0,0.0,0.0,0.0,,0.0,0,0.0,0.0
2026-02-11,50-54,50-59,중장년,38,9,0.763158,129.38,3.4047,0.0,8.82,129.38,0,7.7e-05,0.119903
2026-02-11,55-59,50-59,중장년,2,1,0.5,8.58,4.29,4.29,8.58,8.58,0,5e-06,0.007952
2026-02-11,60-64,60-69,중장년,47,9,0.808511,87.51,1.8619,0.0,5.64,87.51,0,5.2e-05,0.0811
2026-02-11,65-69,60-69,고령,21,6,0.714286,70.86,3.3743,0.0,4.44,70.86,0,4.2e-05,0.065669
2026-02-11,70-74,70-79,고령,12,1,0.916667,3.68,0.3067,0.0,3.68,3.68,0,2e-06,0.00341
2026-02-11,75-79,70-79,고령,13,0,1.0,0.0,0.0,0.0,,0.0,0,0.0,0.0
2026-02-11,80+,80+,고령,50,4,0.92,193.53,3.8706,0.0,26.695,193.53,0,0.000115,0.179354
2026-02-12,00-09,00-09,아동청소년,6,0,1.0,0.0,0.0,0.0,,0.0,0,0.0,0.0
2026-02-12,10-14,10-19,아동청소년,41,6,0.853659,61.88,1.5093,0.0,11.485,61.88,0,3.7e-05,0.256646
2026-02-12,15-19,10-19,아동청소년,10,0,1.0,0.0,0.0,0.0,,0.0,0,0.0,0.0
2026-02-12,20-24,20-29,청년,22,5,0.772727,32.23,1.465,0.0,4.69,32.23,0,1.9e-05,0.133673
2026-02-12,25-29,20-29,청년,19,1,0.947368,4.0,0.2105,0.0,4.0,4.0,0,2e-06,0.01659
2026-02-12,30-34,30-39,청년,13,5,0.615385,21.76,1.6738,0.0,4.41,21.76,0,1.3e-05,0.090249
2026-02-12,35-39,30-39,청년,28,4,0.857143,44.59,1.5925,0.0,7.215,44.59,0,2.6e-05,0.184936
2026-02-12,40-44,40-49,중장년,21,2,0.904762,18.15,0.8643,0.0,9.075,18.15,0,1.1e-05,0.075277
2026-02-12,45-49,40-49,중장년,11,2,0.818182,9.85,0.8955,0.0,4.925,9.85,0,6e-06,0.040853
2026-02-12,50-54,50-59,중장년,10,3,0.7,11.26,1.126,0.0,4.0,11.26,0,7e-06,0.046701
2026-02-12,55-59,50-59,중장년,1,0,1.0,0.0,0.0,0.0,,0.0,0,0.0,0.0
2026-02-12,60-64,60-69,중장년,9,0,1.0,0.0,0.0,0.0,,0.0,0,0.0,0.0
2026-02-12,65-69,60-69,고령,18,4,0.777778,28.09,1.5606,0.0,5.045,28.09,0,1.7e-05,0.116503
2026-02-12,70-74,70-79,고령,11,0,1.0,0.0,0.0,0.0,,0.0,0,0.0,0.0
2026-02-12,75-79,70-79,고령,8,1,0.875,9.3,1.1625,0.0,9.3,9.3,0,6e-06,0.038572
2026-02-12,80+,80+,고령,16,0,1.0,0.0,0.0,0.0,,0.0,0,0.0,0.0
2026-02-13,00-09,00-09,아동청소년,21,4,0.809524,50.23,2.3919,0.0,12.695,50.23,0,3e-05,0.005346
2026-02-13,10-14,10-19,아동청소년,16,6,0.625,26.51,1.6569,0.0,4.185,26.51,0,1.6e-05,0.002821
2026-02-13,15-19,10-19,아동청소년,26,10,0.615385,132.18,5.0838,0.0,6.4,132.18,0,7.8e-05,0.014067
2026-02-13,20-24,20-29,청년,33,16,0.515152,86.35,2.6167,0.0,5.415,86.35,0,5.1e-05,0.00919
2026-02-13,25-29,20-29,청년,20,7,0.65,39.55,1.9775,0.0,4.04,39.55,0,2.3e-05,0.004209
2026-02-13,30-34,30-39,청년,33,10,0.69697,74.6,2.2606,0.0,5.625,74.6,0,4.4e-05,0.007939
2026-02-13,35-39,30-39,청년,75,27,0.64,3343.97,44.5863,0.0,8.8,3343.97,0,0.001978,0.355877
2026-02-13,40-44,40-49,중장년,41,18,0.560976,148.68,3.6263,0.0,6.665,148.68,0,8.8e-05,0.015823
2026-02-13,45-49,40-49,중장년,36,16,0.555556,103.56,2.8767,0.0,6.45,103.56,0,6.1e-05,0.011021
2026-02-13,50-54,50-59,중장년,22,10,0.545455,124.04,5.6382,0.0,8.005,124.04,0,7.3e-05,0.013201
2026-02-13,55-59,50-59,중장년,15,10,0.333333,3144.6,209.64,4.0,5.485,3144.6,0,0.001861,0.334659
2026-02-13,60-64,60-69,중장년,23,8,0.652174,1920.48,83.4991,0.0,9.84,1920.48,0,0.001136,0.204384
2026-02-13,65-69,60-69,고령,15,5,0.666667,44.71,2.9807,0.0,4.22,44.71,0,2.6e-05,0.004758
2026-02-13,70-74,70-79,고령,16,4,0.75,36.69,2.2931,0.0,5.885,36.69,0,2.2e-05,0.003905
2026-02-13,75-79,70-79,고령,10,4,0.6,45.29,4.529,0.0,10.1,45.29,0,2.7e-05,0.00482
2026-02-13,80+,80+,고령,36,5,0.861111,74.98,2.0828,0.0,12.36,74.98,0,4.4e-05,0.00798
2026-02-14,00-09,00-09,아동청소년,21,4,0.809524,30.87,1.47,0.0,7.95,30.87,0,1.8e-05,0.006962
2026-02-14,10-14,10-19,아동청소년,33,6,0.818182,65.76,1.9927,0.0,11.56,65.76,0,3.9e-05,0.01483
2026-02-14,15-19,10-19,아동청소년,16,2,0.875,240.8,15.05,0.0,120.4,240.8,0,0.000142,0.054306
2026-02-14,20-24,20-29,청년,21,5,0.761905,42.27,2.0129,0.0,4.01,42.27,0,2.5e-05,0.009533
2026-02-14,25-29,20-29,청년,15,4,0.733333,31.43,2.0953,0.0,5.185,31.43,0,1.9e-05,0.007088
2026-02-14,30-34,30-39,청년,12,3,0.75,11.74,0.9783,0.0,4.0,11.74,0,7e-06,0.002648
2026-02-14,35-39,30-39,청년,29,8,0.724138,3522.25,121.4569,0.0,14.69,3522.25,0,0.002084,0.794343
2026-02-14,40-44,40-49,중장년,40,8,0.8,126.81,3.1703,0.0,7.075,126.81,0,7.5e-05,0.028598
2026-02-14,45-49,40-49,중장년,44,17,0.613636,136.63,3.1052,0.0,7.6,136.63,0,8.1e-05,0.030813
2026-02-14,50-54,50-59,중장년,62,8,0.870968,71.65,1.1556,0.0,7.81,71.65,0,4.2e-05,0.016159
2026-02-14,55-59,50-59,중장년,16,7,0.5625,30.82,1.9262,0.0,4.28,30.82,0,1.8e-05,0.006951
2026-02-14,60-64,60-69,중장년,21,5,0.761905,28.72,1.3676,0.0,4.84,28.72,0,1.7e-05,0.006477
2026-02-14,65-69,60-69,고령,7,3,0.571429,31.68,4.5257,0.0,5.87,31.68,0,1.9e-05,0.007145
2026-02-14,70-74,70-79,고령,19,4,0.789474,41.47,2.1826,0.0,8.0,41.47,0,2.5e-05,0.009352
2026-02-14,75-79,70-79,고령,4,0,1.0,0.0,0.0,0.0,,0.0,0,0.0,0.0
2026-02-14,80+,80+,고령,27,2,0.925926,21.27,0.7878,0.0,10.635,21.27,0,1.3e-05,0.004797
2026-02-15,00-09,00-09,아동청소년,28,5,0.821429,160.66,5.7379,0.0,8.75,160.66,0,9.5e-05,0.004402
2026-02-15,10-14,10-19,아동청소년,56,18,0.678571,2453.47,43.812,0.0,13.54,620.08,0,0.001452,0.067225
2026-02-15,15-19,10-19,아동청소년,6,1,0.833333,10.0,1.6667,0.0,10.0,10.0,0,6e-06,0.000274
2026-02-15,20-24,20-29,청년,39,20,0.487179,2144.27,54.9813,3.15,11.385,2097.4,0,0.001269,0.058753
2026-02-15,25-29,20-29,청년,10,8,0.2,115.17,11.517,8.93,9.98,66.01,0,6.8e-05,0.003156
2026-02-15,30-34,30-39,청년,37,20,0.459459,5948.69,160.7754,3.93,8.985,5912.11,0,0.00352,0.162994
2026-02-15,35-39,30-39,청년,35,18,0.485714,4475.45,127.87,3.12,15.715,2786.85,0,0.002648,0.122627
2026-02-15,40-44,40-49,중장년,35,20,0.428571,4367.44,124.784,3.82,9.455,3500.38,0,0.002584,0.119668
2026-02-15,45-49,40-49,중장년,41,21,0.487805,3946.61,96.2588,3.48,8.0,3897.78,0,0.002335,0.108137
2026-02-15,50-54,50-59,중장년,51,26,0.490196,2032.52,39.8533,4.0,8.815,293.71,0,0.001203,0.055691
2026-02-15,55-59,50-59,중장년,6,4,0.333333,4223.75,703.9583,7.06,11.0,26.12,0,0.002499,0.115731
2026-02-15,60-64,60-69,중장년,12,3,0.75,820.72,68.3933,0.0,287.03,820.72,0,0.000486,0.022488
2026-02-15,65-69,60-69,고령,34,21,0.382353,1251.99,36.8232,4.98,8.0,188.3,0,0.000741,0.034304
2026-02-15,70-74,70-79,고령,18,7,0.611111,1741.7,96.7611,0.0,18.83,120.59,0,0.00103,0.047723
2026-02-15,75-79,70-79,고령,6,3,0.5,37.58,6.2633,4.55,14.01,37.58,0,2.2e-05,0.00103
2026-02-15,80+,80+,고령,25,4,0.84,2766.38,110.6552,0.0,10.875,25.32,0,0.001637,0.075799
2026-02-16,00-09,00-09,아동청소년,51,11,0.784314,188.26,3.6914,0.0,8.27,188.26,0,0.000111,0.032884
2026-02-16,10-14,10-19,아동청소년,41,9,0.780488,112.53,2.7446,0.0,11.06,112.53,0,6.7e-05,0.019656
2026-02-16,15-19,10-19,아동청소년,21,3,0.857143,21.34,1.0162,0.0,8.0,21.34,0,1.3e-05,0.003728
2026-02-16,20-24,20-29,청년,31,13,0.580645,188.15,6.0694,0.0,11.6,188.15,0,0.000111,0.032865
2026-02-16,25-29,20-29,청년,15,5,0.666667,43.49,2.8993,0.0,6.34,43.49,0,2.6e-05,0.007597
2026-02-16,30-34,30-39,청년,14,1,0.928571,3.04,0.2171,0.0,3.04,3.04,0,2e-06,0.000531
2026-02-16,35-39,30-39,청년,49,13,0.734694,2783.64,56.809,0.0,8.35,2783.64,0,0.001647,0.486228
2026-02-16,40-44,40-49,중장년,41,14,0.658537,146.49,3.5729,0.0,9.38,146.49,0,8.7e-05,0.025588
2026-02-16,45-49,40-49,중장년,62,26,0.580645,199.63,3.2198,0.0,8.0,199.63,0,0.000118,0.03487
2026-02-16,50-54,50-59,중장년,23,9,0.608696,155.1,6.7435,0.0,16.17,155.1,0,9.2e-05,0.027092
2026-02-16,55-59,50-59,중장년,19,12,0.368421,1421.35,74.8079,4.0,10.235,1421.35,0,0.000841,0.248272
2026-02-16,60-64,60-69,중장년,24,11,0.541667,250.41,10.4338,0.0,12.97,250.41,0,0.000148,0.04374
2026-02-16,65-69,60-69,고령,22,7,0.681818,52.55,2.3886,0.0,4.78,52.55,0,3.1e-05,0.009179
2026-02-16,70-74,70-79,고령,29,4,0.862069,145.73,5.0252,0.0,36.645,145.73,0,8.6e-05,0.025455
2026-02-16,75-79,70-79,고령,12,1,0.916667,7.59,0.6325,0.0,7.59,7.59,0,4e-06,0.001326
2026-02-16,80+,80+,고령,11,1,0.909091,5.67,0.5155,0.0,5.67,5.67,0,3e-06,0.00099
2026-02-17,00-09,00-09,아동청소년,21,7,0.666667,6122.41,291.5433,0.0,9.91,4503.04,0,0.003622,0.156715
2026-02-17,10-14,10-19,아동청소년,82,25,0.695122,5642.16,68.8068,0.0,12.38,2873.03,0,0.003338,0.144422
2026-02-17,15-19,10-19,아동청소년,9,4,0.555556,162.71,18.0789,0.0,15.37,11.42,0,9.6e-05,0.004165
2026-02-17,20-24,20-29,청년,80,28,0.65,1300.91,16.2614,0.0,8.56,298.62,0,0.00077,0.033299
2026-02-17,25-29,20-29,청년,18,8,0.555556,196.64,10.9244,0.0,9.515,94.21,0,0.000116,0.005033
2026-02-17,30-34,30-39,청년,40,14,0.65,178.32,4.458,0.0,5.975,80.29,0,0.000106,0.004564
2026-02-17,35-39,30-39,청년,58,24,0.586207,4287.61,73.9243,0.0,14.32,468.79,0,0.002537,0.10975
2026-02-17,40-44,40-49,중장년,63,28,0.555556,2466.49,39.1506,0.0,9.895,368.7,0,0.001459,0.063135
2026-02-17,45-49,40-49,중장년,49,21,0.571429,4787.18,97.6976,0.0,8.34,208.43,0,0.002832,0.122537
2026-02-17,50-54,50-59,중장년,79,28,0.64557,2710.53,34.3105,0.0,9.825,331.59,0,0.001604,0.069381
2026-02-17,55-59,50-59,중장년,11,7,0.363636,8244.89,749.5355,4.31,19.0,62.11,0,0.004878,0.211044
2026-02-17,60-64,60-69,중장년,20,10,0.5,86.46,4.323,1.565,5.07,86.46,0,5.1e-05,0.002213
2026-02-17,65-69,60-69,고령,28,13,0.535714,2787.79,99.5639,0.0,19.67,227.69,0,0.001649,0.071359
2026-02-17,70-74,70-79,고령,18,5,0.722222,85.68,4.76,0.0,16.77,60.74,0,5.1e-05,0.002193
2026-02-17,75-79,70-79,고령,4,0,1.0,0.0,0.0,0.0,,0.0,0,0.0,0.0
2026-02-17,80+,80+,고령,38,2,0.947368,7.41,0.195,0.0,3.705,7.41,0,4e-06,0.00019
2026-02-18,00-09,00-09,아동청소년,14,2,0.857143,29.5,2.1071,0.0,14.75,29.5,0,1.7e-05,0.001992
2026-02-18,10-14,10-19,아동청소년,34,6,0.823529,44.64,1.3129,0.0,8.0,44.64,0,2.6e-05,0.003015
2026-02-18,15-19,10-19,아동청소년,51,13,0.745098,172.41,3.3806,0.0,8.6,172.41,0,0.000102,0.011643
2026-02-18,20-24,20-29,청년,21,8,0.619048,64.75,3.0833,0.0,7.92,64.75,0,3.8e-05,0.004373
2026-02-18,25-29,20-29,청년,20,5,0.75,44.44,2.222,0.0,8.29,44.44,0,2.6e-05,0.003001
2026-02-18,30-34,30-39,청년,20,6,0.7,186.93,9.3465,0.0,7.665,36.6,0,0.000111,0.012624
2026-02-18,35-39,30-39,청년,45,17,0.622222,5324.99,118.3331,0.0,8.61,5324.99,0,0.003151,0.359614
2026-02-18,40-44,40-49,중장년,65,37,0.430769,8120.57,124.9318,3.32,6.66,8120.57,0,0.004805,0.548408
2026-02-18,45-49,40-49,중장년,25,12,0.52,148.37,5.9348,0.0,7.405,148.37,0,8.8e-05,0.01002
2026-02-18,50-54,50-59,중장년,20,10,0.5,142.53,7.1265,3.165,8.855,142.53,0,8.4e-05,0.009626
2026-02-18,55-59,50-59,중장년,15,11,0.266667,103.28,6.8853,5.44,5.58,103.28,0,6.1e-05,0.006975
2026-02-18,60-64,60-69,중장년,8,1,0.875,3.17,0.3962,0.0,3.17,3.17,0,2e-06,0.000214
2026-02-18,65-69,60-69,고령,32,17,0.46875,118.91,3.7159,3.0,4.11,118.91,0,7e-05,0.00803
2026-02-18,70-74,70-79,고령,47,13,0.723404,200.34,4.2626,0.0,12.49,200.34,0,0.000119,0.01353
2026-02-18,75-79,70-79,고령,16,4,0.75,96.7,6.0438,0.0,22.045,96.7,0,5.7e-05,0.00653
2026-02-18,80+,80+,고령,16,1,0.9375,6.0,0.375,0.0,6.0,6.0,0,4e-06,0.000405
2026-02-19,00-09,00-09,아동청소년,25,4,0.84,16.71,0.6684,0.0,4.085,16.71,0,1e-05,0.001147
2026-02-19,10-14,10-19,아동청소년,50,11,0.78,77.49,1.5498,0.0,4.94,77.49,0,4.6e-05,0.005318
2026-02-19,15-19,10-19,아동청소년,26,3,0.884615,12.93,0.4973,0.0,4.66,12.93,0,8e-06,0.000887
2026-02-19,20-24,20-29,청년,30,14,0.533333,93.38,3.1127,0.0,4.62,93.38,0,5.5e-05,0.006408
2026-02-19,25-29,20-29,청년,27,7,0.740741,87.91,3.2559,0.0,4.29,84.89,0,5.2e-05,0.006033
2026-02-19,30-34,30-39,청년,13,0,1.0,0.0,0.0,0.0,,0.0,0,0.0,0.0
2026-02-19,35-39,30-39,청년,27,4,0.851852,3004.41,111.2744,0.0,5.39,3004.41,0,0.001778,0.206176
2026-02-19,40-44,40-49,중장년,40,11,0.725,4438.14,110.9535,0.0,6.36,4438.14,0,0.002626,0.304565
2026-02-19,45-49,40-49,중장년,106,23,0.783019,473.92,4.4709,0.0,8.0,305.23,0,0.00028,0.032523
2026-02-19,50-54,50-59,중장년,21,5,0.761905,33.28,1.5848,0.0,7.99,33.28,0,2e-05,0.002284
2026-02-19,55-59,50-59,중장년,26,13,0.5,103.41,3.9773,2.0,6.14,103.41,0,6.1e-05,0.007096
2026-02-19,60-64,60-69,중장년,56,9,0.839286,240.18,4.2889,0.0,6.0,70.97,0,0.000142,0.016482
2026-02-19,65-69,60-69,고령,16,4,0.75,21.49,1.3431,0.0,4.63,21.49,0,1.3e-05,0.001475
2026-02-19,70-74,70-79,고령,15,4,0.733333,5947.4,396.4933,0.0,5.715,5947.4,1,0.003519,0.408137
2026-02-19,75-79,70-79,고령,19,2,0.894737,21.4,1.1263,0.0,10.7,21.4,0,1.3e-05,0.001469
2026-02-19,80+,80+,고령,13,0,1.0,0.0,0.0,0.0,,0.0,0,0.0,0.0
2026-02-20,00-09,00-09,아동청소년,31,5,0.83871,62.01,2.0003,0.0,8.14,62.01,0,3.7e-05,0.002321
2026-02-20,10-14,10-19,아동청소년,18,4,0.777778,339.77,18.8761,0.0,8.575,339.77,0,0.000201,0.012715
2026-02-20,15-19,10-19,아동청소년,4,0,1.0,0.0,0.0,0.0,,0.0,0,0.0,0.0
2026-02-20,20-24,20-29,청년,53,18,0.660377,5462.24,103.0611,0.0,5.625,5462.24,0,0.003232,0.204416
2026-02-20,25-29,20-29,청년,7,1,0.857143,3.84,0.5486,0.0,3.84,3.84,0,2e-06,0.000144
2026-02-20,30-34,30-39,청년,26,7,0.730769,68.47,2.6335,0.0,5.04,68.47,0,4.1e-05,0.002562
2026-02-20,35-39,30-39,청년,45,16,0.644444,3349.05,74.4233,0.0,14.45,3349.05,0,0.001982,0.125333
2026-02-20,40-44,40-49,중장년,39,13,0.666667,993.47,25.4736,0.0,7.49,993.47,0,0.000588,0.037179
2026-02-20,45-49,40-49,중장년,29,9,0.689655,991.4,34.1862,0.0,15.61,991.4,0,0.000587,0.037102
2026-02-20,50-54,50-59,중장년,25,8,0.68,6087.1,243.484,0.0,11.69,6087.1,1,0.003601,0.2278
2026-02-20,55-59,50-59,중장년,17,13,0.235294,5842.57,343.6806,4.66,4.74,5842.57,0,0.003457,0.218649
2026-02-20,60-64,60-69,중장년,20,5,0.75,109.46,5.473,0.0,27.92,109.46,0,6.5e-05,0.004096
2026-02-20,65-69,60-69,고령,43,19,0.55814,217.7,5.0628,0.0,4.59,217.7,0,0.000129,0.008147
2026-02-20,70-74,70-79,고령,5,1,0.8,4.0,0.8,0.0,4.0,4.0,0,2e-06,0.00015
2026-02-20,75-79,70-79,고령,26,9,0.653846,3168.07,121.8488,0.0,9.91,3168.07,0,0.001874,0.11856
2026-02-20,80+,80+,고령,52,3,0.942308,22.1,0.425,0.0,4.84,22.1,0,1.3e-05,0.000827
2026-02-21,00-09,00-09,아동청소년,26,0,1.0,0.0,0.0,0.0,,0.0,0,0.0,0.0
2026-02-21,10-14,10-19,아동청소년,27,4,0.851852,41.72,1.5452,0.0,10.835,41.72,0,2.5e-05,0.05422
2026-02-21,15-19,10-19,아동청소년,28,4,0.857143,21.7,0.775,0.0,5.545,21.7,0,1.3e-05,0.028202
2026-02-21,20-24,20-29,청년,25,7,0.72,44.74,1.7896,0.0,4.0,44.74,0,2.6e-05,0.058145
2026-02-21,25-29,20-29,청년,10,1,0.9,22.36,2.236,0.0,22.36,22.36,0,1.3e-05,0.029059
2026-02-21,30-34,30-39,청년,15,3,0.8,15.71,1.0473,0.0,4.42,15.71,0,9e-06,0.020417
2026-02-21,35-39,30-39,청년,28,4,0.857143,79.4,2.8357,0.0,5.42,79.4,0,4.7e-05,0.103189
2026-02-21,40-44,40-49,중장년,34,7,0.794118,29.72,0.8741,0.0,4.25,29.72,0,1.8e-05,0.038624
2026-02-21,45-49,40-49,중장년,52,10,0.807692,61.3,1.1788,0.0,6.31,61.3,0,3.6e-05,0.079666
2026-02-21,50-54,50-59,중장년,27,4,0.851852,29.91,1.1078,0.0,7.725,29.91,0,1.8e-05,0.038871
2026-02-21,55-59,50-59,중장년,9,3,0.666667,17.93,1.9922,0.0,4.93,17.93,0,1.1e-05,0.023302
2026-02-21,60-64,60-69,중장년,15,4,0.733333,13.04,0.8693,0.0,3.02,13.04,0,8e-06,0.016947
2026-02-21,65-69,60-69,고령,35,10,0.714286,368.05,10.5157,0.0,4.3,368.05,0,0.000218,0.478322
2026-02-21,70-74,70-79,고령,27,2,0.925926,11.82,0.4378,0.0,5.91,11.82,0,7e-06,0.015361
2026-02-21,75-79,70-79,고령,15,1,0.933333,6.06,0.404,0.0,6.06,6.06,0,4e-06,0.007876
2026-02-21,80+,80+,고령,28,1,0.964286,6.0,0.2143,0.0,6.0,6.0,0,4e-06,0.007798
2026-02-22,00-09,00-09,아동청소년,16,1,0.9375,12.12,0.7575,0.0,12.12,12.12,0,7e-06,0.009517
2026-02-22,10-14,10-19,아동청소년,58,7,0.87931,37.98,0.6548,0.0,5.33,37.98,0,2.2e-05,0.029824
2026-02-22,15-19,10-19,아동청소년,42,4,0.904762,470.41,11.2002,0.0,30.515,470.41,0,0.000278,0.369395
2026-02-22,20-24,20-29,청년,35,7,0.8,63.61,1.8174,0.0,6.88,63.61,0,3.8e-05,0.049951
2026-02-22,25-29,20-29,청년,12,1,0.916667,4.06,0.3383,0.0,4.06,4.06,0,2e-06,0.003188
2026-02-22,30-34,30-39,청년,18,3,0.833333,15.21,0.845,0.0,5.04,15.21,0,9e-06,0.011944
2026-02-22,35-39,30-39,청년,43,7,0.837209,66.84,1.5544,0.0,5.93,66.84,0,4e-05,0.052487
2026-02-22,40-44,40-49,중장년,59,13,0.779661,109.82,1.8614,0.0,6.51,109.82,0,6.5e-05,0.086237
2026-02-22,45-49,40-49,중장년,31,5,0.83871,37.07,1.1958,0.0,8.55,37.07,0,2.2e-05,0.02911
2026-02-22,50-54,50-59,중장년,17,2,0.882353,12.17,0.7159,0.0,6.085,12.17,0,7e-06,0.009557
2026-02-22,55-59,50-59,중장년,9,3,0.666667,15.23,1.6922,0.0,5.34,15.23,0,9e-06,0.01196
2026-02-22,60-64,60-69,중장년,33,3,0.909091,15.81,0.4791,0.0,5.34,15.81,0,9e-06,0.012415
2026-02-22,65-69,60-69,고령,36,6,0.833333,183.6,5.1,0.0,9.155,183.6,0,0.000109,0.144174
2026-02-22,70-74,70-79,고령,20,1,0.95,38.63,1.9315,0.0,38.63,38.63,0,2.3e-05,0.030335
2026-02-22,75-79,70-79,고령,29,2,0.931034,190.9,6.5828,0.0,95.45,190.9,0,0.000113,0.149907
2026-02-22,80+,80+,고령,30,0,1.0,0.0,0.0,0.0,,0.0,0,0.0,0.0
2026-02-23,00-09,00-09,아동청소년,9,1,0.888889,26.86,2.9844,0.0,26.86,26.86,0,1.6e-05,0.005964
2026-02-23,10-14,10-19,아동청소년,25,4,0.84,41.3,1.652,0.0,6.305,41.3,0,2.4e-05,0.009171
2026-02-23,15-19,10-19,아동청소년,9,1,0.888889,7.47,0.83,0.0,7.47,7.47,0,4e-06,0.001659
2026-02-23,20-24,20-29,청년,24,8,0.666667,56.32,2.3467,0.0,5.255,56.32,0,3.3e-05,0.012506
2026-02-23,25-29,20-29,청년,8,3,0.625,16.06,2.0075,0.0,5.67,16.06,0,1e-05,0.003566
2026-02-23,30-34,30-39,청년,17,5,0.705882,37.46,2.2035,0.0,4.18,37.46,0,2.2e-05,0.008318
2026-02-23,35-39,30-39,청년,8,1,0.875,137.51,17.1888,0.0,137.51,137.51,0,8.1e-05,0.030535
2026-02-23,40-44,40-49,중장년,34,11,0.676471,127.95,3.7632,0.0,6.9,127.95,0,7.6e-05,0.028412
2026-02-23,45-49,40-49,중장년,14,8,0.428571,35.31,2.5221,3.325,4.0,35.31,0,2.1e-05,0.007841
2026-02-23,50-54,50-59,중장년,41,14,0.658537,108.52,2.6468,0.0,6.83,108.52,0,6.4e-05,0.024098
2026-02-23,55-59,50-59,중장년,16,9,0.4375,35.44,2.215,3.05,4.0,35.44,0,2.1e-05,0.00787
2026-02-23,60-64,60-69,중장년,26,12,0.538462,81.5,3.1346,0.0,5.135,81.5,0,4.8e-05,0.018098
2026-02-23,65-69,60-69,고령,3,1,0.666667,5.28,1.76,0.0,5.28,5.28,0,3e-06,0.001172
2026-02-23,70-74,70-79,고령,3,1,0.666667,29.06,9.6867,0.0,29.06,29.06,0,1.7e-05,0.006453
2026-02-23,75-79,70-79,고령,13,1,0.923077,10.98,0.8446,0.0,10.98,10.98,0,6e-06,0.002438
2026-02-23,80+,80+,고령,19,1,0.947368,3746.34,197.1758,0.0,3746.34,3746.34,0,0.002217,0.831899
2026-02-24,00-09,00-09,아동청소년,145,21,0.855172,161.21,1.1118,0.0,6.6,161.21,0,9.5e-05,0.03164
2026-02-24,10-14,10-19,아동청소년,37,5,0.864865,38.1,1.0297,0.0,5.43,38.1,0,2.3e-05,0.007478
2026-02-24,15-19,10-19,아동청소년,30,4,0.866667,140.69,4.6897,0.0,10.76,140.69,0,8.3e-05,0.027613
2026-02-24,20-24,20-29,청년,37,12,0.675676,132.34,3.5768,0.0,7.0,132.34,0,7.8e-05,0.025974
2026-02-24,25-29,20-29,청년,27,13,0.518519,113.33,4.1974,0.0,6.0,113.33,0,6.7e-05,0.022243
2026-02-24,30-34,30-39,청년,50,19,0.62,162.18,3.2436,0.0,6.0,162.18,0,9.6e-05,0.031831
2026-02-24,35-39,30-39,청년,39,13,0.666667,469.05,12.0269,0.0,8.32,469.05,0,0.000278,0.092059
2026-02-24,40-44,40-49,중장년,31,12,0.612903,221.56,7.1471,0.0,8.285,221.56,0,0.000131,0.043485
2026-02-24,45-49,40-49,중장년,15,3,0.8,27.34,1.8227,0.0,7.7,27.34,0,1.6e-05,0.005366
2026-02-24,50-54,50-59,중장년,32,13,0.59375,142.56,4.455,0.0,9.73,142.56,0,8.4e-05,0.02798
2026-02-24,55-59,50-59,중장년,6,4,0.333333,21.33,3.555,4.69,5.585,21.33,0,1.3e-05,0.004186
2026-02-24,60-64,60-69,중장년,13,3,0.769231,808.16,62.1662,0.0,13.95,808.16,0,0.000478,0.158616
2026-02-24,65-69,60-69,고령,60,26,0.566667,291.85,4.8642,0.0,8.075,291.85,0,0.000173,0.057281
2026-02-24,70-74,70-79,고령,14,1,0.928571,4.7,0.3357,0.0,4.7,4.7,0,3e-06,0.000922
2026-02-24,75-79,70-79,고령,23,2,0.913043,89.19,3.8778,0.0,44.595,89.19,0,5.3e-05,0.017505
2026-02-24,80+,80+,고령,35,4,0.885714,2271.49,64.8997,0.0,154.535,2271.49,0,0.001344,0.44582
2026-02-25,00-09,00-09,아동청소년,36,3,0.916667,40.73,1.1314,0.0,12.07,40.73,0,2.4e-05,0.005953
2026-02-25,10-14,10-19,아동청소년,54,5,0.907407,78.53,1.4543,0.0,10.4,78.53,0,4.6e-05,0.011477
2026-02-25,15-19,10-19,아동청소년,30,5,0.833333,161.2,5.3733,0.0,8.32,161.2,0,9.5e-05,0.023559
2026-02-25,20-24,20-29,청년,43,7,0.837209,42.32,0.9842,0.0,4.27,42.32,0,2.5e-05,0.006185
2026-02-25,25-29,20-29,청년,33,2,0.939394,12.84,0.3891,0.0,6.42,12.84,0,8e-06,0.001877
2026-02-25,30-34,30-39,청년,24,4,0.833333,68.83,2.8679,0.0,10.285,68.83,0,4.1e-05,0.010059
2026-02-25,35-39,30-39,청년,57,6,0.894737,5222.43,91.6216,0.0,30.765,5222.43,0,0.00309,0.763236
2026-02-25,40-44,40-49,중장년,45,12,0.733333,1035.32,23.0071,0.0,8.5,1035.32,0,0.000613,0.151308
2026-02-25,45-49,40-49,중장년,41,7,0.829268,59.24,1.4449,0.0,8.33,59.24,0,3.5e-05,0.008658
2026-02-25,50-54,50-59,중장년,11,1,0.909091,34.67,3.1518,0.0,34.67,34.67,0,2.1e-05,0.005067
2026-02-25,55-59,50-59,중장년,8,4,0.5,21.0,2.625,1.67,5.0,21.0,0,1.2e-05,0.003069
2026-02-25,60-64,60-69,중장년,29,4,0.862069,31.77,1.0955,0.0,4.56,31.77,0,1.9e-05,0.004643
2026-02-25,65-69,60-69,고령,12,5,0.583333,19.35,1.6125,0.0,4.0,19.35,0,1.1e-05,0.002828
2026-02-25,70-74,70-79,고령,23,1,0.956522,6.76,0.2939,0.0,6.76,6.76,0,4e-06,0.000988
2026-02-25,75-79,70-79,고령,20,1,0.95,7.49,0.3745,0.0,7.49,7.49,0,4e-06,0.001095
2026-02-25,80+,80+,고령,27,0,1.0,0.0,0.0,0.0,,0.0,0,0.0,0.0
2026-02-26,00-09,00-09,아동청소년,19,1,0.947368,11.91,0.6268,0.0,11.91,11.91,0,7e-06,0.00325
2026-02-26,10-14,10-19,아동청소년,46,2,0.956522,17.61,0.3828,0.0,8.805,17.61,0,1e-05,0.004805
2026-02-26,15-19,10-19,아동청소년,21,4,0.809524,17.28,0.8229,0.0,3.895,17.28,0,1e-05,0.004715
2026-02-26,20-24,20-29,청년,47,13,0.723404,144.68,3.0783,0.0,5.63,144.68,0,8.6e-05,0.039475
2026-02-26,25-29,20-29,청년,10,2,0.8,8.33,0.833,0.0,4.165,8.33,0,5e-06,0.002273
2026-02-26,30-34,30-39,청년,41,3,0.926829,67.69,1.651,0.0,13.09,67.69,0,4e-05,0.018469
2026-02-26,35-39,30-39,청년,18,3,0.833333,11.4,0.6333,0.0,4.1,11.4,0,7e-06,0.00311
2026-02-26,40-44,40-49,중장년,28,12,0.571429,200.12,7.1471,0.0,6.185,200.12,0,0.000118,0.054602
2026-02-26,45-49,40-49,중장년,9,4,0.555556,48.37,5.3744,0.0,11.0,48.37,0,2.9e-05,0.013198
2026-02-26,50-54,50-59,중장년,49,4,0.918367,59.61,1.2165,0.0,7.895,59.61,0,3.5e-05,0.016264
2026-02-26,55-59,50-59,중장년,2,1,0.5,4.15,2.075,2.075,4.15,4.15,0,2e-06,0.001132
2026-02-26,60-64,60-69,중장년,23,2,0.913043,8.42,0.3661,0.0,4.21,8.42,0,5e-06,0.002297
2026-02-26,65-69,60-69,고령,22,5,0.772727,30.95,1.4068,0.0,4.39,30.95,0,1.8e-05,0.008445
2026-02-26,70-74,70-79,고령,24,3,0.875,3001.36,125.0567,0.0,14.7,3001.36,0,0.001776,0.818907
2026-02-26,75-79,70-79,고령,18,5,0.722222,33.2,1.8444,0.0,5.57,33.2,0,2e-05,0.009058
2026-02-26,80+,80+,고령,26,0,1.0,0.0,0.0,0.0,,0.0,0,0.0,0.0
2026-02-27,00-09,00-09,아동청소년,17,2,0.882353,19.48,1.1459,0.0,9.74,19.48,0,1.2e-05,0.00127
2026-02-27,10-14,10-19,아동청소년,44,9,0.795455,73.11,1.6616,0.0,5.03,49.51,0,4.3e-05,0.004765
2026-02-27,15-19,10-19,아동청소년,12,3,0.75,19.62,1.635,0.0,4.71,19.62,0,1.2e-05,0.001279
2026-02-27,20-24,20-29,청년,34,13,0.617647,418.91,12.3209,0.0,6.0,418.91,0,0.000248,0.027304
2026-02-27,25-29,20-29,청년,36,11,0.694444,54.42,1.5117,0.0,4.48,54.42,0,3.2e-05,0.003547
2026-02-27,30-34,30-39,청년,55,14,0.745455,140.95,2.5627,0.0,6.19,140.95,0,8.3e-05,0.009187
2026-02-27,35-39,30-39,청년,27,10,0.62963,2367.28,87.677,0.0,26.44,2367.28,0,0.001401,0.154295
2026-02-27,40-44,40-49,중장년,44,13,0.704545,5912.94,134.385,0.0,6.32,5912.94,0,0.003498,0.385394
2026-02-27,45-49,40-49,중장년,53,8,0.849057,45.01,0.8492,0.0,5.05,45.01,0,2.7e-05,0.002934
2026-02-27,50-54,50-59,중장년,31,14,0.548387,5925.24,191.1368,0.0,6.05,5925.24,0,0.003506,0.386196
2026-02-27,55-59,50-59,중장년,23,10,0.565217,180.46,7.8461,0.0,8.055,180.46,0,0.000107,0.011762
2026-02-27,60-64,60-69,중장년,29,7,0.758621,32.46,1.1193,0.0,4.25,32.46,0,1.9e-05,0.002116
2026-02-27,65-69,60-69,고령,9,4,0.555556,29.04,3.2267,0.0,7.02,29.04,0,1.7e-05,0.001893
2026-02-27,70-74,70-79,고령,31,5,0.83871,94.42,3.0458,0.0,6.17,94.42,0,5.6e-05,0.006154
2026-02-27,75-79,70-79,고령,18,2,0.888889,15.62,0.8678,0.0,7.81,15.62,0,9e-06,0.001018
2026-02-27,80+,80+,고령,32,2,0.9375,13.61,0.4253,0.0,6.805,13.61,0,8e-06,0.000887
2026-02-28,00-09,00-09,아동청소년,63,9,0.857143,1523.24,24.1784,0.0,8.23,1523.24,0,0.000901,0.088899
2026-02-28,10-14,10-19,아동청소년,42,9,0.785714,97.16,2.3133,0.0,10.5,97.16,0,5.7e-05,0.00567
2026-02-28,15-19,10-19,아동청소년,47,9,0.808511,52.44,1.1157,0.0,4.98,52.44,0,3.1e-05,0.00306
2026-02-28,20-24,20-29,청년,65,20,0.692308,141.09,2.1706,0.0,4.745,141.09,0,8.3e-05,0.008234
2026-02-28,25-29,20-29,청년,31,8,0.741935,109.65,3.5371,0.0,4.915,109.65,0,6.5e-05,0.006399
2026-02-28,30-34,30-39,청년,69,5,0.927536,51.25,0.7428,0.0,5.37,51.25,0,3e-05,0.002991
2026-02-28,35-39,30-39,청년,69,23,0.666667,3771.65,54.6616,0.0,12.33,3771.65,0,0.002232,0.220119
2026-02-28,40-44,40-49,중장년,50,14,0.72,726.63,14.5326,0.0,8.335,726.63,0,0.00043,0.042407
2026-02-28,45-49,40-49,중장년,56,18,0.678571,220.02,3.9289,0.0,8.195,220.02,0,0.00013,0.012841
2026-02-28,50-54,50-59,중장년,59,15,0.745763,124.0,2.1017,0.0,6.44,124.0,0,7.3e-05,0.007237
2026-02-28,55-59,50-59,중장년,62,24,0.612903,338.19,5.4547,0.0,4.985,338.19,0,0.0002,0.019737
2026-02-28,60-64,60-69,중장년,65,13,0.8,6329.99,97.3845,0.0,5.22,6329.99,0,0.003745,0.369428
2026-02-28,65-69,60-69,고령,27,8,0.703704,54.14,2.0052,0.0,5.23,54.14,0,3.2e-05,0.00316
2026-02-28,70-74,70-79,고령,5,2,0.6,8.33,1.666,0.0,4.165,8.33,0,5e-06,0.000486
2026-02-28,75-79,70-79,고령,28,6,0.785714,3543.01,126.5361,0.0,17.0,3543.01,0,0.002096,0.206775
2026-02-28,80+,80+,고령,43,3,0.930233,43.8,1.0186,0.0,14.37,43.8,0,2.6e-05,0.002556
2026-03-01,00-09,00-09,아동청소년,35,5,0.857143,29.05,0.83,0.0,6.91,29.05,0,1.7e-05,0.017444
2026-03-01,10-14,10-19,아동청소년,28,5,0.821429,79.42,2.8364,0.0,4.97,79.42,0,4.7e-05,0.047691
2026-03-01,15-19,10-19,아동청소년,20,10,0.5,64.65,3.2325,1.665,5.235,64.65,0,3.8e-05,0.038822
2026-03-01,20-24,20-29,청년,46,22,0.521739,178.02,3.87,0.0,4.445,178.02,0,0.000105,0.1069
2026-03-01,25-29,20-29,청년,31,8,0.741935,44.64,1.44,0.0,5.135,44.64,0,2.6e-05,0.026806
2026-03-01,30-34,30-39,청년,35,11,0.685714,78.03,2.2294,0.0,6.0,78.03,0,4.6e-05,0.046856
2026-03-01,35-39,30-39,청년,49,9,0.816327,88.22,1.8004,0.0,8.84,88.22,0,5.2e-05,0.052975
2026-03-01,40-44,40-49,중장년,49,16,0.673469,142.58,2.9098,0.0,5.89,142.58,0,8.4e-05,0.085618
2026-03-01,45-49,40-49,중장년,54,16,0.703704,148.2,2.7444,0.0,7.165,148.2,0,8.8e-05,0.088993
2026-03-01,50-54,50-59,중장년,27,15,0.444444,146.45,5.4241,3.31,6.92,146.45,0,8.7e-05,0.087942
2026-03-01,55-59,50-59,중장년,54,36,0.333333,322.92,5.98,3.995,4.62,322.92,0,0.000191,0.193911
2026-03-01,60-64,60-69,중장년,54,16,0.703704,188.22,3.4856,0.0,6.13,188.22,0,0.000111,0.113025
2026-03-01,65-69,60-69,고령,27,12,0.555556,105.37,3.9026,0.0,6.26,105.37,0,6.2e-05,0.063274
2026-03-01,70-74,70-79,고령,28,2,0.928571,8.8,0.3143,0.0,4.4,8.8,0,5e-06,0.005284
2026-03-01,75-79,70-79,고령,20,2,0.9,28.8,1.44,0.0,14.4,28.8,0,1.7e-05,0.017294
2026-03-01,80+,80+,고령,23,1,0.956522,11.93,0.5187,0.0,11.93,11.93,0,7e-06,0.007164
2026-03-02,00-09,00-09,아동청소년,33,2,0.939394,4183.39,126.7694,0.0,2091.695,4183.39,0,0.002475,0.243375
2026-03-02,10-14,10-19,아동청소년,52,11,0.788462,2839.1,54.5981,0.0,5.5,2839.1,0,0.00168,0.165169
2026-03-02,15-19,10-19,아동청소년,42,8,0.809524,42.23,1.0055,0.0,4.805,42.23,0,2.5e-05,0.002457
2026-03-02,20-24,20-29,청년,54,14,0.740741,99.12,1.8356,0.0,4.655,99.12,0,5.9e-05,0.005766
2026-03-02,25-29,20-29,청년,20,7,0.65,58.48,2.924,0.0,4.93,58.48,0,3.5e-05,0.003402
2026-03-02,30-34,30-39,청년,29,4,0.862069,4020.3,138.631,0.0,8.6,4020.3,0,0.002379,0.233887
2026-03-02,35-39,30-39,청년,69,10,0.855072,112.16,1.6255,0.0,6.445,112.16,0,6.6e-05,0.006525
2026-03-02,40-44,40-49,중장년,60,14,0.766667,113.23,1.8872,0.0,5.27,113.23,0,6.7e-05,0.006587
2026-03-02,45-49,40-49,중장년,53,9,0.830189,181.81,3.4304,0.0,8.31,181.81,0,0.000108,0.010577
2026-03-02,50-54,50-59,중장년,14,3,0.785714,17.24,1.2314,0.0,4.91,17.24,0,1e-05,0.001003
2026-03-02,55-59,50-59,중장년,25,9,0.64,41.77,1.6708,0.0,4.0,41.77,0,2.5e-05,0.00243
2026-03-02,60-64,60-69,중장년,33,5,0.848485,25.27,0.7658,0.0,5.59,25.27,0,1.5e-05,0.00147
2026-03-02,65-69,60-69,고령,38,10,0.736842,5344.63,140.6482,0.0,5.42,5344.63,0,0.003162,0.310932
2026-03-02,70-74,70-79,고령,72,12,0.833333,95.38,1.3247,0.0,5.245,95.38,0,5.6e-05,0.005549
2026-03-02,75-79,70-79,고령,22,2,0.909091,14.94,0.6791,0.0,7.47,14.94,0,9e-06,0.000869
2026-03-02,80+,80+,고령,25,0,1.0,0.0,0.0,0.0,,0.0,0,0.0,0.0
2026-03-03,00-09,00-09,아동청소년,30,1,0.966667,8.67,0.289,0.0,8.67,8.67,0,5e-06,0.002422
2026-03-03,10-14,10-19,아동청소년,8,1,0.875,3.07,0.3838,0.0,3.07,3.07,0,2e-06,0.000858
2026-03-03,15-19,10-19,아동청소년,11,3,0.727273,23.32,2.12,0.0,9.02,23.32,0,1.4e-05,0.006515
2026-03-03,20-24,20-29,청년,32,6,0.8125,51.62,1.6131,0.0,9.32,51.62,0,3.1e-05,0.014421
2026-03-03,25-29,20-29,청년,6,2,0.666667,10.0,1.6667,0.0,5.0,10.0,0,6e-06,0.002794
2026-03-03,30-34,30-39,청년,39,9,0.769231,2887.15,74.0295,0.0,7.82,2887.15,0,0.001708,0.806581
2026-03-03,35-39,30-39,청년,26,6,0.769231,350.94,13.4977,0.0,10.94,350.94,0,0.000208,0.098042
2026-03-03,40-44,40-49,중장년,35,9,0.742857,78.11,2.2317,0.0,7.95,78.11,0,4.6e-05,0.021822
2026-03-03,45-49,40-49,중장년,16,5,0.6875,42.8,2.675,0.0,8.74,42.8,0,2.5e-05,0.011957
2026-03-03,50-54,50-59,중장년,9,2,0.777778,9.81,1.09,0.0,4.905,9.81,0,6e-06,0.002741
2026-03-03,55-59,50-59,중장년,8,2,0.75,35.87,4.4838,0.0,17.935,35.87,0,2.1e-05,0.010021
2026-03-03,60-64,60-69,중장년,12,0,1.0,0.0,0.0,0.0,,0.0,0,0.0,0.0
2026-03-03,65-69,60-69,고령,20,9,0.55,78.13,3.9065,0.0,5.39,78.13,0,4.6e-05,0.021827
2026-03-03,70-74,70-79,고령,5,0,1.0,0.0,0.0,0.0,,0.0,0,0.0,0.0
2026-03-03,75-79,70-79,고령,1,0,1.0,0.0,0.0,0.0,,0.0,0,0.0,0.0
2026-03-03,80+,80+,고령,11,0,1.0,0.0,0.0,0.0,,0.0,0,0.0,0.0
2026-03-04,00-09,00-09,아동청소년,18,4,0.777778,29.5,1.6389,0.0,7.27,29.5,0,1.7e-05,0.035902
2026-03-04,10-14,10-19,아동청소년,39,3,0.923077,24.04,0.6164,0.0,7.0,24.04,0,1.4e-05,0.029257
2026-03-04,15-19,10-19,아동청소년,21,3,0.857143,19.03,0.9062,0.0,6.83,19.03,0,1.1e-05,0.02316
2026-03-04,20-24,20-29,청년,43,11,0.744186,179.09,4.1649,0.0,10.8,179.09,0,0.000106,0.217959
2026-03-04,25-29,20-29,청년,27,3,0.888889,15.32,0.5674,0.0,4.23,15.32,0,9e-06,0.018645
2026-03-04,30-34,30-39,청년,25,1,0.96,176.76,7.0704,0.0,176.76,176.76,0,0.000105,0.215123
2026-03-04,35-39,30-39,청년,38,7,0.815789,86.7,2.2816,0.0,12.69,86.7,0,5.1e-05,0.105517
2026-03-04,40-44,40-49,중장년,41,7,0.829268,33.76,0.8234,0.0,4.19,33.76,0,2e-05,0.041087
2026-03-04,45-49,40-49,중장년,36,7,0.805556,65.6,1.8222,0.0,7.84,65.6,0,3.9e-05,0.079837
2026-03-04,50-54,50-59,중장년,20,6,0.7,40.84,2.042,0.0,5.33,40.84,0,2.4e-05,0.049704
2026-03-04,55-59,50-59,중장년,13,2,0.846154,6.85,0.5269,0.0,3.425,6.85,0,4e-06,0.008337
2026-03-04,60-64,60-69,중장년,29,5,0.827586,35.16,1.2124,0.0,5.85,35.16,0,2.1e-05,0.042791
2026-03-04,65-69,60-69,고령,15,3,0.8,14.56,0.9707,0.0,4.44,14.56,0,9e-06,0.01772
2026-03-04,70-74,70-79,고령,25,7,0.72,94.46,3.7784,0.0,9.87,94.46,0,5.6e-05,0.114961
2026-03-04,75-79,70-79,고령,20,0,1.0,0.0,0.0,0.0,,0.0,0,0.0,0.0
2026-03-04,80+,80+,고령,14,0,1.0,0.0,0.0,0.0,,0.0,0,0.0,0.0
2026-03-05,00-09,00-09,아동청소년,22,2,0.909091,16.0,0.7273,0.0,8.0,16.0,0,9e-06,0.003446
2026-03-05,10-14,10-19,아동청소년,29,4,0.862069,42.82,1.4766,0.0,8.875,42.82,0,2.5e-05,0.009223
2026-03-05,15-19,10-19,아동청소년,9,2,0.777778,3157.55,350.8389,0.0,1578.775,3157.55,0,0.001868,0.680139
2026-03-05,20-24,20-29,청년,37,8,0.783784,317.42,8.5789,0.0,4.4,317.42,0,0.000188,0.068372
2026-03-05,25-29,20-29,청년,6,1,0.833333,8.0,1.3333,0.0,8.0,8.0,0,5e-06,0.001723
2026-03-05,30-34,30-39,청년,16,4,0.75,31.01,1.9381,0.0,5.1,31.01,0,1.8e-05,0.00668
2026-03-05,35-39,30-39,청년,34,4,0.882353,27.63,0.8126,0.0,6.56,27.63,0,1.6e-05,0.005952
2026-03-05,40-44,40-49,중장년,36,8,0.777778,422.49,11.7358,0.0,7.655,422.49,0,0.00025,0.091005
2026-03-05,45-49,40-49,중장년,20,8,0.6,46.02,2.301,0.0,5.845,46.02,0,2.7e-05,0.009913
2026-03-05,50-54,50-59,중장년,20,7,0.65,450.0,22.5,0.0,20.63,450.0,0,0.000266,0.09693
2026-03-05,55-59,50-59,중장년,14,3,0.785714,67.7,4.8357,0.0,27.49,67.7,0,4e-05,0.014583
2026-03-05,60-64,60-69,중장년,10,3,0.7,17.47,1.747,0.0,4.19,17.47,0,1e-05,0.003763
2026-03-05,65-69,60-69,고령,6,2,0.666667,9.57,1.595,0.0,4.785,9.57,0,6e-06,0.002061
2026-03-05,70-74,70-79,고령,11,2,0.818182,10.76,0.9782,0.0,5.38,10.76,0,6e-06,0.002318
2026-03-05,75-79,70-79,고령,13,2,0.846154,18.07,1.39,0.0,9.035,18.07,0,1.1e-05,0.003892
2026-03-05,80+,80+,고령,21,0,1.0,0.0,0.0,0.0,,0.0,0,0.0,0.0
2026-03-06,00-09,00-09,아동청소년,61,4,0.934426,54.72,0.897,0.0,8.81,54.72,0,3.2e-05,0.011519
2026-03-06,10-14,10-19,아동청소년,38,2,0.947368,25.82,0.6795,0.0,12.91,25.82,0,1.5e-05,0.005436
2026-03-06,15-19,10-19,아동청소년,12,1,0.916667,6.36,0.53,0.0,6.36,6.36,0,4e-06,0.001339
2026-03-06,20-24,20-29,청년,28,8,0.714286,88.26,3.1521,0.0,9.695,88.26,0,5.2e-05,0.01858
2026-03-06,25-29,20-29,청년,17,1,0.941176,13.92,0.8188,0.0,13.92,13.92,0,8e-06,0.00293
2026-03-06,30-34,30-39,청년,25,1,0.96,4.06,0.1624,0.0,4.06,4.06,0,2e-06,0.000855
2026-03-06,35-39,30-39,청년,17,4,0.764706,83.44,4.9082,0.0,11.015,83.44,0,4.9e-05,0.017565
2026-03-06,40-44,40-49,중장년,30,7,0.766667,70.35,2.345,0.0,5.67,70.35,0,4.2e-05,0.01481
2026-03-06,45-49,40-49,중장년,11,2,0.818182,12.11,1.1009,0.0,6.055,12.11,0,7e-06,0.002549
2026-03-06,50-54,50-59,중장년,33,10,0.69697,4313.27,130.7052,0.0,7.42,4313.27,0,0.002552,0.908011
2026-03-06,55-59,50-59,중장년,10,5,0.5,28.33,2.833,1.88,4.58,28.33,0,1.7e-05,0.005964
2026-03-06,60-64,60-69,중장년,12,2,0.833333,17.79,1.4825,0.0,8.895,17.79,0,1.1e-05,0.003745
2026-03-06,65-69,60-69,고령,18,3,0.833333,15.55,0.8639,0.0,3.68,15.55,0,9e-06,0.003274
2026-03-06,70-74,70-79,고령,21,0,1.0,0.0,0.0,0.0,,0.0,0,0.0,0.0
2026-03-06,75-79,70-79,고령,11,2,0.818182,16.26,1.4782,0.0,8.13,16.26,0,1e-05,0.003423
2026-03-06,80+,80+,고령,14,0,1.0,0.0,0.0,0.0,,0.0,0,0.0,0.0
2026-03-07,00-09,00-09,아동청소년,12,2,0.833333,23.78,1.9817,0.0,11.89,23.78,0,1.4e-05,0.000617
2026-03-07,10-14,10-19,아동청소년,78,18,0.769231,8745.27,112.1188,0.0,11.295,8745.27,0,0.005174,0.226763
2026-03-07,15-19,10-19,아동청소년,22,5,0.772727,47.21,2.1459,0.0,7.89,47.21,0,2.8e-05,0.001224
2026-03-07,20-24,20-29,청년,236,75,0.682203,2980.44,12.629,0.0,6.0,2980.44,0,0.001763,0.077282
2026-03-07,25-29,20-29,청년,18,7,0.611111,3903.23,216.8461,0.0,7.32,3903.23,0,0.002309,0.10121
2026-03-07,30-34,30-39,청년,48,11,0.770833,3996.63,83.2631,0.0,10.92,3996.63,0,0.002365,0.103632
2026-03-07,35-39,30-39,청년,22,7,0.681818,3992.86,181.4936,0.0,17.2,3992.86,0,0.002362,0.103534
2026-03-07,40-44,40-49,중장년,69,22,0.681159,8917.46,129.2386,0.0,9.545,8917.46,0,0.005276,0.231228
2026-03-07,45-49,40-49,중장년,53,16,0.698113,220.68,4.1638,0.0,8.805,220.68,0,0.000131,0.005722
2026-03-07,50-54,50-59,중장년,76,30,0.605263,3046.6,40.0868,0.0,8.16,3046.6,0,0.001803,0.078998
2026-03-07,55-59,50-59,중장년,20,8,0.6,158.0,7.9,0.0,8.05,158.0,0,9.3e-05,0.004097
2026-03-07,60-64,60-69,중장년,42,14,0.666667,134.07,3.1921,0.0,5.88,134.07,0,7.9e-05,0.003476
2026-03-07,65-69,60-69,고령,52,21,0.596154,214.82,4.1312,0.0,6.77,214.82,0,0.000127,0.00557
2026-03-07,70-74,70-79,고령,49,17,0.653061,300.62,6.1351,0.0,7.1,300.62,0,0.000178,0.007795
2026-03-07,75-79,70-79,고령,72,21,0.708333,1870.15,25.9743,0.0,9.41,1870.15,0,0.001106,0.048493
2026-03-07,80+,80+,고령,35,2,0.942857,13.79,0.394,0.0,6.895,13.79,0,8e-06,0.000358
2026-03-08,00-09,00-09,아동청소년,21,3,0.857143,18.84,0.8971,0.0,6.77,18.84,0,1.1e-05,0.002977
2026-03-08,10-14,10-19,아동청소년,66,13,0.80303,66.13,1.002,0.0,4.0,66.13,0,3.9e-05,0.010451
2026-03-08,15-19,10-19,아동청소년,20,2,0.9,8.0,0.4,0.0,4.0,8.0,0,5e-06,0.001264
2026-03-08,20-24,20-29,청년,28,10,0.642857,93.69,3.3461,0.0,5.1,93.69,0,5.5e-05,0.014807
2026-03-08,25-29,20-29,청년,21,6,0.714286,36.44,1.7352,0.0,4.99,36.44,0,2.2e-05,0.005759
2026-03-08,30-34,30-39,청년,48,17,0.645833,138.61,2.8877,0.0,7.29,138.61,0,8.2e-05,0.021906
2026-03-08,35-39,30-39,청년,41,13,0.682927,4912.27,119.8115,0.0,6.2,4912.27,0,0.002906,0.776324
2026-03-08,40-44,40-49,중장년,30,5,0.833333,27.81,0.927,0.0,4.3,27.81,0,1.6e-05,0.004395
2026-03-08,45-49,40-49,중장년,106,37,0.650943,338.76,3.1958,0.0,6.34,338.76,0,0.0002,0.053537
2026-03-08,50-54,50-59,중장년,77,24,0.688312,215.01,2.7923,0.0,6.895,215.01,0,0.000127,0.03398
2026-03-08,55-59,50-59,중장년,41,16,0.609756,86.58,2.1117,0.0,4.76,86.58,0,5.1e-05,0.013683
2026-03-08,60-64,60-69,중장년,48,11,0.770833,120.84,2.5175,0.0,4.32,120.84,0,7.1e-05,0.019097
2026-03-08,65-69,60-69,고령,24,9,0.625,108.93,4.5387,0.0,7.07,108.93,0,6.4e-05,0.017215
2026-03-08,70-74,70-79,고령,30,6,0.8,147.47,4.9157,0.0,11.585,147.47,0,8.7e-05,0.023306
2026-03-08,75-79,70-79,고령,12,0,1.0,0.0,0.0,0.0,,0.0,0,0.0,0.0
2026-03-08,80+,80+,고령,26,1,0.961538,8.22,0.3162,0.0,8.22,8.22,0,5e-06,0.001299
2026-03-09,00-09,00-09,아동청소년,24,1,0.958333,8.04,0.335,0.0,8.04,8.04,0,5e-06,0.002088
2026-03-09,10-14,10-19,아동청소년,59,10,0.830508,74.43,1.2615,0.0,8.01,63.7,0,4.4e-05,0.019328
2026-03-09,15-19,10-19,아동청소년,26,5,0.807692,30.02,1.1546,0.0,5.61,30.02,0,1.8e-05,0.007796
2026-03-09,20-24,20-29,청년,51,16,0.686275,3025.35,59.3206,0.0,4.71,3025.35,0,0.00179,0.785632
2026-03-09,25-29,20-29,청년,39,7,0.820513,37.74,0.9677,0.0,4.97,37.74,0,2.2e-05,0.0098
2026-03-09,30-34,30-39,청년,44,4,0.909091,18.2,0.4136,0.0,4.0,18.2,0,1.1e-05,0.004726
2026-03-09,35-39,30-39,청년,36,8,0.777778,365.66,10.1572,0.0,6.115,365.66,0,0.000216,0.094956
2026-03-09,40-44,40-49,중장년,28,3,0.892857,24.55,0.8768,0.0,8.26,24.55,0,1.5e-05,0.006375
2026-03-09,45-49,40-49,중장년,36,8,0.777778,47.87,1.3297,0.0,5.915,47.87,0,2.8e-05,0.012431
2026-03-09,50-54,50-59,중장년,22,6,0.727273,65.11,2.9595,0.0,7.0,65.11,0,3.9e-05,0.016908
2026-03-09,55-59,50-59,중장년,29,13,0.551724,55.5,1.9138,0.0,4.16,55.5,0,3.3e-05,0.014412
2026-03-09,60-64,60-69,중장년,4,2,0.5,23.04,5.76,2.225,11.52,23.04,0,1.4e-05,0.005983
2026-03-09,65-69,60-69,고령,36,7,0.805556,35.37,0.9825,0.0,4.0,35.37,0,2.1e-05,0.009185
2026-03-09,70-74,70-79,고령,29,3,0.896552,32.58,1.1234,0.0,12.36,32.58,0,1.9e-05,0.00846
2026-03-09,75-79,70-79,고령,16,1,0.9375,3.5,0.2188,0.0,3.5,3.5,0,2e-06,0.000909
2026-03-09,80+,80+,고령,11,1,0.909091,3.89,0.3536,0.0,3.89,3.89,0,2e-06,0.00101
2026-03-10,00-09,00-09,아동청소년,12,1,0.916667,7.32,0.61,0.0,7.32,7.32,0,4e-06,0.001865
2026-03-10,10-14,10-19,아동청소년,23,4,0.826087,33.03,1.4361,0.0,8.455,33.03,0,2e-05,0.008416
2026-03-10,15-19,10-19,아동청소년,64,7,0.890625,2725.13,42.5802,0.0,5.19,2725.13,0,0.001612,0.694338
2026-03-10,20-24,20-29,청년,15,5,0.666667,25.08,1.672,0.0,4.69,25.08,0,1.5e-05,0.00639
2026-03-10,25-29,20-29,청년,10,2,0.8,10.51,1.051,0.0,5.255,10.51,0,6e-06,0.002678
2026-03-10,30-34,30-39,청년,19,3,0.842105,15.75,0.8289,0.0,5.51,15.75,0,9e-06,0.004013
2026-03-10,35-39,30-39,청년,24,6,0.75,80.21,3.3421,0.0,9.1,80.21,0,4.7e-05,0.020437
2026-03-10,40-44,40-49,중장년,32,11,0.65625,107.58,3.3619,0.0,6.38,107.58,0,6.4e-05,0.02741
2026-03-10,45-49,40-49,중장년,24,8,0.666667,74.42,3.1008,0.0,9.03,74.42,0,4.4e-05,0.018962
2026-03-10,50-54,50-59,중장년,27,11,0.592593,91.14,3.3756,0.0,5.13,91.14,0,5.4e-05,0.023222
2026-03-10,55-59,50-59,중장년,14,7,0.5,51.12,3.6514,2.0,5.21,51.12,0,3e-05,0.013025
2026-03-10,60-64,60-69,중장년,16,5,0.6875,24.04,1.5025,0.0,4.0,24.04,0,1.4e-05,0.006125
2026-03-10,65-69,60-69,고령,16,5,0.6875,24.58,1.5362,0.0,4.1,24.58,0,1.5e-05,0.006263
2026-03-10,70-74,70-79,고령,14,2,0.857143,11.16,0.7971,0.0,5.58,11.16,0,7e-06,0.002843
2026-03-10,75-79,70-79,고령,14,4,0.714286,38.13,2.7236,0.0,8.245,38.13,0,2.3e-05,0.009715
2026-03-10,80+,80+,고령,15,1,0.933333,605.59,40.3727,0.0,605.59,605.59,0,0.000358,0.154299
2026-03-11,00-09,00-09,아동청소년,14,4,0.714286,34.08,2.4343,0.0,8.54,34.08,0,2e-05,0.006987
2026-03-11,10-14,10-19,아동청소년,28,9,0.678571,54.61,1.9504,0.0,4.65,54.61,0,3.2e-05,0.011196
2026-03-11,15-19,10-19,아동청소년,8,4,0.5,24.3,3.0375,2.0,5.47,24.3,0,1.4e-05,0.004982
2026-03-11,20-24,20-29,청년,31,11,0.645161,193.77,6.2506,0.0,4.73,85.94,0,0.000115,0.039725
2026-03-11,25-29,20-29,청년,18,6,0.666667,96.23,5.3461,0.0,7.91,96.23,0,5.7e-05,0.019728
2026-03-11,30-34,30-39,청년,11,1,0.909091,4.0,0.3636,0.0,4.0,4.0,0,2e-06,0.00082
2026-03-11,35-39,30-39,청년,15,8,0.466667,165.54,11.036,3.84,11.75,165.54,0,9.8e-05,0.033938
2026-03-11,40-44,40-49,중장년,27,13,0.518519,3971.7,147.1,0.0,6.82,3971.7,0,0.00235,0.814242
2026-03-11,45-49,40-49,중장년,19,3,0.842105,19.6,1.0316,0.0,5.05,19.6,0,1.2e-05,0.004018
2026-03-11,50-54,50-59,중장년,13,9,0.307692,92.94,7.1492,3.98,6.06,92.94,0,5.5e-05,0.019054
2026-03-11,55-59,50-59,중장년,10,4,0.6,19.26,1.926,0.0,3.685,19.26,0,1.1e-05,0.003949
2026-03-11,60-64,60-69,중장년,45,12,0.733333,91.0,2.0222,0.0,5.39,91.0,0,5.4e-05,0.018656
2026-03-11,65-69,60-69,고령,11,5,0.545455,56.94,5.1764,0.0,3.84,56.94,0,3.4e-05,0.011673
2026-03-11,70-74,70-79,고령,17,3,0.823529,27.75,1.6324,0.0,9.21,27.75,0,1.6e-05,0.005689
2026-03-11,75-79,70-79,고령,10,2,0.8,7.56,0.756,0.0,3.78,7.56,0,4e-06,0.00155
2026-03-11,80+,80+,고령,13,1,0.923077,18.51,1.4238,0.0,18.51,18.51,0,1.1e-05,0.003795
2026-03-12,00-09,00-09,아동청소년,29,4,0.862069,32.81,1.1314,0.0,8.38,32.81,0,1.9e-05,0.006095
2026-03-12,10-14,10-19,아동청소년,51,4,0.921569,35.34,0.6929,0.0,8.825,35.34,0,2.1e-05,0.006565
2026-03-12,15-19,10-19,아동청소년,8,1,0.875,4.75,0.5938,0.0,4.75,4.75,0,3e-06,0.000882
2026-03-12,20-24,20-29,청년,48,16,0.666667,288.88,6.0183,0.0,8.465,288.88,0,0.000171,0.053663
2026-03-12,25-29,20-29,청년,22,4,0.818182,21.77,0.9895,0.0,5.455,21.77,0,1.3e-05,0.004044
2026-03-12,30-34,30-39,청년,26,6,0.769231,45.83,1.7627,0.0,4.94,45.83,0,2.7e-05,0.008513
2026-03-12,35-39,30-39,청년,57,14,0.754386,1585.41,27.8142,0.0,11.485,1585.41,0,0.000938,0.294507
2026-03-12,40-44,40-49,중장년,48,9,0.8125,80.62,1.6796,0.0,7.15,80.62,0,4.8e-05,0.014976
2026-03-12,45-49,40-49,중장년,23,7,0.695652,74.65,3.2457,0.0,7.17,74.65,0,4.4e-05,0.013867
2026-03-12,50-54,50-59,중장년,14,4,0.714286,64.94,4.6386,0.0,16.535,64.94,0,3.8e-05,0.012063
2026-03-12,55-59,50-59,중장년,8,2,0.75,9.65,1.2062,0.0,4.825,9.65,0,6e-06,0.001793
2026-03-12,60-64,60-69,중장년,41,8,0.804878,2970.11,72.4417,0.0,5.47,2970.11,0,0.001757,0.55173
2026-03-12,65-69,60-69,고령,17,6,0.647059,59.16,3.48,0.0,5.0,59.16,0,3.5e-05,0.01099
2026-03-12,70-74,70-79,고령,15,3,0.8,25.4,1.6933,0.0,6.6,25.4,0,1.5e-05,0.004718
2026-03-12,75-79,70-79,고령,18,5,0.722222,80.08,4.4489,0.0,14.53,80.08,0,4.7e-05,0.014876
2026-03-12,80+,80+,고령,23,1,0.956522,3.87,0.1683,0.0,3.87,3.87,0,2e-06,0.000719
2026-03-13,00-09,00-09,아동청소년,10,0,1.0,0.0,0.0,0.0,,0.0,0,0.0,0.0
2026-03-13,10-14,10-19,아동청소년,87,19,0.781609,492.08,5.6561,0.0,6.09,492.08,0,0.000291,0.037013
2026-03-13,15-19,10-19,아동청소년,66,11,0.833333,123.39,1.8695,0.0,6.0,123.39,0,7.3e-05,0.009281
2026-03-13,20-24,20-29,청년,76,32,0.578947,681.29,8.9643,0.0,5.44,681.29,0,0.000403,0.051244
2026-03-13,25-29,20-29,청년,167,38,0.772455,293.77,1.7591,0.0,5.545,293.77,0,0.000174,0.022096
2026-03-13,30-34,30-39,청년,40,8,0.8,92.06,2.3015,0.0,9.08,92.06,0,5.4e-05,0.006924
2026-03-13,35-39,30-39,청년,76,18,0.763158,662.98,8.7234,0.0,10.395,662.98,0,0.000392,0.049867
2026-03-13,40-44,40-49,중장년,63,11,0.825397,2836.94,45.0308,0.0,5.64,2836.94,0,0.001679,0.213385
2026-03-13,45-49,40-49,중장년,41,9,0.780488,81.74,1.9937,0.0,7.96,81.74,0,4.8e-05,0.006148
2026-03-13,50-54,50-59,중장년,69,19,0.724638,184.23,2.67,0.0,5.8,184.23,0,0.000109,0.013857
2026-03-13,55-59,50-59,중장년,71,28,0.605634,3576.75,50.3768,0.0,5.055,3576.75,0,0.002116,0.269031
2026-03-13,60-64,60-69,중장년,64,15,0.765625,815.37,12.7402,0.0,5.81,815.37,0,0.000482,0.061329
2026-03-13,65-69,60-69,고령,37,16,0.567568,130.94,3.5389,0.0,4.0,130.94,0,7.7e-05,0.009849
2026-03-13,70-74,70-79,고령,45,3,0.933333,46.32,1.0293,0.0,4.0,46.32,0,2.7e-05,0.003484
2026-03-13,75-79,70-79,고령,62,15,0.758065,205.34,3.3119,0.0,5.4,205.34,0,0.000121,0.015445
2026-03-13,80+,80+,고령,62,3,0.951613,3071.73,49.544,0.0,5.82,3071.73,0,0.001817,0.231045
2026-03-14,00-09,00-09,아동청소년,30,7,0.766667,90.25,3.0083,0.0,7.55,90.25,0,5.3e-05,0.016649
2026-03-14,10-14,10-19,아동청소년,95,13,0.863158,113.46,1.1943,0.0,5.96,113.46,0,6.7e-05,0.020931
2026-03-14,15-19,10-19,아동청소년,26,7,0.730769,3249.3,124.9731,0.0,8.19,3249.3,0,0.001922,0.599437
2026-03-14,20-24,20-29,청년,102,44,0.568627,501.8,4.9196,0.0,6.19,501.8,0,0.000297,0.092573
2026-03-14,25-29,20-29,청년,32,6,0.8125,183.45,5.7328,0.0,7.4,183.45,0,0.000109,0.033843
2026-03-14,30-34,30-39,청년,24,10,0.583333,68.32,2.8467,0.0,5.905,68.32,0,4e-05,0.012604
2026-03-14,35-39,30-39,청년,56,22,0.607143,229.24,4.0936,0.0,4.085,229.24,0,0.000136,0.042291
2026-03-14,40-44,40-49,중장년,67,19,0.716418,114.76,1.7128,0.0,6.0,114.76,0,6.8e-05,0.021171
2026-03-14,45-49,40-49,중장년,52,18,0.653846,128.16,2.4646,0.0,6.545,128.16,0,7.6e-05,0.023643
2026-03-14,50-54,50-59,중장년,59,22,0.627119,208.88,3.5403,0.0,6.685,208.88,0,0.000124,0.038535
2026-03-14,55-59,50-59,중장년,29,15,0.482759,125.19,4.3169,3.74,6.38,125.19,0,7.4e-05,0.023095
2026-03-14,60-64,60-69,중장년,83,37,0.554217,318.52,3.8376,0.0,6.0,318.52,0,0.000188,0.058761
2026-03-14,65-69,60-69,고령,20,7,0.65,47.02,2.351,0.0,4.7,47.02,0,2.8e-05,0.008674
2026-03-14,70-74,70-79,고령,22,4,0.818182,20.62,0.9373,0.0,5.235,20.62,0,1.2e-05,0.003804
2026-03-14,75-79,70-79,고령,16,1,0.9375,4.86,0.3038,0.0,4.86,4.86,0,3e-06,0.000897
2026-03-14,80+,80+,고령,50,3,0.94,16.76,0.3352,0.0,4.5,16.76,0,1e-05,0.003092
2026-03-15,00-09,00-09,아동청소년,25,3,0.88,25.57,1.0228,0.0,7.62,25.57,0,1.5e-05,0.002857
2026-03-15,10-14,10-19,아동청소년,29,9,0.689655,91.93,3.17,0.0,6.0,91.93,0,5.4e-05,0.010273
2026-03-15,15-19,10-19,아동청소년,12,1,0.916667,6.03,0.5025,0.0,6.03,6.03,0,4e-06,0.000674
2026-03-15,20-24,20-29,청년,11,5,0.545455,222.23,20.2027,0.0,17.27,222.23,0,0.000131,0.024834
2026-03-15,25-29,20-29,청년,15,7,0.533333,2376.62,158.4413,0.0,6.0,2376.62,0,0.001406,0.265584
2026-03-15,30-34,30-39,청년,9,5,0.444444,112.21,12.4678,3.59,10.0,112.21,0,6.6e-05,0.012539
2026-03-15,35-39,30-39,청년,53,8,0.849057,3367.01,63.5285,0.0,10.405,3367.01,0,0.001992,0.376259
2026-03-15,40-44,40-49,중장년,89,31,0.651685,1796.23,20.1824,0.0,7.93,1796.23,0,0.001063,0.200726
2026-03-15,45-49,40-49,중장년,52,12,0.769231,86.05,1.6548,0.0,6.025,86.05,0,5.1e-05,0.009616
2026-03-15,50-54,50-59,중장년,19,9,0.526316,155.58,8.1884,0.0,4.28,155.58,0,9.2e-05,0.017386
2026-03-15,55-59,50-59,중장년,17,9,0.470588,50.44,2.9671,3.11,4.41,50.44,0,3e-05,0.005637
2026-03-15,60-64,60-69,중장년,44,15,0.659091,233.56,5.3082,0.0,5.29,233.56,0,0.000138,0.0261
2026-03-15,65-69,60-69,고령,30,10,0.666667,54.72,1.824,0.0,4.8,54.72,0,3.2e-05,0.006115
2026-03-15,70-74,70-79,고령,25,3,0.88,77.09,3.0836,0.0,23.62,77.09,0,4.6e-05,0.008615
2026-03-15,75-79,70-79,고령,27,8,0.703704,107.74,3.9904,0.0,14.17,107.74,0,6.4e-05,0.01204
2026-03-15,80+,80+,고령,30,3,0.9,185.65,6.1883,0.0,33.94,185.65,0,0.00011,0.020746
2026-03-16,00-09,00-09,아동청소년,51,10,0.803922,80.6,1.5804,0.0,7.46,80.6,0,4.8e-05,0.003983
2026-03-16,10-14,10-19,아동청소년,56,6,0.892857,90.95,1.6241,0.0,17.64,70.83,0,5.4e-05,0.004495
2026-03-16,15-19,10-19,아동청소년,9,1,0.888889,4.6,0.5111,0.0,4.6,4.6,0,3e-06,0.000227
2026-03-16,20-24,20-29,청년,44,10,0.772727,184.64,4.1964,0.0,17.56,184.64,0,0.000109,0.009125
2026-03-16,25-29,20-29,청년,38,6,0.842105,131.29,3.455,0.0,7.905,131.29,0,7.8e-05,0.006488
2026-03-16,30-34,30-39,청년,53,6,0.886792,63.67,1.2013,0.0,7.72,63.67,0,3.8e-05,0.003146
2026-03-16,35-39,30-39,청년,32,13,0.59375,281.66,8.8019,0.0,19.8,281.66,0,0.000167,0.013919
2026-03-16,40-44,40-49,중장년,45,9,0.8,95.65,2.1256,0.0,6.99,95.65,0,5.7e-05,0.004727
2026-03-16,45-49,40-49,중장년,61,18,0.704918,187.97,3.0815,0.0,8.62,187.97,0,0.000111,0.009289
2026-03-16,50-54,50-59,중장년,38,17,0.552632,6121.99,161.105,0.0,8.91,189.15,1,0.003622,0.302539
2026-03-16,55-59,50-59,중장년,9,4,0.555556,153.4,17.0444,0.0,8.465,153.4,0,9.1e-05,0.007581
2026-03-16,60-64,60-69,중장년,28,7,0.75,237.76,8.4914,0.0,30.98,237.76,0,0.000141,0.01175
2026-03-16,65-69,60-69,고령,27,8,0.703704,3258.31,120.6781,0.0,12.525,3258.31,0,0.001928,0.161021
2026-03-16,70-74,70-79,고령,14,3,0.785714,45.08,3.22,0.0,10.0,45.08,0,2.7e-05,0.002228
2026-03-16,75-79,70-79,고령,5,2,0.6,3316.54,663.308,0.0,1658.27,3316.54,0,0.001962,0.163898
2026-03-16,80+,80+,고령,41,3,0.926829,5981.25,145.8841,0.0,38.66,48.41,1,0.003539,0.295584
2026-03-17,00-09,00-09,아동청소년,45,6,0.866667,6619.23,147.094,0.0,30.25,686.39,1,0.003916,0.094401
2026-03-17,10-14,10-19,아동청소년,57,7,0.877193,3565.92,62.56,0.0,4.69,3565.92,0,0.00211,0.050856
2026-03-17,15-19,10-19,아동청소년,6,2,0.666667,149.64,24.94,0.0,74.82,149.64,0,8.9e-05,0.002134
2026-03-17,20-24,20-29,청년,50,13,0.74,1918.53,38.3706,0.0,7.79,1918.53,0,0.001135,0.027361
2026-03-17,25-29,20-29,청년,36,6,0.833333,44.65,1.2403,0.0,7.355,44.65,0,2.6e-05,0.000637
2026-03-17,30-34,30-39,청년,62,15,0.758065,141.0,2.2742,0.0,6.0,141.0,0,8.3e-05,0.002011
2026-03-17,35-39,30-39,청년,50,14,0.72,8959.31,179.1862,0.0,17.025,8959.31,1,0.005301,0.127775
2026-03-17,40-44,40-49,중장년,72,20,0.722222,7826.17,108.6968,0.0,5.645,7826.17,0,0.00463,0.111614
2026-03-17,45-49,40-49,중장년,68,25,0.632353,5865.14,86.2521,0.0,7.6,5865.14,0,0.00347,0.083647
2026-03-17,50-54,50-59,중장년,43,18,0.581395,12380.18,287.9112,0.0,9.605,12380.18,0,0.007325,0.176562
2026-03-17,55-59,50-59,중장년,29,15,0.482759,2837.79,97.8548,3.43,6.4,2837.79,0,0.001679,0.040472
2026-03-17,60-64,60-69,중장년,58,17,0.706897,568.42,9.8003,0.0,17.77,568.42,0,0.000336,0.008107
2026-03-17,65-69,60-69,고령,19,7,0.631579,5796.09,305.0574,0.0,13.36,5796.09,0,0.003429,0.082662
2026-03-17,70-74,70-79,고령,43,7,0.837209,1614.0,37.5349,0.0,6.95,1614.0,0,0.000955,0.023018
2026-03-17,75-79,70-79,고령,9,2,0.777778,5858.63,650.9589,0.0,2929.315,5858.63,0,0.003466,0.083554
2026-03-17,80+,80+,고령,36,6,0.833333,5973.17,165.9214,0.0,25.565,5973.17,0,0.003534,0.085188
2026-03-18,00-09,00-09,아동청소년,30,2,0.933333,12.55,0.4183,0.0,6.275,12.55,0,7e-06,0.017738
2026-03-18,10-14,10-19,아동청소년,37,11,0.702703,102.08,2.7589,0.0,4.93,102.08,0,6e-05,0.144281
2026-03-18,15-19,10-19,아동청소년,2,0,1.0,0.0,0.0,0.0,,0.0,0,0.0,0.0
2026-03-18,20-24,20-29,청년,23,11,0.521739,104.13,4.5274,0.0,5.99,104.13,0,6.2e-05,0.147178
2026-03-18,25-29,20-29,청년,1,0,1.0,0.0,0.0,0.0,,0.0,0,0.0,0.0
2026-03-18,30-34,30-39,청년,30,9,0.7,61.78,2.0593,0.0,6.19,61.78,0,3.7e-05,0.08732
2026-03-18,35-39,30-39,청년,19,7,0.631579,84.83,4.4647,0.0,5.54,84.83,0,5e-05,0.119899
2026-03-18,40-44,40-49,중장년,30,9,0.7,69.16,2.3053,0.0,6.56,69.16,0,4.1e-05,0.097751
2026-03-18,45-49,40-49,중장년,5,2,0.6,17.32,3.464,0.0,8.66,17.32,0,1e-05,0.02448
2026-03-18,50-54,50-59,중장년,2,0,1.0,0.0,0.0,0.0,,0.0,0,0.0,0.0
2026-03-18,55-59,50-59,중장년,6,4,0.333333,19.69,3.2817,3.675,4.155,19.69,0,1.2e-05,0.02783
2026-03-18,60-64,60-69,중장년,9,3,0.666667,23.51,2.6122,0.0,6.11,23.51,0,1.4e-05,0.033229
2026-03-18,65-69,60-69,고령,16,8,0.5,130.27,8.1419,1.565,4.74,130.27,0,7.7e-05,0.184125
2026-03-18,70-74,70-79,고령,6,1,0.833333,82.19,13.6983,0.0,82.19,82.19,0,4.9e-05,0.116168
2026-03-18,75-79,70-79,고령,1,0,1.0,0.0,0.0,0.0,,0.0,0,0.0,0.0
2026-03-18,80+,80+,고령,15,0,1.0,0.0,0.0,0.0,,0.0,0,0.0,0.0
2026-03-19,00-09,00-09,아동청소년,37,7,0.810811,65.77,1.7776,0.0,8.45,65.77,0,3.9e-05,0.067382
2026-03-19,10-14,10-19,아동청소년,24,8,0.666667,65.51,2.7296,0.0,5.155,65.51,0,3.9e-05,0.067116
2026-03-19,15-19,10-19,아동청소년,9,3,0.666667,18.0,2.0,0.0,6.0,18.0,0,1.1e-05,0.018441
2026-03-19,20-24,20-29,청년,47,17,0.638298,124.72,2.6536,0.0,4.84,124.72,0,7.4e-05,0.127778
2026-03-19,25-29,20-29,청년,13,2,0.846154,18.0,1.3846,0.0,9.0,18.0,0,1.1e-05,0.018441
2026-03-19,30-34,30-39,청년,28,8,0.714286,56.09,2.0032,0.0,6.6,56.09,0,3.3e-05,0.057465
2026-03-19,35-39,30-39,청년,27,8,0.703704,108.72,4.0267,0.0,11.58,108.72,0,6.4e-05,0.111385
2026-03-19,40-44,40-49,중장년,16,6,0.625,45.74,2.8587,0.0,7.305,45.74,0,2.7e-05,0.046861
2026-03-19,45-49,40-49,중장년,85,33,0.611765,250.56,2.9478,0.0,6.2,250.56,0,0.000148,0.256703
2026-03-19,50-54,50-59,중장년,22,8,0.636364,66.71,3.0323,0.0,7.715,66.71,0,3.9e-05,0.068346
2026-03-19,55-59,50-59,중장년,7,6,0.142857,32.27,4.61,5.06,5.23,32.27,0,1.9e-05,0.033061
2026-03-19,60-64,60-69,중장년,37,11,0.702703,95.95,2.5932,0.0,8.16,95.95,0,5.7e-05,0.098302
2026-03-19,65-69,60-69,고령,17,3,0.823529,18.93,1.1135,0.0,6.16,18.93,0,1.1e-05,0.019394
2026-03-19,70-74,70-79,고령,5,0,1.0,0.0,0.0,0.0,,0.0,0,0.0,0.0
2026-03-19,75-79,70-79,고령,5,0,1.0,0.0,0.0,0.0,,0.0,0,0.0,0.0
2026-03-19,80+,80+,고령,23,1,0.956522,9.1,0.3957,0.0,9.1,9.1,0,5e-06,0.009323
2026-03-20,00-09,00-09,아동청소년,28,5,0.821429,114.81,4.1004,0.0,21.58,114.81,0,6.8e-05,0.01092
2026-03-20,10-14,10-19,아동청소년,15,2,0.866667,20.36,1.3573,0.0,10.18,20.36,0,1.2e-05,0.001936
2026-03-20,15-19,10-19,아동청소년,12,4,0.666667,2818.87,234.9058,0.0,14.145,2818.87,0,0.001668,0.268104
2026-03-20,20-24,20-29,청년,13,6,0.538462,67.31,5.1777,0.0,7.35,67.31,0,4e-05,0.006402
2026-03-20,25-29,20-29,청년,30,10,0.666667,50.39,1.6797,0.0,4.715,50.39,0,3e-05,0.004793
2026-03-20,30-34,30-39,청년,19,2,0.894737,14.39,0.7574,0.0,7.195,14.39,0,9e-06,0.001369
2026-03-20,35-39,30-39,청년,23,7,0.695652,336.79,14.643,0.0,16.22,336.79,0,0.000199,0.032032
2026-03-20,40-44,40-49,중장년,34,9,0.735294,120.43,3.5421,0.0,5.19,120.43,0,7.1e-05,0.011454
2026-03-20,45-49,40-49,중장년,39,14,0.641026,4710.34,120.7779,0.0,5.905,4710.34,0,0.002787,0.448002
2026-03-20,50-54,50-59,중장년,24,11,0.541667,1606.39,66.9329,0.0,5.47,1606.39,0,0.00095,0.152784
2026-03-20,55-59,50-59,중장년,11,8,0.272727,67.65,6.15,3.25,3.705,67.65,0,4e-05,0.006434
2026-03-20,60-64,60-69,중장년,13,2,0.846154,10.43,0.8023,0.0,5.215,10.43,0,6e-06,0.000992
2026-03-20,65-69,60-69,고령,27,6,0.777778,34.72,1.2859,0.0,4.0,34.72,0,2.1e-05,0.003302
2026-03-20,70-74,70-79,고령,28,4,0.857143,541.22,19.3293,0.0,13.555,541.22,0,0.00032,0.051476
2026-03-20,75-79,70-79,고령,7,0,1.0,0.0,0.0,0.0,,0.0,0,0.0,0.0
2026-03-20,80+,80+,고령,13,0,1.0,0.0,0.0,0.0,,0.0,0,0.0,0.0
2026-03-21,00-09,00-09,아동청소년,46,3,0.934783,22.83,0.4963,0.0,6.63,22.83,0,1.4e-05,0.034781
2026-03-21,10-14,10-19,아동청소년,105,17,0.838095,84.92,0.8088,0.0,4.19,84.92,0,5e-05,0.129374
2026-03-21,15-19,10-19,아동청소년,59,6,0.898305,34.94,0.5922,0.0,4.39,34.94,0,2.1e-05,0.053231
2026-03-21,20-24,20-29,청년,63,14,0.777778,78.79,1.2506,0.0,4.225,78.79,0,4.7e-05,0.120035
2026-03-21,25-29,20-29,청년,38,8,0.789474,41.74,1.0984,0.0,4.03,41.74,0,2.5e-05,0.06359
2026-03-21,30-34,30-39,청년,41,5,0.878049,21.17,0.5163,0.0,3.88,21.17,0,1.3e-05,0.032252
2026-03-21,35-39,30-39,청년,52,4,0.923077,26.0,0.5,0.0,5.0,26.0,0,1.5e-05,0.039611
2026-03-21,40-44,40-49,중장년,74,12,0.837838,61.36,0.8292,0.0,4.59,61.36,0,3.6e-05,0.093481
2026-03-21,45-49,40-49,중장년,59,8,0.864407,32.24,0.5464,0.0,3.765,32.24,0,1.9e-05,0.049117
2026-03-21,50-54,50-59,중장년,28,6,0.785714,50.65,1.8089,0.0,8.31,50.65,0,3e-05,0.077164
2026-03-21,55-59,50-59,중장년,18,6,0.666667,26.17,1.4539,0.0,4.35,26.17,0,1.5e-05,0.03987
2026-03-21,60-64,60-69,중장년,61,11,0.819672,74.73,1.2251,0.0,5.01,74.73,0,4.4e-05,0.11385
2026-03-21,65-69,60-69,고령,26,6,0.769231,38.93,1.4973,0.0,5.72,38.93,0,2.3e-05,0.059309
2026-03-21,70-74,70-79,고령,47,3,0.93617,12.81,0.2726,0.0,3.93,12.81,0,8e-06,0.019516
2026-03-21,75-79,70-79,고령,44,3,0.931818,49.11,1.1161,0.0,6.55,49.11,0,2.9e-05,0.074818
2026-03-21,80+,80+,고령,68,0,1.0,0.0,0.0,0.0,,0.0,0,0.0,0.0
2026-03-22,00-09,00-09,아동청소년,24,2,0.916667,20.94,0.8725,0.0,10.47,20.94,0,1.2e-05,0.011303
2026-03-22,10-14,10-19,아동청소년,30,6,0.8,55.08,1.836,0.0,7.48,55.08,0,3.3e-05,0.029731
2026-03-22,15-19,10-19,아동청소년,19,4,0.789474,22.2,1.1684,0.0,5.36,22.2,0,1.3e-05,0.011983
2026-03-22,20-24,20-29,청년,39,9,0.769231,98.42,2.5236,0.0,5.53,98.42,0,5.8e-05,0.053125
2026-03-22,25-29,20-29,청년,52,13,0.75,857.06,16.4819,0.0,5.45,857.06,0,0.000507,0.462623
2026-03-22,30-34,30-39,청년,48,10,0.791667,82.03,1.709,0.0,6.295,82.03,0,4.9e-05,0.044278
2026-03-22,35-39,30-39,청년,21,4,0.809524,51.31,2.4433,0.0,11.12,51.31,0,3e-05,0.027696
2026-03-22,40-44,40-49,중장년,69,22,0.681159,156.72,2.2713,0.0,6.265,156.72,0,9.3e-05,0.084594
2026-03-22,45-49,40-49,중장년,28,5,0.821429,30.83,1.1011,0.0,6.15,30.83,0,1.8e-05,0.016641
2026-03-22,50-54,50-59,중장년,37,7,0.810811,49.47,1.337,0.0,6.83,49.47,0,2.9e-05,0.026703
2026-03-22,55-59,50-59,중장년,13,7,0.461538,63.85,4.9115,4.0,5.83,63.85,0,3.8e-05,0.034465
2026-03-22,60-64,60-69,중장년,50,14,0.72,148.21,2.9642,0.0,5.775,148.21,0,8.8e-05,0.080001
2026-03-22,65-69,60-69,고령,21,8,0.619048,88.04,4.1924,0.0,8.935,88.04,0,5.2e-05,0.047522
2026-03-22,70-74,70-79,고령,37,8,0.783784,123.24,3.3308,0.0,5.935,123.24,0,7.3e-05,0.066522
2026-03-22,75-79,70-79,고령,12,1,0.916667,5.21,0.4342,0.0,5.21,5.21,0,3e-06,0.002812
2026-03-22,80+,80+,고령,1,0,1.0,0.0,0.0,0.0,,0.0,0,0.0,0.0
2026-03-23,00-09,00-09,아동청소년,15,4,0.733333,27.87,1.858,0.0,7.91,27.87,0,1.6e-05,0.034467
2026-03-23,10-14,10-19,아동청소년,25,5,0.8,50.72,2.0288,0.0,8.68,50.72,0,3e-05,0.062726
2026-03-23,15-19,10-19,아동청소년,11,1,0.909091,8.0,0.7273,0.0,8.0,8.0,0,5e-06,0.009894
2026-03-23,20-24,20-29,청년,37,11,0.702703,94.47,2.5532,0.0,5.86,94.47,0,5.6e-05,0.116832
2026-03-23,25-29,20-29,청년,24,8,0.666667,55.7,2.3208,0.0,7.125,55.7,0,3.3e-05,0.068884
2026-03-23,30-34,30-39,청년,19,7,0.631579,49.02,2.58,0.0,6.38,49.02,0,2.9e-05,0.060623
2026-03-23,35-39,30-39,청년,27,8,0.703704,115.46,4.2763,0.0,8.27,115.46,0,6.8e-05,0.14279
2026-03-23,40-44,40-49,중장년,28,6,0.785714,34.65,1.2375,0.0,5.165,34.65,0,2.1e-05,0.042852
2026-03-23,45-49,40-49,중장년,26,11,0.576923,78.3,3.0115,0.0,6.17,78.3,0,4.6e-05,0.096834
2026-03-23,50-54,50-59,중장년,41,11,0.731707,110.57,2.6968,0.0,7.42,110.57,0,6.5e-05,0.136743
2026-03-23,55-59,50-59,중장년,13,8,0.384615,43.56,3.3508,3.35,4.49,43.56,0,2.6e-05,0.053871
2026-03-23,60-64,60-69,중장년,23,10,0.565217,82.44,3.5843,0.0,5.575,82.44,0,4.9e-05,0.101954
2026-03-23,65-69,60-69,고령,24,8,0.666667,41.02,1.7092,0.0,4.265,41.02,0,2.4e-05,0.05073
2026-03-23,70-74,70-79,고령,10,1,0.9,9.68,0.968,0.0,9.68,9.68,0,6e-06,0.011971
2026-03-23,75-79,70-79,고령,10,1,0.9,7.14,0.714,0.0,7.14,7.14,0,4e-06,0.00883
2026-03-23,80+,80+,고령,3,0,1.0,0.0,0.0,0.0,,0.0,0,0.0,0.0
2026-03-24,00-09,00-09,아동청소년,17,0,1.0,0.0,0.0,0.0,,0.0,0,0.0,0.0
2026-03-24,10-14,10-19,아동청소년,20,1,0.95,4.14,0.207,0.0,4.14,4.14,0,2e-06,0.008355
2026-03-24,15-19,10-19,아동청소년,13,0,1.0,0.0,0.0,0.0,,0.0,0,0.0,0.0
2026-03-24,20-24,20-29,청년,21,8,0.619048,132.13,6.2919,0.0,8.2,132.13,0,7.8e-05,0.26666
2026-03-24,25-29,20-29,청년,5,1,0.8,12.91,2.582,0.0,12.91,12.91,0,8e-06,0.026054
2026-03-24,30-34,30-39,청년,13,1,0.923077,6.26,0.4815,0.0,6.26,6.26,0,4e-06,0.012634
2026-03-24,35-39,30-39,청년,18,3,0.833333,22.68,1.26,0.0,5.33,22.68,0,1.3e-05,0.045772
2026-03-24,40-44,40-49,중장년,20,3,0.85,43.08,2.154,0.0,14.0,43.08,0,2.5e-05,0.086942
2026-03-24,45-49,40-49,중장년,33,10,0.69697,110.52,3.3491,0.0,7.745,110.52,0,6.5e-05,0.223047
2026-03-24,50-54,50-59,중장년,4,1,0.75,29.64,7.41,0.0,29.64,29.64,0,1.8e-05,0.059818
2026-03-24,60-64,60-69,중장년,21,0,1.0,0.0,0.0,0.0,,0.0,0,0.0,0.0
2026-03-24,65-69,60-69,고령,10,3,0.7,30.72,3.072,0.0,4.14,30.72,0,1.8e-05,0.061998
2026-03-24,70-74,70-79,고령,12,2,0.833333,18.56,1.5467,0.0,9.28,18.56,0,1.1e-05,0.037457
2026-03-24,75-79,70-79,고령,13,2,0.846154,31.58,2.4292,0.0,15.79,31.58,0,1.9e-05,0.063734
2026-03-24,80+,80+,고령,42,3,0.928571,53.28,1.2686,0.0,19.92,53.28,0,3.2e-05,0.107528
2026-03-25,00-09,00-09,아동청소년,33,1,0.969697,19.0,0.5758,0.0,19.0,19.0,0,1.1e-05,0.000434
2026-03-25,10-14,10-19,아동청소년,69,3,0.956522,40.34,0.5846,0.0,10.66,40.34,0,2.4e-05,0.000921
2026-03-25,15-19,10-19,아동청소년,98,11,0.887755,205.41,2.096,0.0,5.23,205.41,0,0.000122,0.004692
2026-03-25,20-24,20-29,청년,37,5,0.864865,5956.68,160.9914,0.0,6.28,23.84,1,0.003524,0.13605
2026-03-25,25-29,20-29,청년,110,18,0.836364,4274.87,38.8625,0.0,6.02,4274.87,0,0.002529,0.097637
2026-03-25,30-34,30-39,청년,35,2,0.942857,8.14,0.2326,0.0,4.07,8.14,0,5e-06,0.000186
2026-03-25,35-39,30-39,청년,91,14,0.846154,11202.86,123.1084,0.0,26.68,5270.02,1,0.006628,0.255872
2026-03-25,40-44,40-49,중장년,81,14,0.82716,208.07,2.5688,0.0,8.945,208.07,0,0.000123,0.004752
2026-03-25,45-49,40-49,중장년,104,23,0.778846,255.89,2.4605,0.0,7.05,255.89,0,0.000151,0.005844
2026-03-25,50-54,50-59,중장년,71,8,0.887324,3418.67,48.1503,0.0,12.81,3418.67,0,0.002023,0.078082
2026-03-25,55-59,50-59,중장년,22,3,0.863636,15.1,0.6864,0.0,3.22,15.1,0,9e-06,0.000345
2026-03-25,60-64,60-69,중장년,46,9,0.804348,113.59,2.4693,0.0,10.35,113.59,0,6.7e-05,0.002594
2026-03-25,65-69,60-69,고령,37,13,0.648649,6808.93,184.0251,0.0,4.73,6808.93,0,0.004029,0.155515
2026-03-25,70-74,70-79,고령,38,3,0.921053,5957.9,156.7868,0.0,21.06,25.06,1,0.003525,0.136078
2026-03-25,75-79,70-79,고령,30,2,0.933333,28.68,0.956,0.0,14.34,28.68,0,1.7e-05,0.000655
2026-03-25,80+,80+,고령,28,1,0.964286,5268.95,188.1768,0.0,5268.95,5268.95,0,0.003117,0.120342
2026-03-26,00-09,00-09,아동청소년,56,0,1.0,0.0,0.0,0.0,,0.0,0,0.0,0.0
2026-03-26,10-14,10-19,아동청소년,60,8,0.866667,66.66,1.111,0.0,7.645,66.66,0,3.9e-05,0.010079
2026-03-26,15-19,10-19,아동청소년,54,5,0.907407,39.39,0.7294,0.0,4.74,39.39,0,2.3e-05,0.005956
2026-03-26,20-24,20-29,청년,29,9,0.689655,65.62,2.2628,0.0,4.9,65.62,0,3.9e-05,0.009921
2026-03-26,25-29,20-29,청년,32,5,0.84375,2942.56,91.955,0.0,5.52,2942.56,0,0.001741,0.444901
2026-03-26,30-34,30-39,청년,87,18,0.793103,101.28,1.1641,0.0,4.93,101.28,0,6e-05,0.015313
2026-03-26,35-39,30-39,청년,43,10,0.767442,2781.85,64.6942,0.0,8.305,2781.85,0,0.001646,0.420602
2026-03-26,40-44,40-49,중장년,79,19,0.759494,330.76,4.1868,0.0,4.82,330.76,0,0.000196,0.050009
2026-03-26,45-49,40-49,중장년,64,8,0.875,56.78,0.8872,0.0,7.64,56.78,0,3.4e-05,0.008585
2026-03-26,50-54,50-59,중장년,40,10,0.75,61.4,1.535,0.0,5.36,61.4,0,3.6e-05,0.009283
2026-03-26,55-59,50-59,중장년,46,16,0.652174,117.06,2.5448,0.0,4.445,117.06,0,6.9e-05,0.017699
2026-03-26,60-64,60-69,중장년,32,2,0.9375,10.33,0.3228,0.0,5.165,10.33,0,6e-06,0.001562
2026-03-26,65-69,60-69,고령,37,6,0.837838,31.3,0.8459,0.0,4.97,31.3,0,1.9e-05,0.004732
2026-03-26,70-74,70-79,고령,24,1,0.958333,8.98,0.3742,0.0,8.98,8.98,0,5e-06,0.001358
2026-03-26,75-79,70-79,고령,17,0,1.0,0.0,0.0,0.0,,0.0,0,0.0,0.0
2026-03-26,80+,80+,고령,54,0,1.0,0.0,0.0,0.0,,0.0,0,0.0,0.0
2026-03-27,00-09,00-09,아동청소년,30,5,0.833333,45.65,1.5217,0.0,7.45,45.65,0,2.7e-05,0.001756
2026-03-27,10-14,10-19,아동청소년,48,11,0.770833,167.12,3.4817,0.0,10.0,167.12,0,9.9e-05,0.006429
2026-03-27,15-19,10-19,아동청소년,17,5,0.705882,26.2,1.5412,0.0,4.13,26.2,0,1.6e-05,0.001008
2026-03-27,20-24,20-29,청년,63,22,0.650794,6544.52,103.8813,0.0,4.665,6544.52,0,0.003872,0.251761
2026-03-27,25-29,20-29,청년,26,7,0.730769,62.11,2.3888,0.0,4.01,62.11,0,3.7e-05,0.002389
2026-03-27,30-34,30-39,청년,37,16,0.567568,150.08,4.0562,0.0,4.855,150.08,0,8.9e-05,0.005773
2026-03-27,35-39,30-39,청년,28,5,0.821429,3313.69,118.3461,0.0,10.44,3313.69,0,0.001961,0.127474
2026-03-27,40-44,40-49,중장년,44,16,0.636364,115.03,2.6143,0.0,5.535,115.03,0,6.8e-05,0.004425
2026-03-27,45-49,40-49,중장년,49,20,0.591837,138.84,2.8335,0.0,6.53,138.84,0,8.2e-05,0.005341
2026-03-27,50-54,50-59,중장년,37,12,0.675676,6030.22,162.9789,0.0,4.595,6030.22,1,0.003568,0.231977
2026-03-27,55-59,50-59,중장년,30,17,0.433333,144.87,4.829,3.39,5.15,144.87,0,8.6e-05,0.005573
2026-03-27,60-64,60-69,중장년,57,23,0.596491,424.46,7.4467,0.0,5.89,424.46,0,0.000251,0.016329
2026-03-27,65-69,60-69,고령,27,9,0.666667,197.26,7.3059,0.0,7.08,197.26,0,0.000117,0.007588
2026-03-27,70-74,70-79,고령,20,5,0.75,5679.16,283.958,0.0,10.0,5679.16,0,0.00336,0.218472
2026-03-27,75-79,70-79,고령,18,6,0.666667,2901.41,161.1894,0.0,14.345,2901.41,0,0.001717,0.111614
2026-03-27,80+,80+,고령,23,4,0.826087,54.34,2.3626,0.0,8.835,54.34,0,3.2e-05,0.00209
2026-03-28,00-09,00-09,아동청소년,29,7,0.758621,88.77,3.061,0.0,8.13,88.77,0,5.3e-05,0.003435
2026-03-28,10-14,10-19,아동청소년,41,9,0.780488,342.38,8.3507,0.0,4.64,32.94,0,0.000203,0.013249
2026-03-28,15-19,10-19,아동청소년,66,19,0.712121,154.63,2.3429,0.0,6.29,154.63,0,9.1e-05,0.005984
2026-03-28,20-24,20-29,청년,68,34,0.5,4042.56,59.4494,1.7,5.84,4016.47,0,0.002392,0.156436
2026-03-28,25-29,20-29,청년,42,13,0.690476,107.7,2.5643,0.0,6.15,96.94,0,6.4e-05,0.004168
2026-03-28,30-34,30-39,청년,76,24,0.684211,157.73,2.0754,0.0,5.095,157.73,0,9.3e-05,0.006104
2026-03-28,35-39,30-39,청년,64,29,0.546875,591.23,9.238,0.0,6.34,415.15,0,0.00035,0.022879
2026-03-28,40-44,40-49,중장년,103,40,0.61165,334.44,3.247,0.0,6.0,334.44,0,0.000198,0.012942
2026-03-28,45-49,40-49,중장년,35,17,0.514286,164.59,4.7026,0.0,8.44,164.59,0,9.7e-05,0.006369
2026-03-28,50-54,50-59,중장년,78,38,0.512821,7312.29,93.7473,0.0,5.89,6978.67,0,0.004326,0.282966
2026-03-28,55-59,50-59,중장년,29,21,0.275862,121.46,4.1883,4.0,5.05,110.72,0,7.2e-05,0.0047
2026-03-28,60-64,60-69,중장년,27,11,0.592593,8008.7,296.6185,0.0,6.11,7997.92,0,0.004738,0.309915
2026-03-28,65-69,60-69,고령,55,19,0.654545,4039.84,73.4516,0.0,4.95,4039.84,0,0.00239,0.156331
2026-03-28,70-74,70-79,고령,51,17,0.666667,136.72,2.6808,0.0,5.23,136.72,0,8.1e-05,0.005291
2026-03-28,75-79,70-79,고령,19,5,0.736842,59.39,3.1258,0.0,9.19,59.39,0,3.5e-05,0.002298
2026-03-28,80+,80+,고령,11,1,0.909091,179.14,16.2855,0.0,179.14,0.0,0,0.000106,0.006932
2026-03-29,00-09,00-09,아동청소년,58,8,0.862069,70.54,1.2162,0.0,7.47,70.54,0,4.2e-05,0.012474
2026-03-29,10-14,10-19,아동청소년,40,7,0.825,125.89,3.1472,0.0,7.27,125.89,0,7.4e-05,0.022262
2026-03-29,15-19,10-19,아동청소년,12,4,0.666667,371.62,30.9683,0.0,69.04,371.62,0,0.00022,0.065717
2026-03-29,20-24,20-29,청년,48,17,0.645833,194.08,4.0433,0.0,8.69,194.08,0,0.000115,0.034321
2026-03-29,25-29,20-29,청년,76,26,0.657895,191.65,2.5217,0.0,5.11,191.65,0,0.000113,0.033891
2026-03-29,30-34,30-39,청년,43,10,0.767442,64.68,1.5042,0.0,5.65,64.68,0,3.8e-05,0.011438
2026-03-29,35-39,30-39,청년,41,14,0.658537,258.8,6.3122,0.0,10.365,258.8,0,0.000153,0.045766
2026-03-29,40-44,40-49,중장년,69,22,0.681159,503.87,7.3025,0.0,9.72,503.87,0,0.000298,0.089105
2026-03-29,45-49,40-49,중장년,53,17,0.679245,230.75,4.3538,0.0,8.0,230.75,0,0.000137,0.040806
2026-03-29,50-54,50-59,중장년,61,18,0.704918,3121.16,51.1666,0.0,6.22,3121.16,0,0.001847,0.551947
2026-03-29,55-59,50-59,중장년,27,10,0.62963,162.06,6.0022,0.0,5.04,162.06,0,9.6e-05,0.028659
2026-03-29,60-64,60-69,중장년,12,5,0.583333,113.77,9.4808,0.0,24.31,113.77,0,6.7e-05,0.020119
2026-03-29,65-69,60-69,고령,18,7,0.611111,85.55,4.7528,0.0,7.02,85.55,0,5.1e-05,0.015129
2026-03-29,70-74,70-79,고령,41,4,0.902439,44.73,1.091,0.0,6.635,44.73,0,2.6e-05,0.00791
2026-03-29,75-79,70-79,고령,20,5,0.75,115.67,5.7835,0.0,12.33,115.67,0,6.8e-05,0.020455
2026-03-29,80+,80+,고령,26,0,1.0,0.0,0.0,0.0,,0.0,0,0.0,0.0
2026-03-30,00-09,00-09,아동청소년,23,2,0.913043,24.37,1.0596,0.0,12.185,24.37,0,1.4e-05,0.00488
2026-03-30,10-14,10-19,아동청소년,23,2,0.913043,6.81,0.2961,0.0,3.405,6.81,0,4e-06,0.001364
2026-03-30,15-19,10-19,아동청소년,16,1,0.9375,10.39,0.6494,0.0,10.39,10.39,0,6e-06,0.00208
2026-03-30,20-24,20-29,청년,38,12,0.684211,56.56,1.4884,0.0,4.16,56.56,0,3.3e-05,0.011326
2026-03-30,25-29,20-29,청년,47,15,0.680851,172.53,3.6709,0.0,5.74,172.53,0,0.000102,0.034547
2026-03-30,30-34,30-39,청년,44,10,0.772727,61.86,1.4059,0.0,5.3,61.86,0,3.7e-05,0.012387
2026-03-30,35-39,30-39,청년,42,10,0.761905,234.48,5.5829,0.0,10.025,234.48,0,0.000139,0.046952
2026-03-30,40-44,40-49,중장년,63,17,0.730159,4075.87,64.6963,0.0,6.49,4075.87,0,0.002412,0.816152
2026-03-30,45-49,40-49,중장년,23,6,0.73913,50.98,2.2165,0.0,5.795,50.98,0,3e-05,0.010208
2026-03-30,50-54,50-59,중장년,31,10,0.677419,123.97,3.999,0.0,6.0,123.97,0,7.3e-05,0.024824
2026-03-30,55-59,50-59,중장년,3,1,0.666667,6.0,2.0,0.0,6.0,6.0,0,4e-06,0.001201
2026-03-30,60-64,60-69,중장년,25,1,0.96,5.04,0.2016,0.0,5.04,5.04,0,3e-06,0.001009
2026-03-30,65-69,60-69,고령,23,7,0.695652,50.11,2.1787,0.0,6.05,50.11,0,3e-05,0.010034
2026-03-30,70-74,70-79,고령,44,7,0.840909,85.19,1.9361,0.0,7.6,85.19,0,5e-05,0.017058
2026-03-30,75-79,70-79,고령,33,5,0.848485,29.85,0.9045,0.0,4.89,29.85,0,1.8e-05,0.005977
2026-03-30,80+,80+,고령,33,0,1.0,0.0,0.0,0.0,,0.0,0,0.0,0.0
2026-03-31,00-09,00-09,아동청소년,23,1,0.956522,7.54,0.3278,0.0,7.54,7.54,0,4e-06,0.001566
2026-03-31,10-14,10-19,아동청소년,37,6,0.837838,35.28,0.9535,0.0,4.805,35.28,0,2.1e-05,0.007328
2026-03-31,15-19,10-19,아동청소년,26,5,0.807692,106.08,4.08,0.0,6.13,106.08,0,6.3e-05,0.022033
2026-03-31,20-24,20-29,청년,69,29,0.57971,308.07,4.4648,0.0,4.18,308.07,0,0.000182,0.063986
2026-03-31,25-29,20-29,청년,32,14,0.5625,105.07,3.2834,0.0,4.87,105.07,0,6.2e-05,0.021823
2026-03-31,30-34,30-39,청년,35,7,0.8,43.62,1.2463,0.0,4.96,43.62,0,2.6e-05,0.00906
2026-03-31,35-39,30-39,청년,49,13,0.734694,834.67,17.0341,0.0,7.77,834.67,0,0.000494,0.17336
2026-03-31,40-44,40-49,중장년,64,12,0.8125,76.15,1.1898,0.0,4.87,76.15,0,4.5e-05,0.015816
2026-03-31,45-49,40-49,중장년,44,10,0.772727,73.58,1.6723,0.0,7.065,73.58,0,4.4e-05,0.015282
2026-03-31,50-54,50-59,중장년,26,11,0.576923,64.03,2.4627,0.0,4.92,64.03,0,3.8e-05,0.013299
2026-03-31,55-59,50-59,중장년,34,17,0.5,141.34,4.1571,1.62,4.66,141.34,0,8.4e-05,0.029356
2026-03-31,60-64,60-69,중장년,38,10,0.736842,99.12,2.6084,0.0,4.905,99.12,0,5.9e-05,0.020587
2026-03-31,65-69,60-69,고령,42,11,0.738095,45.49,1.0831,0.0,4.0,45.49,0,2.7e-05,0.009448
2026-03-31,70-74,70-79,고령,26,6,0.769231,41.49,1.5958,0.0,4.16,41.49,0,2.5e-05,0.008617
2026-03-31,75-79,70-79,고령,32,8,0.75,2806.07,87.6897,0.0,21.77,2806.07,0,0.00166,0.582817
2026-03-31,80+,80+,고령,55,4,0.927273,27.07,0.4922,0.0,4.18,27.07,0,1.6e-05,0.005622
2026-04-01,00-09,00-09,아동청소년,33,2,0.939394,15.37,0.4658,0.0,7.685,15.37,0,9e-06,0.012323
2026-04-01,10-14,10-19,아동청소년,73,9,0.876712,99.16,1.3584,0.0,10.0,99.16,0,5.9e-05,0.079502
2026-04-01,15-19,10-19,아동청소년,45,6,0.866667,43.28,0.9618,0.0,7.405,43.28,0,2.6e-05,0.0347
2026-04-01,20-24,20-29,청년,63,16,0.746032,156.62,2.486,0.0,6.3,156.62,0,9.3e-05,0.12557
2026-04-01,25-29,20-29,청년,49,8,0.836735,47.27,0.9647,0.0,5.685,47.27,0,2.8e-05,0.037899
2026-04-01,30-34,30-39,청년,81,16,0.802469,123.95,1.5302,0.0,6.855,123.95,0,7.3e-05,0.099377
2026-04-01,35-39,30-39,청년,60,9,0.85,179.75,2.9958,0.0,14.16,179.75,0,0.000106,0.144115
2026-04-01,40-44,40-49,중장년,32,5,0.84375,118.96,3.7175,0.0,13.68,118.96,0,7e-05,0.095376
2026-04-01,45-49,40-49,중장년,65,14,0.784615,78.77,1.2118,0.0,4.09,78.77,0,4.7e-05,0.063154
2026-04-01,50-54,50-59,중장년,29,9,0.689655,146.17,5.0403,0.0,8.26,146.17,0,8.6e-05,0.117192
2026-04-01,55-59,50-59,중장년,2,2,0.0,11.46,5.73,5.73,5.73,11.46,0,7e-06,0.009188
2026-04-01,60-64,60-69,중장년,21,2,0.904762,14.59,0.6948,0.0,7.295,14.59,0,9e-06,0.011698
2026-04-01,65-69,60-69,고령,20,5,0.75,56.07,2.8035,0.0,8.0,56.07,0,3.3e-05,0.044954
2026-04-01,70-74,70-79,고령,34,2,0.941176,23.13,0.6803,0.0,11.565,23.13,0,1.4e-05,0.018545
2026-04-01,75-79,70-79,고령,59,9,0.847458,116.1,1.9678,0.0,12.29,116.1,0,6.9e-05,0.093083
2026-04-01,80+,80+,고령,57,2,0.964912,16.62,0.2916,0.0,8.31,16.62,0,1e-05,0.013325
2026-04-02,00-09,00-09,아동청소년,34,8,0.764706,397.32,11.6859,0.0,8.16,397.32,0,0.000235,0.027728
2026-04-02,10-14,10-19,아동청소년,55,10,0.818182,107.32,1.9513,0.0,10.44,107.32,0,6.3e-05,0.00749
2026-04-02,15-19,10-19,아동청소년,24,5,0.791667,18.22,0.7592,0.0,3.64,18.22,0,1.1e-05,0.001272
2026-04-02,20-24,20-29,청년,109,43,0.605505,361.72,3.3185,0.0,4.92,361.72,0,0.000214,0.025244
2026-04-02,25-29,20-29,청년,32,9,0.71875,2801.43,87.5447,0.0,4.94,2801.43,0,0.001657,0.195507
2026-04-02,30-34,30-39,청년,37,14,0.621622,107.22,2.8978,0.0,5.205,107.22,0,6.3e-05,0.007483
2026-04-02,35-39,30-39,청년,137,41,0.70073,1123.83,8.2031,0.0,10.68,1123.83,0,0.000665,0.07843
2026-04-02,40-44,40-49,중장년,82,25,0.695122,328.15,4.0018,0.0,7.83,328.15,0,0.000194,0.022901
2026-04-02,45-49,40-49,중장년,90,28,0.688889,2346.33,26.0703,0.0,6.575,2346.33,0,0.001388,0.163747
2026-04-02,50-54,50-59,중장년,63,25,0.603175,6128.9,97.2841,0.0,6.96,6122.34,0,0.003626,0.427726
2026-04-02,55-59,50-59,중장년,36,16,0.555556,173.34,4.815,0.0,4.465,173.34,0,0.000103,0.012097
2026-04-02,60-64,60-69,중장년,27,6,0.777778,74.46,2.7578,0.0,5.265,74.46,0,4.4e-05,0.005196
2026-04-02,65-69,60-69,고령,49,16,0.673469,111.4,2.2735,0.0,4.27,111.4,0,6.6e-05,0.007774
2026-04-02,70-74,70-79,고령,34,7,0.794118,44.66,1.3135,0.0,4.83,44.66,0,2.6e-05,0.003117
2026-04-02,75-79,70-79,고령,42,11,0.738095,175.82,4.1862,0.0,8.14,175.82,0,0.000104,0.01227
2026-04-02,80+,80+,고령,22,3,0.863636,28.91,1.3141,0.0,7.53,28.91,0,1.7e-05,0.002018
2026-04-03,00-09,00-09,아동청소년,9,2,0.777778,18.98,2.1089,0.0,9.49,18.98,0,1.1e-05,0.019516
2026-04-03,10-14,10-19,아동청소년,62,7,0.887097,54.3,0.8758,0.0,4.71,54.3,0,3.2e-05,0.055833
2026-04-03,15-19,10-19,아동청소년,25,8,0.68,87.97,3.5188,0.0,9.59,87.97,0,5.2e-05,0.090454
2026-04-03,20-24,20-29,청년,57,16,0.719298,106.05,1.8605,0.0,4.225,106.05,0,6.3e-05,0.109044
2026-04-03,25-29,20-29,청년,31,8,0.741935,41.77,1.3474,0.0,4.835,41.77,0,2.5e-05,0.042949
2026-04-03,30-34,30-39,청년,23,5,0.782609,67.61,2.9396,0.0,8.0,67.61,0,4e-05,0.069519
2026-04-03,35-39,30-39,청년,25,4,0.84,44.55,1.782,0.0,5.725,44.55,0,2.6e-05,0.045808
2026-04-03,40-44,40-49,중장년,94,24,0.744681,120.67,1.2837,0.0,4.35,120.67,0,7.1e-05,0.124077
2026-04-03,45-49,40-49,중장년,48,13,0.729167,119.63,2.4923,0.0,7.34,119.63,0,7.1e-05,0.123008
2026-04-03,50-54,50-59,중장년,37,13,0.648649,81.79,2.2105,0.0,5.98,81.79,0,4.8e-05,0.084099
2026-04-03,55-59,50-59,중장년,18,10,0.444444,52.86,2.9367,3.115,4.57,52.86,0,3.1e-05,0.054353
2026-04-03,60-64,60-69,중장년,69,16,0.768116,100.08,1.4504,0.0,4.0,100.08,0,5.9e-05,0.102906
2026-04-03,65-69,60-69,고령,19,2,0.894737,11.03,0.5805,0.0,5.515,11.03,0,7e-06,0.011341
2026-04-03,70-74,70-79,고령,22,3,0.863636,14.2,0.6455,0.0,4.2,14.2,0,8e-06,0.014601
2026-04-03,75-79,70-79,고령,15,4,0.733333,51.05,3.4033,0.0,13.53,51.05,0,3e-05,0.052491
2026-04-03,80+,80+,고령,24,0,1.0,0.0,0.0,0.0,,0.0,0,0.0,0.0
2026-04-04,00-09,00-09,아동청소년,18,2,0.888889,29.58,1.6433,0.0,14.79,29.58,0,1.8e-05,0.005955
2026-04-04,10-14,10-19,아동청소년,34,15,0.558824,117.66,3.4606,0.0,5.04,117.66,0,7e-05,0.023686
2026-04-04,15-19,10-19,아동청소년,3,0,1.0,0.0,0.0,0.0,,0.0,0,0.0,0.0
2026-04-04,20-24,20-29,청년,39,19,0.512821,119.51,3.0644,0.0,4.48,119.51,0,7.1e-05,0.024059
2026-04-04,25-29,20-29,청년,29,10,0.655172,160.89,5.5479,0.0,5.95,160.89,0,9.5e-05,0.032389
2026-04-04,30-34,30-39,청년,17,6,0.647059,38.06,2.2388,0.0,4.74,38.06,0,2.3e-05,0.007662
2026-04-04,35-39,30-39,청년,27,12,0.555556,1086.97,40.2581,0.0,9.98,1074.42,0,0.000643,0.21882
2026-04-04,40-44,40-49,중장년,25,12,0.52,89.48,3.5792,0.0,7.005,89.48,0,5.3e-05,0.018013
2026-04-04,45-49,40-49,중장년,11,5,0.545455,32.57,2.9609,0.0,6.63,32.57,0,1.9e-05,0.006557
2026-04-04,50-54,50-59,중장년,19,9,0.526316,3010.71,158.4584,0.0,5.29,57.74,0,0.001781,0.606093
2026-04-04,55-59,50-59,중장년,11,7,0.363636,41.11,3.7373,4.2,4.77,41.11,0,2.4e-05,0.008276
2026-04-04,60-64,60-69,중장년,20,12,0.4,109.5,5.475,3.8,7.125,109.5,0,6.5e-05,0.022044
2026-04-04,65-69,60-69,고령,16,9,0.4375,102.35,6.3969,3.775,9.27,102.35,0,6.1e-05,0.020604
2026-04-04,70-74,70-79,고령,12,4,0.666667,24.91,2.0758,0.0,4.215,24.91,0,1.5e-05,0.005015
2026-04-04,75-79,70-79,고령,3,1,0.666667,4.11,1.37,0.0,4.11,4.11,0,2e-06,0.000827
2026-04-04,80+,80+,고령,13,0,1.0,0.0,0.0,0.0,,0.0,0,0.0,0.0
2026-04-05,00-09,00-09,아동청소년,17,1,0.941176,6.85,0.4029,0.0,6.85,6.85,0,4e-06,0.003762
2026-04-05,10-14,10-19,아동청소년,33,4,0.878788,33.56,1.017,0.0,7.8,33.56,0,2e-05,0.018432
2026-04-05,15-19,10-19,아동청소년,2,0,1.0,0.0,0.0,0.0,,0.0,0,0.0,0.0
2026-04-05,20-24,20-29,청년,26,9,0.653846,61.77,2.3758,0.0,5.96,61.77,0,3.7e-05,0.033926
2026-04-05,25-29,20-29,청년,19,7,0.631579,44.19,2.3258,0.0,4.44,44.19,0,2.6e-05,0.02427
2026-04-05,30-34,30-39,청년,134,41,0.69403,882.27,6.5841,0.0,5.88,882.27,0,0.000522,0.484564
2026-04-05,35-39,30-39,청년,25,9,0.64,196.99,7.8796,0.0,14.17,196.99,0,0.000117,0.108192
2026-04-05,40-44,40-49,중장년,51,14,0.72549,135.68,2.6604,0.0,7.035,135.68,0,8e-05,0.074519
2026-04-05,45-49,40-49,중장년,18,7,0.611111,61.04,3.3911,0.0,8.0,61.04,0,3.6e-05,0.033525
2026-04-05,50-54,50-59,중장년,20,6,0.7,75.52,3.776,0.0,8.405,75.52,0,4.5e-05,0.041477
2026-04-05,55-59,50-59,중장년,19,8,0.578947,162.65,8.5605,0.0,6.255,162.65,0,9.6e-05,0.089331
2026-04-05,60-64,60-69,중장년,29,5,0.827586,41.99,1.4479,0.0,5.52,41.99,0,2.5e-05,0.023062
2026-04-05,65-69,60-69,고령,9,4,0.555556,16.91,1.8789,0.0,3.915,16.91,0,1e-05,0.009287
2026-04-05,70-74,70-79,고령,21,2,0.904762,12.77,0.6081,0.0,6.385,12.77,0,8e-06,0.007014
2026-04-05,75-79,70-79,고령,13,4,0.692308,74.83,5.7562,0.0,9.3,74.83,0,4.4e-05,0.041098
2026-04-05,80+,80+,고령,40,3,0.925,13.73,0.3432,0.0,4.12,13.73,0,8e-06,0.007541
2026-04-06,00-09,00-09,아동청소년,24,0,1.0,0.0,0.0,0.0,,0.0,0,0.0,0.0
2026-04-06,10-14,10-19,아동청소년,28,6,0.785714,3902.73,139.3832,0.0,22.61,3902.73,0,0.002309,0.33986
2026-04-06,15-19,10-19,아동청소년,32,3,0.90625,19.85,0.6203,0.0,6.46,19.85,0,1.2e-05,0.001729
2026-04-06,20-24,20-29,청년,87,27,0.689655,771.8,8.8713,0.0,4.75,771.8,0,0.000457,0.06721
2026-04-06,25-29,20-29,청년,22,6,0.727273,39.79,1.8086,0.0,5.82,39.79,0,2.4e-05,0.003465
2026-04-06,30-34,30-39,청년,7,3,0.571429,17.88,2.5543,0.0,5.11,17.88,0,1.1e-05,0.001557
2026-04-06,35-39,30-39,청년,58,17,0.706897,696.96,12.0166,0.0,10.0,696.96,0,0.000412,0.060693
2026-04-06,40-44,40-49,중장년,55,11,0.8,78.17,1.4213,0.0,6.46,78.17,0,4.6e-05,0.006807
2026-04-06,45-49,40-49,중장년,85,22,0.741176,318.91,3.7519,0.0,6.91,318.91,0,0.000189,0.027772
2026-04-06,50-54,50-59,중장년,10,3,0.7,21.75,2.175,0.0,8.41,21.75,0,1.3e-05,0.001894
2026-04-06,55-59,50-59,중장년,9,4,0.555556,5388.54,598.7267,0.0,47.135,5388.54,0,0.003188,0.469248
2026-04-06,60-64,60-69,중장년,13,2,0.846154,8.73,0.6715,0.0,4.365,8.73,0,5e-06,0.00076
2026-04-06,65-69,60-69,고령,18,6,0.666667,35.87,1.9928,0.0,5.685,35.87,0,2.1e-05,0.003124
2026-04-06,70-74,70-79,고령,48,9,0.8125,107.16,2.2325,0.0,6.6,107.16,0,6.3e-05,0.009332
2026-04-06,75-79,70-79,고령,37,9,0.756757,71.03,1.9197,0.0,6.3,71.03,0,4.2e-05,0.006185
2026-04-06,80+,80+,고령,34,1,0.970588,4.18,0.1229,0.0,4.18,4.18,0,2e-06,0.000364
2026-04-07,00-09,00-09,아동청소년,19,1,0.947368,6.7,0.3526,0.0,6.7,6.7,0,4e-06,0.003859
2026-04-07,10-14,10-19,아동청소년,43,0,1.0,0.0,0.0,0.0,,0.0,0,0.0,0.0
2026-04-07,15-19,10-19,아동청소년,9,0,1.0,0.0,0.0,0.0,,0.0,0,0.0,0.0
2026-04-07,20-24,20-29,청년,18,8,0.555556,116.58,6.4767,0.0,7.18,116.58,0,6.9e-05,0.067153
2026-04-07,25-29,20-29,청년,14,0,1.0,0.0,0.0,0.0,,0.0,0,0.0,0.0
2026-04-07,30-34,30-39,청년,12,1,0.916667,4.0,0.3333,0.0,4.0,4.0,0,2e-06,0.002304
2026-04-07,35-39,30-39,청년,3,1,0.666667,463.68,154.56,0.0,463.68,463.68,0,0.000274,0.267091
2026-04-07,40-44,40-49,중장년,24,4,0.833333,24.57,1.0238,0.0,6.485,24.57,0,1.5e-05,0.014153
2026-04-07,45-49,40-49,중장년,14,3,0.785714,14.11,1.0079,0.0,4.73,14.11,0,8e-06,0.008128
2026-04-07,50-54,50-59,중장년,21,4,0.809524,34.68,1.6514,0.0,4.29,34.68,0,2.1e-05,0.019976
2026-04-07,55-59,50-59,중장년,47,12,0.744681,94.86,2.0183,0.0,6.12,94.86,0,5.6e-05,0.054642
2026-04-07,60-64,60-69,중장년,28,2,0.928571,10.66,0.3807,0.0,5.33,10.66,0,6e-06,0.00614
2026-04-07,65-69,60-69,고령,21,3,0.857143,14.79,0.7043,0.0,4.28,14.79,0,9e-06,0.008519
2026-04-07,70-74,70-79,고령,23,2,0.913043,61.91,2.6917,0.0,30.955,61.91,0,3.7e-05,0.035662
2026-04-07,75-79,70-79,고령,7,0,1.0,0.0,0.0,0.0,,0.0,0,0.0,0.0
2026-04-07,80+,80+,고령,48,4,0.916667,889.5,18.5312,0.0,11.855,889.5,0,0.000526,0.512373
2026-04-08,00-09,00-09,아동청소년,31,2,0.935484,14.9,0.4806,0.0,7.45,14.9,0,9e-06,0.00387
2026-04-08,10-14,10-19,아동청소년,18,2,0.888889,22.11,1.2283,0.0,11.055,22.11,0,1.3e-05,0.005743
2026-04-08,15-19,10-19,아동청소년,16,1,0.9375,4.9,0.3062,0.0,4.9,4.9,0,3e-06,0.001273
2026-04-08,20-24,20-29,청년,70,17,0.757143,107.78,1.5397,0.0,4.32,107.78,0,6.4e-05,0.027997
2026-04-08,25-29,20-29,청년,9,3,0.666667,21.88,2.4311,0.0,6.0,16.13,0,1.3e-05,0.005683
2026-04-08,30-34,30-39,청년,43,11,0.744186,90.76,2.1107,0.0,4.36,90.76,0,5.4e-05,0.023576
2026-04-08,35-39,30-39,청년,61,10,0.836066,160.03,2.6234,0.0,6.125,160.03,0,9.5e-05,0.041569
2026-04-08,40-44,40-49,중장년,5,2,0.6,8.08,1.616,0.0,4.04,8.08,0,5e-06,0.002099
2026-04-08,45-49,40-49,중장년,9,1,0.888889,4.12,0.4578,0.0,4.12,4.12,0,2e-06,0.00107
2026-04-08,50-54,50-59,중장년,23,4,0.826087,53.15,2.3109,0.0,7.51,53.15,0,3.1e-05,0.013806
2026-04-08,55-59,50-59,중장년,40,12,0.7,3104.21,77.6052,0.0,4.635,3104.21,0,0.001837,0.806341
2026-04-08,60-64,60-69,중장년,13,4,0.692308,16.8,1.2923,0.0,4.215,16.8,0,1e-05,0.004364
2026-04-08,65-69,60-69,고령,59,9,0.847458,49.57,0.8402,0.0,4.05,49.57,0,2.9e-05,0.012876
2026-04-08,70-74,70-79,고령,16,1,0.9375,45.36,2.835,0.0,45.36,45.36,0,2.7e-05,0.011783
2026-04-08,75-79,70-79,고령,17,0,1.0,0.0,0.0,0.0,,0.0,0,0.0,0.0
2026-04-08,80+,80+,고령,45,2,0.955556,146.1,3.2467,0.0,73.05,146.1,0,8.6e-05,0.037951
2026-04-09,00-09,00-09,아동청소년,25,1,0.96,23.92,0.9568,0.0,23.92,23.92,0,1.4e-05,0.089521
2026-04-09,10-14,10-19,아동청소년,39,4,0.897436,34.12,0.8749,0.0,7.46,34.12,0,2e-05,0.127695
2026-04-09,15-19,10-19,아동청소년,22,1,0.954545,4.79,0.2177,0.0,4.79,4.79,0,3e-06,0.017927
2026-04-09,20-24,20-29,청년,11,2,0.818182,20.18,1.8345,0.0,10.09,20.18,0,1.2e-05,0.075524
2026-04-09,25-29,20-29,청년,25,3,0.88,15.23,0.6092,0.0,5.12,15.23,0,9e-06,0.056999
2026-04-09,30-34,30-39,청년,15,3,0.8,17.58,1.172,0.0,4.57,17.58,0,1e-05,0.065793
2026-04-09,35-39,30-39,청년,34,1,0.970588,47.98,1.4112,0.0,47.98,47.98,0,2.8e-05,0.179566
2026-04-09,40-44,40-49,중장년,22,3,0.863636,13.74,0.6245,0.0,4.14,13.74,0,8e-06,0.051422
2026-04-09,45-49,40-49,중장년,21,1,0.952381,14.41,0.6862,0.0,14.41,14.41,0,9e-06,0.05393
2026-04-09,50-54,50-59,중장년,18,1,0.944444,18.97,1.0539,0.0,18.97,18.97,0,1.1e-05,0.070996
2026-04-09,55-59,50-59,중장년,3,0,1.0,0.0,0.0,0.0,,0.0,0,0.0,0.0
2026-04-09,60-64,60-69,중장년,23,3,0.869565,13.15,0.5717,0.0,4.4,13.15,0,8e-06,0.049214
2026-04-09,65-69,60-69,고령,14,3,0.785714,26.19,1.8707,0.0,5.04,26.19,0,1.5e-05,0.098016
2026-04-09,70-74,70-79,고령,15,0,1.0,0.0,0.0,0.0,,0.0,0,0.0,0.0
2026-04-09,75-79,70-79,고령,13,2,0.846154,12.94,0.9954,0.0,6.47,12.94,0,8e-06,0.048428
2026-04-09,80+,80+,고령,30,1,0.966667,4.0,0.1333,0.0,4.0,4.0,0,2e-06,0.01497
2026-04-10,00-09,00-09,아동청소년,23,3,0.869565,73.63,3.2013,0.0,28.94,73.63,0,4.4e-05,0.011169
2026-04-10,10-14,10-19,아동청소년,48,8,0.833333,1314.25,27.3802,0.0,16.53,1314.25,0,0.000778,0.199361
2026-04-10,15-19,10-19,아동청소년,38,8,0.789474,54.58,1.4363,0.0,7.75,54.58,0,3.2e-05,0.008279
2026-04-10,20-24,20-29,청년,90,30,0.666667,566.54,6.2949,0.0,6.545,566.54,0,0.000335,0.085939
2026-04-10,25-29,20-29,청년,30,9,0.7,212.01,7.067,0.0,5.0,212.01,0,0.000125,0.03216
2026-04-10,30-34,30-39,청년,35,6,0.828571,116.53,3.3294,0.0,5.525,116.53,0,6.9e-05,0.017677
2026-04-10,35-39,30-39,청년,99,15,0.848485,489.32,4.9426,0.0,10.06,489.32,0,0.00029,0.074226
2026-04-10,40-44,40-49,중장년,70,14,0.8,306.04,4.372,0.0,7.14,306.04,0,0.000181,0.046424
2026-04-10,45-49,40-49,중장년,33,9,0.727273,53.3,1.6152,0.0,6.25,53.3,0,3.2e-05,0.008085
2026-04-10,50-54,50-59,중장년,25,11,0.56,2557.17,102.2868,0.0,17.64,2557.17,0,0.001513,0.387901
2026-04-10,55-59,50-59,중장년,19,5,0.736842,25.49,1.3416,0.0,4.0,25.49,0,1.5e-05,0.003867
2026-04-10,60-64,60-69,중장년,33,10,0.69697,456.27,13.8264,0.0,10.36,456.27,0,0.00027,0.069212
2026-04-10,65-69,60-69,고령,10,3,0.7,15.55,1.555,0.0,4.0,15.55,0,9e-06,0.002359
2026-04-10,70-74,70-79,고령,16,3,0.8125,76.37,4.7731,0.0,35.73,76.37,0,4.5e-05,0.011585
2026-04-10,75-79,70-79,고령,21,5,0.761905,80.18,3.8181,0.0,10.45,80.18,0,4.7e-05,0.012163
2026-04-10,80+,80+,고령,53,8,0.849057,195.09,3.6809,0.0,5.515,195.09,0,0.000115,0.029594
2026-04-11,00-09,00-09,아동청소년,12,0,1.0,0.0,0.0,0.0,,0.0,0,0.0,0.0
2026-04-11,10-14,10-19,아동청소년,43,6,0.860465,42.64,0.9916,0.0,6.05,42.64,0,2.5e-05,0.003495
2026-04-11,15-19,10-19,아동청소년,14,5,0.642857,45.03,3.2164,0.0,6.0,45.03,0,2.7e-05,0.00369
2026-04-11,20-24,20-29,청년,57,18,0.684211,982.22,17.2319,0.0,4.98,982.22,0,0.000581,0.080498
2026-04-11,25-29,20-29,청년,9,4,0.555556,15.98,1.7756,0.0,4.145,15.98,0,9e-06,0.00131
2026-04-11,30-34,30-39,청년,17,2,0.882353,8.51,0.5006,0.0,4.255,8.51,0,5e-06,0.000697
2026-04-11,35-39,30-39,청년,11,4,0.636364,4390.75,399.1591,0.0,783.46,4390.75,0,0.002598,0.359845
2026-04-11,40-44,40-49,중장년,27,9,0.666667,2984.89,110.5515,0.0,5.29,2984.89,0,0.001766,0.244627
2026-04-11,45-49,40-49,중장년,27,5,0.814815,29.83,1.1048,0.0,5.43,29.83,0,1.8e-05,0.002445
2026-04-11,50-54,50-59,중장년,24,12,0.5,138.98,5.7908,1.515,6.355,138.98,0,8.2e-05,0.01139
2026-04-11,55-59,50-59,중장년,5,1,0.8,6.0,1.2,0.0,6.0,6.0,0,4e-06,0.000492
2026-04-11,60-64,60-69,중장년,59,21,0.644068,237.69,4.0286,0.0,5.64,237.69,0,0.000141,0.01948
2026-04-11,65-69,60-69,고령,26,11,0.576923,211.05,8.1173,0.0,5.05,211.05,0,0.000125,0.017297
2026-04-11,70-74,70-79,고령,17,2,0.882353,3090.81,181.8124,0.0,1545.405,3090.81,0,0.001829,0.253308
2026-04-11,75-79,70-79,고령,14,3,0.785714,17.41,1.2436,0.0,6.29,17.41,0,1e-05,0.001427
2026-04-11,80+,80+,고령,19,0,1.0,0.0,0.0,0.0,,0.0,0,0.0,0.0
2026-04-12,00-09,00-09,아동청소년,24,0,1.0,0.0,0.0,0.0,,0.0,0,0.0,0.0
2026-04-12,10-14,10-19,아동청소년,17,1,0.941176,4.22,0.2482,0.0,4.22,4.22,0,2e-06,0.011229
2026-04-12,15-19,10-19,아동청소년,10,2,0.8,41.21,4.121,0.0,20.605,41.21,0,2.4e-05,0.109659
2026-04-12,20-24,20-29,청년,30,3,0.9,11.63,0.3877,0.0,4.22,11.63,0,7e-06,0.030947
2026-04-12,25-29,20-29,청년,20,7,0.65,55.77,2.7885,0.0,4.54,55.77,0,3.3e-05,0.148403
2026-04-12,30-34,30-39,청년,13,3,0.769231,19.65,1.5115,0.0,7.12,19.65,0,1.2e-05,0.052288
2026-04-12,35-39,30-39,청년,31,7,0.774194,59.61,1.9229,0.0,8.03,59.61,0,3.5e-05,0.158622
2026-04-12,40-44,40-49,중장년,34,5,0.852941,27.86,0.8194,0.0,6.0,27.86,0,1.6e-05,0.074135
2026-04-12,45-49,40-49,중장년,27,5,0.814815,31.53,1.1678,0.0,7.18,31.53,0,1.9e-05,0.083901
2026-04-12,50-54,50-59,중장년,11,0,1.0,0.0,0.0,0.0,,0.0,0,0.0,0.0
2026-04-12,55-59,50-59,중장년,10,4,0.6,63.18,6.318,0.0,4.895,63.18,0,3.7e-05,0.168121
2026-04-12,60-64,60-69,중장년,16,4,0.75,42.34,2.6463,0.0,5.705,42.34,0,2.5e-05,0.112666
2026-04-12,65-69,60-69,고령,7,0,1.0,0.0,0.0,0.0,,0.0,0,0.0,0.0
2026-04-12,70-74,70-79,고령,18,2,0.888889,14.03,0.7794,0.0,7.015,14.03,0,8e-06,0.037334
2026-04-12,75-79,70-79,고령,2,0,1.0,0.0,0.0,0.0,,0.0,0,0.0,0.0
2026-04-12,80+,80+,고령,16,1,0.9375,4.77,0.2981,0.0,4.77,4.77,0,3e-06,0.012693
2026-04-13,00-09,00-09,아동청소년,17,0,1.0,0.0,0.0,0.0,,0.0,0,0.0,0.0
2026-04-13,10-14,10-19,아동청소년,30,6,0.8,40.62,1.354,0.0,5.535,40.62,0,2.4e-05,0.002604
2026-04-13,15-19,10-19,아동청소년,28,7,0.75,51.2,1.8286,0.0,6.93,51.2,0,3e-05,0.003282
2026-04-13,20-24,20-29,청년,26,6,0.769231,38.38,1.4762,0.0,4.135,38.38,0,2.3e-05,0.00246
2026-04-13,25-29,20-29,청년,25,6,0.76,26.21,1.0484,0.0,4.16,26.21,0,1.6e-05,0.00168
2026-04-13,30-34,30-39,청년,36,4,0.888889,38.34,1.065,0.0,9.7,38.34,0,2.3e-05,0.002457
2026-04-13,35-39,30-39,청년,68,22,0.676471,4191.19,61.6351,0.0,5.155,4191.19,0,0.00248,0.268639
2026-04-13,40-44,40-49,중장년,33,5,0.848485,57.26,1.7352,0.0,8.0,57.26,0,3.4e-05,0.00367
2026-04-13,45-49,40-49,중장년,93,34,0.634409,1972.59,21.2106,0.0,8.015,1972.59,0,0.001167,0.126436
2026-04-13,50-54,50-59,중장년,24,10,0.583333,84.4,3.5167,0.0,4.75,84.4,0,5e-05,0.00541
2026-04-13,55-59,50-59,중장년,13,6,0.538462,5186.67,398.9746,0.0,5.555,5186.67,0,0.003069,0.332446
2026-04-13,60-64,60-69,중장년,23,5,0.782609,3757.42,163.3661,0.0,16.36,3757.42,0,0.002223,0.240836
2026-04-13,65-69,60-69,고령,13,5,0.615385,35.15,2.7038,0.0,6.28,35.15,0,2.1e-05,0.002253
2026-04-13,70-74,70-79,고령,20,4,0.8,68.12,3.406,0.0,13.46,68.12,0,4e-05,0.004366
2026-04-13,75-79,70-79,고령,33,5,0.848485,44.32,1.343,0.0,7.78,44.32,0,2.6e-05,0.002841
2026-04-13,80+,80+,고령,21,1,0.952381,9.68,0.461,0.0,9.68,9.68,0,6e-06,0.00062
2026-04-14,00-09,00-09,아동청소년,17,3,0.823529,22.71,1.3359,0.0,6.79,22.71,0,1.3e-05,0.013893
2026-04-14,10-14,10-19,아동청소년,81,8,0.901235,80.01,0.9878,0.0,9.325,80.01,0,4.7e-05,0.048946
2026-04-14,15-19,10-19,아동청소년,16,2,0.875,16.94,1.0587,0.0,8.47,16.94,0,1e-05,0.010363
2026-04-14,20-24,20-29,청년,27,8,0.703704,51.26,1.8985,0.0,5.595,51.26,0,3e-05,0.031358
2026-04-14,25-29,20-29,청년,15,5,0.666667,45.61,3.0407,0.0,5.74,45.61,0,2.7e-05,0.027902
2026-04-14,30-34,30-39,청년,44,8,0.818182,102.01,2.3184,0.0,5.0,102.01,0,6e-05,0.062405
2026-04-14,35-39,30-39,청년,32,3,0.90625,13.05,0.4078,0.0,4.31,13.05,0,8e-06,0.007983
2026-04-14,40-44,40-49,중장년,34,9,0.735294,893.46,26.2782,0.0,4.79,893.46,0,0.000529,0.546576
2026-04-14,45-49,40-49,중장년,36,8,0.777778,99.36,2.76,0.0,7.765,99.36,0,5.9e-05,0.060784
2026-04-14,50-54,50-59,중장년,24,6,0.75,57.86,2.4108,0.0,6.4,57.86,0,3.4e-05,0.035396
2026-04-14,55-59,50-59,중장년,16,6,0.625,31.79,1.9869,0.0,4.99,31.79,0,1.9e-05,0.019448
2026-04-14,60-64,60-69,중장년,12,3,0.75,41.1,3.425,0.0,6.0,41.1,0,2.4e-05,0.025143
2026-04-14,65-69,60-69,고령,32,8,0.75,62.75,1.9609,0.0,5.985,62.75,0,3.7e-05,0.038387
2026-04-14,70-74,70-79,고령,23,3,0.869565,111.33,4.8404,0.0,12.64,111.33,0,6.6e-05,0.068106
2026-04-14,75-79,70-79,고령,12,1,0.916667,5.41,0.4508,0.0,5.41,5.41,0,3e-06,0.00331
2026-04-14,80+,80+,고령,19,0,1.0,0.0,0.0,0.0,,0.0,0,0.0,0.0
2026-04-15,00-09,00-09,아동청소년,11,2,0.818182,167.46,15.2236,0.0,83.73,167.46,0,9.9e-05,0.122361
2026-04-15,10-14,10-19,아동청소년,46,7,0.847826,64.73,1.4072,0.0,10.1,64.73,0,3.8e-05,0.047298
2026-04-15,15-19,10-19,아동청소년,10,3,0.7,16.76,1.676,0.0,4.67,16.76,0,1e-05,0.012246
2026-04-15,20-24,20-29,청년,24,7,0.708333,72.66,3.0275,0.0,5.49,72.66,0,4.3e-05,0.053092
2026-04-15,25-29,20-29,청년,76,18,0.763158,174.37,2.2943,0.0,5.96,174.37,0,0.000103,0.12741
2026-04-15,30-34,30-39,청년,39,4,0.897436,34.88,0.8944,0.0,7.205,34.88,0,2.1e-05,0.025486
2026-04-15,35-39,30-39,청년,37,11,0.702703,157.22,4.2492,0.0,7.62,157.22,0,9.3e-05,0.114879
2026-04-15,40-44,40-49,중장년,45,15,0.666667,151.01,3.3558,0.0,6.2,151.01,0,8.9e-05,0.110341
2026-04-15,45-49,40-49,중장년,33,15,0.545455,124.93,3.7858,0.0,6.87,124.93,0,7.4e-05,0.091285
2026-04-15,50-54,50-59,중장년,48,7,0.854167,64.68,1.3475,0.0,11.02,64.68,0,3.8e-05,0.047261
2026-04-15,55-59,50-59,중장년,7,3,0.571429,38.88,5.5543,0.0,6.38,38.88,0,2.3e-05,0.028409
2026-04-15,60-64,60-69,중장년,28,7,0.75,178.05,6.3589,0.0,16.9,178.05,0,0.000105,0.130099
2026-04-15,65-69,60-69,고령,10,4,0.6,28.4,2.84,0.0,5.975,28.4,0,1.7e-05,0.020752
2026-04-15,70-74,70-79,고령,21,6,0.714286,55.13,2.6252,0.0,9.515,55.13,0,3.3e-05,0.040283
2026-04-15,75-79,70-79,고령,30,4,0.866667,39.41,1.3137,0.0,9.62,39.41,0,2.3e-05,0.028796
2026-04-15,80+,80+,고령,12,0,1.0,0.0,0.0,0.0,,0.0,0,0.0,0.0
2026-04-16,00-09,00-09,아동청소년,38,7,0.815789,103.13,2.7139,0.0,10.26,103.13,0,6.1e-05,0.022121
2026-04-16,10-14,10-19,아동청소년,95,13,0.863158,1057.66,11.1333,0.0,8.15,892.49,0,0.000626,0.226861
2026-04-16,15-19,10-19,아동청소년,32,5,0.84375,34.84,1.0888,0.0,6.0,34.84,0,2.1e-05,0.007473
2026-04-16,20-24,20-29,청년,49,18,0.632653,187.0,3.8163,0.0,6.385,187.0,0,0.000111,0.04011
2026-04-16,25-29,20-29,청년,26,3,0.884615,47.26,1.8177,0.0,18.91,47.26,0,2.8e-05,0.010137
2026-04-16,30-34,30-39,청년,73,13,0.821918,89.65,1.2281,0.0,6.49,89.65,0,5.3e-05,0.019229
2026-04-16,35-39,30-39,청년,85,22,0.741176,2036.86,23.9631,0.0,9.06,2036.86,0,0.001205,0.436892
2026-04-16,40-44,40-49,중장년,39,12,0.692308,157.44,4.0369,0.0,8.845,157.44,0,9.3e-05,0.03377
2026-04-16,45-49,40-49,중장년,46,8,0.826087,79.11,1.7198,0.0,10.0,79.11,0,4.7e-05,0.016969
2026-04-16,50-54,50-59,중장년,55,10,0.818182,212.32,3.8604,0.0,10.17,212.32,0,0.000126,0.045541
2026-04-16,55-59,50-59,중장년,25,16,0.36,281.47,11.2588,4.28,5.99,281.47,0,0.000167,0.060373
2026-04-16,60-64,60-69,중장년,32,1,0.96875,6.05,0.1891,0.0,6.05,6.05,0,4e-06,0.001298
2026-04-16,65-69,60-69,고령,23,14,0.391304,172.97,7.5204,4.0,5.15,172.97,0,0.000102,0.037101
2026-04-16,70-74,70-79,고령,17,0,1.0,0.0,0.0,0.0,,0.0,0,0.0,0.0
2026-04-16,75-79,70-79,고령,37,5,0.864865,102.3,2.7649,0.0,10.22,102.3,0,6.1e-05,0.021943
2026-04-16,80+,80+,고령,25,1,0.96,94.1,3.764,0.0,94.1,94.1,0,5.6e-05,0.020184
2026-04-17,00-09,00-09,아동청소년,16,2,0.875,712.24,44.515,0.0,356.12,712.24,0,0.000421,0.377418
2026-04-17,10-14,10-19,아동청소년,41,3,0.926829,12.27,0.2993,0.0,4.0,12.27,0,7e-06,0.006502
2026-04-17,15-19,10-19,아동청소년,23,4,0.826087,20.83,0.9057,0.0,4.86,20.83,0,1.2e-05,0.011038
2026-04-17,20-24,20-29,청년,63,21,0.666667,163.64,2.5975,0.0,4.78,163.64,0,9.7e-05,0.086713
2026-04-17,25-29,20-29,청년,34,10,0.705882,75.9,2.2324,0.0,4.39,75.9,0,4.5e-05,0.04022
2026-04-17,30-34,30-39,청년,56,11,0.803571,68.01,1.2145,0.0,4.48,68.01,0,4e-05,0.036039
2026-04-17,35-39,30-39,청년,52,14,0.730769,113.4,2.1808,0.0,4.685,113.4,0,6.7e-05,0.060091
2026-04-17,40-44,40-49,중장년,79,22,0.721519,121.43,1.5371,0.0,5.315,121.43,0,7.2e-05,0.064346
2026-04-17,45-49,40-49,중장년,68,17,0.75,134.63,1.9799,0.0,6.54,134.63,0,8e-05,0.071341
2026-04-17,50-54,50-59,중장년,52,17,0.673077,84.38,1.6227,0.0,4.46,84.38,0,5e-05,0.044713
2026-04-17,55-59,50-59,중장년,14,6,0.571429,28.63,2.045,0.0,4.44,28.63,0,1.7e-05,0.015171
2026-04-17,60-64,60-69,중장년,25,6,0.76,33.0,1.32,0.0,5.055,33.0,0,2e-05,0.017487
2026-04-17,65-69,60-69,고령,65,16,0.753846,175.32,2.6972,0.0,4.57,175.32,0,0.000104,0.092902
2026-04-17,70-74,70-79,고령,42,5,0.880952,28.58,0.6805,0.0,5.15,28.58,0,1.7e-05,0.015145
2026-04-17,75-79,70-79,고령,42,10,0.761905,105.37,2.5088,0.0,4.33,105.37,0,6.2e-05,0.055836
2026-04-17,80+,80+,고령,21,1,0.952381,9.51,0.4529,0.0,9.51,9.51,0,6e-06,0.005039
2026-04-18,00-09,00-09,아동청소년,56,16,0.714286,139.56,2.4921,0.0,8.235,139.56,0,8.3e-05,0.00646
2026-04-18,10-14,10-19,아동청소년,76,22,0.710526,175.37,2.3075,0.0,6.74,163.91,0,0.000104,0.008117
2026-04-18,15-19,10-19,아동청소년,36,14,0.611111,4289.64,119.1567,0.0,7.93,4289.64,0,0.002538,0.198555
2026-04-18,20-24,20-29,청년,21,7,0.666667,47.19,2.2471,0.0,4.43,47.19,0,2.8e-05,0.002184
2026-04-18,25-29,20-29,청년,29,10,0.655172,3026.68,104.3683,0.0,13.32,3026.68,0,0.001791,0.140096
2026-04-18,30-34,30-39,청년,33,13,0.606061,120.72,3.6582,0.0,8.44,120.72,0,7.1e-05,0.005588
2026-04-18,35-39,30-39,청년,36,15,0.583333,667.01,18.5281,0.0,6.97,667.01,0,0.000395,0.030874
2026-04-18,40-44,40-49,중장년,102,46,0.54902,6360.76,62.3604,0.0,6.54,427.92,1,0.003763,0.294421
2026-04-18,45-49,40-49,중장년,71,45,0.366197,388.82,5.4763,4.43,7.02,388.82,0,0.00023,0.017997
2026-04-18,50-54,50-59,중장년,28,12,0.571429,5737.57,204.9132,0.0,8.34,5737.57,0,0.003395,0.265575
2026-04-18,55-59,50-59,중장년,32,20,0.375,383.57,11.9866,4.555,7.36,383.57,0,0.000227,0.017754
2026-04-18,60-64,60-69,중장년,12,4,0.666667,40.72,3.3933,0.0,7.305,40.72,0,2.4e-05,0.001885
2026-04-18,65-69,60-69,고령,40,19,0.525,114.49,2.8622,0.0,5.28,114.49,0,6.8e-05,0.005299
2026-04-18,70-74,70-79,고령,31,9,0.709677,103.46,3.3374,0.0,8.33,103.46,0,6.1e-05,0.004789
2026-04-18,75-79,70-79,고령,5,1,0.8,8.73,1.746,0.0,8.73,8.73,0,5e-06,0.000404
2026-04-18,80+,80+,고령,12,0,1.0,0.0,0.0,0.0,,0.0,0,0.0,0.0
2026-04-19,00-09,00-09,아동청소년,1,0,1.0,0.0,0.0,0.0,,0.0,0,0.0,0.0
2026-04-19,10-14,10-19,아동청소년,11,0,1.0,0.0,0.0,0.0,,0.0,0,0.0,0.0
2026-04-19,15-19,10-19,아동청소년,7,1,0.857143,7.06,1.0086,0.0,7.06,7.06,0,4e-06,0.0065
2026-04-19,20-24,20-29,청년,29,11,0.62069,63.39,2.1859,0.0,4.0,63.39,0,3.8e-05,0.058359
2026-04-19,25-29,20-29,청년,7,2,0.714286,9.25,1.3214,0.0,4.625,9.25,0,5e-06,0.008516
2026-04-19,30-34,30-39,청년,10,5,0.5,25.59,2.559,1.535,4.81,25.59,0,1.5e-05,0.023559
2026-04-19,35-39,30-39,청년,20,3,0.85,88.2,4.41,0.0,12.69,88.2,0,5.2e-05,0.0812
2026-04-19,40-44,40-49,중장년,19,5,0.736842,26.19,1.3784,0.0,5.09,26.19,0,1.5e-05,0.024111
2026-04-19,45-49,40-49,중장년,23,11,0.521739,504.88,21.9513,0.0,7.6,504.88,0,0.000299,0.464809
2026-04-19,50-54,50-59,중장년,21,12,0.428571,108.16,5.1505,4.0,8.135,108.16,0,6.4e-05,0.099576
2026-04-19,55-59,50-59,중장년,7,6,0.142857,35.99,5.1414,5.14,5.335,35.99,0,2.1e-05,0.033134
2026-04-19,60-64,60-69,중장년,29,11,0.62069,90.6,3.1241,0.0,4.62,90.6,0,5.4e-05,0.083409
2026-04-19,65-69,60-69,고령,12,2,0.833333,9.51,0.7925,0.0,4.755,9.51,0,6e-06,0.008755
2026-04-19,70-74,70-79,고령,20,5,0.75,117.39,5.8695,0.0,8.83,117.39,0,6.9e-05,0.108073
2026-04-19,75-79,70-79,고령,6,0,1.0,0.0,0.0,0.0,,0.0,0,0.0,0.0
2026-04-19,80+,80+,고령,6,0,1.0,0.0,0.0,0.0,,0.0,0,0.0,0.0
2026-04-20,00-09,00-09,아동청소년,21,1,0.952381,8.0,0.381,0.0,8.0,8.0,0,5e-06,0.000235
2026-04-20,10-14,10-19,아동청소년,11,4,0.636364,79.45,7.2227,0.0,7.755,79.45,0,4.7e-05,0.002333
2026-04-20,15-19,10-19,아동청소년,22,6,0.727273,468.82,21.31,0.0,7.845,468.82,0,0.000277,0.013767
2026-04-20,20-24,20-29,청년,4,1,0.75,7.1,1.775,0.0,7.1,7.1,0,4e-06,0.000208
2026-04-20,25-29,20-29,청년,45,11,0.755556,5723.11,127.1802,0.0,5.93,5723.11,0,0.003386,0.168065
2026-04-20,30-34,30-39,청년,15,1,0.933333,4.65,0.31,0.0,4.65,4.65,0,3e-06,0.000137
2026-04-20,35-39,30-39,청년,60,15,0.75,7147.14,119.119,0.0,26.06,7147.14,0,0.004229,0.209884
2026-04-20,40-44,40-49,중장년,47,16,0.659574,1835.29,39.0487,0.0,12.925,1818.29,0,0.001086,0.053895
2026-04-20,45-49,40-49,중장년,31,8,0.741935,6034.31,194.6552,0.0,6.515,6034.31,1,0.00357,0.177204
2026-04-20,50-54,50-59,중장년,12,2,0.833333,5919.14,493.2617,0.0,2959.57,5919.14,0,0.003502,0.173822
2026-04-20,55-59,50-59,중장년,9,5,0.444444,42.24,4.6933,4.0,4.95,42.24,0,2.5e-05,0.00124
2026-04-20,60-64,60-69,중장년,12,2,0.833333,100.9,8.4083,0.0,50.45,100.9,0,6e-05,0.002963
2026-04-20,65-69,60-69,고령,34,10,0.705882,3299.0,97.0294,0.0,7.475,3299.0,0,0.001952,0.096879
2026-04-20,70-74,70-79,고령,29,4,0.862069,51.09,1.7617,0.0,6.0,51.09,0,3e-05,0.0015
2026-04-20,75-79,70-79,고령,7,0,1.0,0.0,0.0,0.0,,0.0,0,0.0,0.0
2026-04-20,80+,80+,고령,42,4,0.904762,3332.64,79.3486,0.0,286.68,3332.64,0,0.001972,0.097867
2026-04-21,00-09,00-09,아동청소년,25,1,0.96,7.64,0.3056,0.0,7.64,7.64,0,5e-06,0.018198
2026-04-21,10-14,10-19,아동청소년,13,4,0.692308,50.71,3.9008,0.0,5.445,50.71,0,3e-05,0.120787
2026-04-21,15-19,10-19,아동청소년,19,2,0.894737,16.77,0.8826,0.0,8.385,16.77,0,1e-05,0.039945
2026-04-21,20-24,20-29,청년,34,9,0.735294,42.04,1.2365,0.0,4.05,42.04,0,2.5e-05,0.100136
2026-04-21,25-29,20-29,청년,11,3,0.727273,17.0,1.5455,0.0,4.0,17.0,0,1e-05,0.040493
2026-04-21,30-34,30-39,청년,23,6,0.73913,36.67,1.5943,0.0,4.845,36.67,0,2.2e-05,0.087345
2026-04-21,35-39,30-39,청년,31,7,0.774194,48.62,1.5684,0.0,4.38,48.62,0,2.9e-05,0.115809
2026-04-21,40-44,40-49,중장년,58,10,0.827586,48.36,0.8338,0.0,4.08,48.36,0,2.9e-05,0.115189
2026-04-21,45-49,40-49,중장년,32,10,0.6875,53.77,1.6803,0.0,3.995,53.77,0,3.2e-05,0.128076
2026-04-21,50-54,50-59,중장년,27,5,0.814815,37.12,1.3748,0.0,7.15,37.12,0,2.2e-05,0.088417
2026-04-21,55-59,50-59,중장년,18,7,0.611111,36.26,2.0144,0.0,5.2,36.26,0,2.1e-05,0.086368
2026-04-21,60-64,60-69,중장년,30,2,0.933333,7.34,0.2447,0.0,3.67,7.34,0,4e-06,0.017483
2026-04-21,65-69,60-69,고령,19,4,0.789474,17.53,0.9226,0.0,4.395,17.53,0,1e-05,0.041755
2026-04-21,70-74,70-79,고령,21,0,1.0,0.0,0.0,0.0,,0.0,0,0.0,0.0
2026-04-21,75-79,70-79,고령,8,0,1.0,0.0,0.0,0.0,,0.0,0,0.0,0.0
2026-04-21,80+,80+,고령,12,0,1.0,0.0,0.0,0.0,,0.0,0,0.0,0.0
2026-04-22,00-09,00-09,아동청소년,16,2,0.875,33.85,2.1156,0.0,16.925,33.85,0,2e-05,0.009748
2026-04-22,10-14,10-19,아동청소년,60,9,0.85,69.71,1.1618,0.0,4.5,69.71,0,4.1e-05,0.020074
2026-04-22,15-19,10-19,아동청소년,14,1,0.928571,4.79,0.3421,0.0,4.79,4.79,0,3e-06,0.001379
2026-04-22,20-24,20-29,청년,28,9,0.678571,355.64,12.7014,0.0,5.37,355.64,0,0.00021,0.102413
2026-04-22,25-29,20-29,청년,23,4,0.826087,34.13,1.4839,0.0,4.205,34.13,0,2e-05,0.009828
2026-04-22,30-34,30-39,청년,37,7,0.810811,43.19,1.1673,0.0,4.0,43.19,0,2.6e-05,0.012437
2026-04-22,35-39,30-39,청년,75,7,0.906667,2463.23,32.8431,0.0,5.83,2463.23,0,0.001457,0.709333
2026-04-22,40-44,40-49,중장년,49,12,0.755102,242.74,4.9539,0.0,5.23,242.74,0,0.000144,0.069902
2026-04-22,45-49,40-49,중장년,42,4,0.904762,30.09,0.7164,0.0,6.83,30.09,0,1.8e-05,0.008665
2026-04-22,50-54,50-59,중장년,18,5,0.722222,100.26,5.57,0.0,11.4,100.26,0,5.9e-05,0.028872
2026-04-22,55-59,50-59,중장년,11,3,0.727273,14.6,1.3273,0.0,4.6,14.6,0,9e-06,0.004204
2026-04-22,60-64,60-69,중장년,21,0,1.0,0.0,0.0,0.0,,0.0,0,0.0,0.0
2026-04-22,65-69,60-69,고령,83,15,0.819277,69.61,0.8387,0.0,4.0,69.61,0,4.1e-05,0.020045
2026-04-22,70-74,70-79,고령,27,2,0.925926,7.36,0.2726,0.0,3.68,7.36,0,4e-06,0.002119
2026-04-22,75-79,70-79,고령,28,1,0.964286,3.4,0.1214,0.0,3.4,3.4,0,2e-06,0.000979
2026-04-22,80+,80+,고령,20,0,1.0,0.0,0.0,0.0,,0.0,0,0.0,0.0
2026-04-23,00-09,00-09,아동청소년,47,3,0.93617,19.04,0.4051,0.0,5.0,19.04,0,1.1e-05,0.00182
2026-04-23,10-14,10-19,아동청소년,77,10,0.87013,166.99,2.1687,0.0,5.4,87.46,0,9.9e-05,0.015966
2026-04-23,15-19,10-19,아동청소년,47,5,0.893617,24.08,0.5123,0.0,4.85,24.08,0,1.4e-05,0.002302
2026-04-23,20-24,20-29,청년,50,16,0.68,130.35,2.607,0.0,5.445,130.35,0,7.7e-05,0.012462
2026-04-23,25-29,20-29,청년,62,16,0.741935,3062.15,49.3895,0.0,6.0,95.73,0,0.001812,0.292765
2026-04-23,30-34,30-39,청년,77,22,0.714286,180.7,2.3468,0.0,7.26,180.7,0,0.000107,0.017276
2026-04-23,35-39,30-39,청년,87,19,0.781609,163.75,1.8822,0.0,6.18,163.75,0,9.7e-05,0.015656
2026-04-23,40-44,40-49,중장년,93,21,0.774194,142.53,1.5326,0.0,5.99,142.53,0,8.4e-05,0.013627
2026-04-23,45-49,40-49,중장년,39,11,0.717949,241.36,6.1887,0.0,8.68,84.31,0,0.000143,0.023076
2026-04-23,50-54,50-59,중장년,73,11,0.849315,6037.89,82.7108,0.0,6.52,105.05,1,0.003572,0.577269
2026-04-23,55-59,50-59,중장년,14,8,0.428571,40.23,2.8736,3.59,4.305,40.23,0,2.4e-05,0.003846
2026-04-23,60-64,60-69,중장년,34,5,0.852941,105.35,3.0985,0.0,12.3,105.35,0,6.2e-05,0.010072
2026-04-23,65-69,60-69,고령,31,7,0.774194,78.57,2.5345,0.0,6.62,78.57,0,4.6e-05,0.007512
2026-04-23,70-74,70-79,고령,43,6,0.860465,45.57,1.0598,0.0,4.37,45.57,0,2.7e-05,0.004357
2026-04-23,75-79,70-79,고령,13,1,0.923077,8.0,0.6154,0.0,8.0,8.0,0,5e-06,0.000765
2026-04-23,80+,80+,고령,103,3,0.970874,12.85,0.1248,0.0,3.75,9.75,0,8e-06,0.001229
2026-04-24,00-09,00-09,아동청소년,43,3,0.930233,168.81,3.9258,0.0,19.66,168.81,0,0.0001,0.007759
2026-04-24,10-14,10-19,아동청소년,50,6,0.88,11501.01,230.0202,0.0,8.375,11501.01,0,0.006805,0.528588
2026-04-24,15-19,10-19,아동청소년,45,3,0.933333,18.91,0.4202,0.0,6.0,18.91,0,1.1e-05,0.000869
2026-04-24,20-24,20-29,청년,17,6,0.647059,35.15,2.0676,0.0,6.03,35.15,0,2.1e-05,0.001615
2026-04-24,25-29,20-29,청년,30,3,0.9,21.69,0.723,0.0,5.93,21.69,0,1.3e-05,0.000997
2026-04-24,30-34,30-39,청년,12,4,0.666667,36.45,3.0375,0.0,10.725,36.45,0,2.2e-05,0.001675
2026-04-24,35-39,30-39,청년,36,8,0.777778,52.93,1.4703,0.0,5.035,52.93,0,3.1e-05,0.002433
2026-04-24,40-44,40-49,중장년,61,17,0.721311,3975.81,65.1772,0.0,6.69,3820.24,0,0.002352,0.182729
2026-04-24,45-49,40-49,중장년,58,6,0.896552,873.61,15.0622,0.0,8.19,54.99,0,0.000517,0.040151
2026-04-24,50-54,50-59,중장년,53,11,0.792453,164.7,3.1075,0.0,8.37,164.7,0,9.7e-05,0.00757
2026-04-24,55-59,50-59,중장년,7,3,0.571429,15.64,2.2343,0.0,4.99,15.64,0,9e-06,0.000719
2026-04-24,60-64,60-69,중장년,37,5,0.864865,81.0,2.1892,0.0,10.24,81.0,0,4.8e-05,0.003723
2026-04-24,65-69,60-69,고령,24,6,0.75,4768.1,198.6708,0.0,5.505,4768.1,0,0.002821,0.219142
2026-04-24,70-74,70-79,고령,24,1,0.958333,32.17,1.3404,0.0,32.17,32.17,0,1.9e-05,0.001479
2026-04-24,75-79,70-79,고령,22,1,0.954545,6.8,0.3091,0.0,6.8,6.8,0,4e-06,0.000313
2026-04-24,80+,80+,고령,35,1,0.971429,5.21,0.1489,0.0,5.21,5.21,0,3e-06,0.000239
2026-04-25,00-09,00-09,아동청소년,25,0,1.0,0.0,0.0,0.0,,0.0,0,0.0,0.0
2026-04-25,10-14,10-19,아동청소년,15,0,1.0,0.0,0.0,0.0,,0.0,0,0.0,0.0
2026-04-25,15-19,10-19,아동청소년,17,1,0.941176,6.25,0.3676,0.0,6.25,6.25,0,4e-06,0.005055
2026-04-25,20-24,20-29,청년,38,8,0.789474,60.21,1.5845,0.0,5.455,60.21,0,3.6e-05,0.048702
2026-04-25,25-29,20-29,청년,15,4,0.733333,16.85,1.1233,0.0,3.96,16.85,0,1e-05,0.013629
2026-04-25,30-34,30-39,청년,42,2,0.952381,14.0,0.3333,0.0,7.0,14.0,0,8e-06,0.011324
2026-04-25,35-39,30-39,청년,52,9,0.826923,207.88,3.9977,0.0,5.75,207.88,0,0.000123,0.168148
2026-04-25,40-44,40-49,중장년,32,3,0.90625,16.85,0.5266,0.0,4.43,16.85,0,1e-05,0.013629
2026-04-25,45-49,40-49,중장년,30,6,0.8,44.57,1.4857,0.0,7.695,44.57,0,2.6e-05,0.036051
2026-04-25,50-54,50-59,중장년,28,3,0.892857,34.15,1.2196,0.0,10.0,34.15,0,2e-05,0.027623
2026-04-25,55-59,50-59,중장년,28,8,0.714286,55.39,1.9782,0.0,4.28,55.39,0,3.3e-05,0.044803
2026-04-25,60-64,60-69,중장년,15,0,1.0,0.0,0.0,0.0,,0.0,0,0.0,0.0
2026-04-25,65-69,60-69,고령,11,2,0.818182,8.01,0.7282,0.0,4.005,8.01,0,5e-06,0.006479
2026-04-25,70-74,70-79,고령,7,0,1.0,0.0,0.0,0.0,,0.0,0,0.0,0.0
2026-04-25,75-79,70-79,고령,10,1,0.9,7.55,0.755,0.0,7.55,7.55,0,4e-06,0.006107
2026-04-25,80+,80+,고령,14,1,0.928571,764.58,54.6129,0.0,764.58,764.58,0,0.000452,0.618447
2026-04-26,00-09,00-09,아동청소년,9,2,0.777778,21.22,2.3578,0.0,10.61,21.22,0,1.3e-05,0.00146
2026-04-26,10-14,10-19,아동청소년,64,22,0.65625,1727.44,26.9912,0.0,5.415,1727.44,0,0.001022,0.11887
2026-04-26,15-19,10-19,아동청소년,15,4,0.733333,15.29,1.0193,0.0,3.74,15.29,0,9e-06,0.001052
2026-04-26,20-24,20-29,청년,34,15,0.558824,191.81,5.6415,0.0,5.25,191.81,0,0.000113,0.013199
2026-04-26,25-29,20-29,청년,86,37,0.569767,287.45,3.3424,0.0,5.5,287.45,0,0.00017,0.01978
2026-04-26,30-34,30-39,청년,35,10,0.714286,50.62,1.4463,0.0,4.36,50.62,0,3e-05,0.003483
2026-04-26,35-39,30-39,청년,35,14,0.6,219.53,6.2723,0.0,5.945,219.53,0,0.00013,0.015107
2026-04-26,40-44,40-49,중장년,41,13,0.682927,229.66,5.6015,0.0,9.12,229.66,0,0.000136,0.015804
2026-04-26,45-49,40-49,중장년,30,11,0.633333,79.44,2.648,0.0,6.46,79.44,0,4.7e-05,0.005467
2026-04-26,50-54,50-59,중장년,40,15,0.625,1186.4,29.66,0.0,11.98,1186.4,0,0.000702,0.08164
2026-04-26,55-59,50-59,중장년,62,30,0.516129,3758.21,60.6163,0.0,4.48,3758.21,0,0.002224,0.258614
2026-04-26,60-64,60-69,중장년,13,2,0.846154,6.17,0.4746,0.0,3.085,6.17,0,4e-06,0.000425
2026-04-26,65-69,60-69,고령,48,16,0.666667,105.56,2.1992,0.0,5.075,105.56,0,6.2e-05,0.007264
2026-04-26,70-74,70-79,고령,6,1,0.833333,44.68,7.4467,0.0,44.68,44.68,0,2.6e-05,0.003075
2026-04-26,75-79,70-79,고령,12,5,0.583333,3271.85,272.6542,0.0,10.16,3271.85,0,0.001936,0.225146
2026-04-26,80+,80+,고령,26,3,0.884615,3336.79,128.3381,0.0,5.71,3336.79,0,0.001974,0.229615
2026-04-27,00-09,00-09,아동청소년,50,1,0.98,7.06,0.1412,0.0,7.06,7.06,0,4e-06,0.011923
2026-04-27,10-14,10-19,아동청소년,33,1,0.969697,3.52,0.1067,0.0,3.52,3.52,0,2e-06,0.005945
2026-04-27,15-19,10-19,아동청소년,12,1,0.916667,6.17,0.5142,0.0,6.17,6.17,0,4e-06,0.01042
2026-04-27,20-24,20-29,청년,22,5,0.772727,31.34,1.4245,0.0,4.0,31.34,0,1.9e-05,0.052928
2026-04-27,25-29,20-29,청년,22,5,0.772727,20.73,0.9423,0.0,3.64,20.73,0,1.2e-05,0.03501
2026-04-27,30-34,30-39,청년,40,6,0.85,54.83,1.3708,0.0,8.685,54.83,0,3.2e-05,0.092599
2026-04-27,35-39,30-39,청년,54,8,0.851852,102.09,1.8906,0.0,11.215,102.09,0,6e-05,0.172414
2026-04-27,40-44,40-49,중장년,44,7,0.840909,34.1,0.775,0.0,4.61,34.1,0,2e-05,0.05759
2026-04-27,45-49,40-49,중장년,24,4,0.833333,45.31,1.8879,0.0,10.23,45.31,0,2.7e-05,0.076522
2026-04-27,50-54,50-59,중장년,24,9,0.625,118.9,4.9542,0.0,9.93,118.9,0,7e-05,0.200804
2026-04-27,55-59,50-59,중장년,17,3,0.823529,14.85,0.8735,0.0,4.45,14.85,0,9e-06,0.025079
2026-04-27,60-64,60-69,중장년,44,8,0.818182,86.02,1.955,0.0,9.365,86.02,0,5.1e-05,0.145275
2026-04-27,65-69,60-69,고령,6,2,0.666667,10.85,1.8083,0.0,5.425,10.85,0,6e-06,0.018324
2026-04-27,70-74,70-79,고령,70,8,0.885714,56.35,0.805,0.0,4.555,56.35,0,3.3e-05,0.095167
2026-04-27,75-79,70-79,고령,45,0,1.0,0.0,0.0,0.0,,0.0,0,0.0,0.0
2026-04-27,80+,80+,고령,4,0,1.0,0.0,0.0,0.0,,0.0,0,0.0,0.0
2026-04-28,00-09,00-09,아동청소년,33,9,0.727273,90.51,2.7427,0.0,8.44,90.51,0,5.4e-05,0.008263
2026-04-28,10-14,10-19,아동청소년,31,12,0.612903,2984.43,96.2719,0.0,10.48,2984.43,0,0.001766,0.272452
2026-04-28,15-19,10-19,아동청소년,14,3,0.785714,22.14,1.5814,0.0,8.68,22.14,0,1.3e-05,0.002021
2026-04-28,20-24,20-29,청년,46,19,0.586957,3738.68,81.2757,0.0,11.75,3738.68,0,0.002212,0.341308
2026-04-28,25-29,20-29,청년,11,6,0.454545,113.92,10.3564,4.0,14.355,113.92,0,6.7e-05,0.0104
2026-04-28,30-34,30-39,청년,28,7,0.75,72.85,2.6018,0.0,10.46,72.85,0,4.3e-05,0.006651
2026-04-28,35-39,30-39,청년,76,37,0.513158,830.35,10.9257,0.0,14.26,830.35,0,0.000491,0.075803
2026-04-28,40-44,40-49,중장년,81,30,0.62963,352.88,4.3565,0.0,7.05,352.88,0,0.000209,0.032215
2026-04-28,45-49,40-49,중장년,51,26,0.490196,259.53,5.0888,3.1,7.21,259.53,0,0.000154,0.023693
2026-04-28,50-54,50-59,중장년,33,14,0.575758,238.48,7.2267,0.0,11.45,238.48,0,0.000141,0.021771
2026-04-28,55-59,50-59,중장년,26,12,0.538462,269.63,10.3704,0.0,10.58,269.63,0,0.00016,0.024615
2026-04-28,60-64,60-69,중장년,57,22,0.614035,662.17,11.617,0.0,10.78,662.17,0,0.000392,0.06045
2026-04-28,65-69,60-69,고령,9,3,0.666667,26.22,2.9133,0.0,6.12,26.22,0,1.6e-05,0.002394
2026-04-28,70-74,70-79,고령,35,13,0.628571,144.56,4.1303,0.0,8.0,144.56,0,8.6e-05,0.013197
2026-04-28,75-79,70-79,고령,58,19,0.672414,489.13,8.4333,0.0,14.76,489.13,0,0.000289,0.044653
2026-04-28,80+,80+,고령,56,8,0.857143,658.5,11.7589,0.0,17.445,658.5,0,0.00039,0.060115
2026-04-29,00-09,00-09,아동청소년,26,1,0.961538,8.65,0.3327,0.0,8.65,8.65,0,5e-06,0.00138
2026-04-29,10-14,10-19,아동청소년,29,3,0.896552,23.53,0.8114,0.0,4.24,23.53,0,1.4e-05,0.003753
2026-04-29,15-19,10-19,아동청소년,25,3,0.88,12.63,0.5052,0.0,4.0,12.63,0,7e-06,0.002015
2026-04-29,20-24,20-29,청년,38,10,0.736842,64.67,1.7018,0.0,5.09,64.67,0,3.8e-05,0.010316
2026-04-29,25-29,20-29,청년,23,5,0.782609,3944.52,171.5009,0.0,7.47,3944.52,0,0.002334,0.629204
2026-04-29,30-34,30-39,청년,30,7,0.766667,48.59,1.6197,0.0,4.28,48.59,0,2.9e-05,0.007751
2026-04-29,35-39,30-39,청년,22,3,0.863636,85.93,3.9059,0.0,22.02,85.93,0,5.1e-05,0.013707
2026-04-29,40-44,40-49,중장년,19,2,0.894737,1518.14,79.9021,0.0,759.07,1518.14,0,0.000898,0.242164
2026-04-29,45-49,40-49,중장년,50,11,0.78,98.4,1.968,0.0,6.54,98.4,0,5.8e-05,0.015696
2026-04-29,50-54,50-59,중장년,69,14,0.797101,294.64,4.2701,0.0,6.3,294.64,0,0.000174,0.046999
2026-04-29,55-59,50-59,중장년,36,11,0.694444,61.48,1.7078,0.0,5.05,61.48,0,3.6e-05,0.009807
2026-04-29,60-64,60-69,중장년,25,2,0.92,8.24,0.3296,0.0,4.12,8.24,0,5e-06,0.001314
2026-04-29,65-69,60-69,고령,21,5,0.761905,23.76,1.1314,0.0,4.71,23.76,0,1.4e-05,0.00379
2026-04-29,70-74,70-79,고령,28,5,0.821429,34.92,1.2471,0.0,5.34,34.92,0,2.1e-05,0.00557
2026-04-29,75-79,70-79,고령,14,5,0.642857,25.61,1.8293,0.0,3.68,25.61,0,1.5e-05,0.004085
2026-04-29,80+,80+,고령,25,3,0.88,15.35,0.614,0.0,4.92,15.35,0,9e-06,0.002449
2026-04-30,00-09,00-09,아동청소년,39,1,0.974359,6.23,0.1597,0.0,6.23,6.23,0,4e-06,0.003486
2026-04-30,10-14,10-19,아동청소년,32,2,0.9375,31.61,0.9878,0.0,15.805,31.61,0,1.9e-05,0.017688
2026-04-30,15-19,10-19,아동청소년,13,5,0.615385,23.36,1.7969,0.0,4.1,23.36,0,1.4e-05,0.013071
2026-04-30,20-24,20-29,청년,75,10,0.866667,964.17,12.8556,0.0,4.95,964.17,0,0.00057,0.539517
2026-04-30,25-29,20-29,청년,24,1,0.958333,6.38,0.2658,0.0,6.38,6.38,0,4e-06,0.00357
2026-04-30,30-34,30-39,청년,19,5,0.736842,28.52,1.5011,0.0,5.52,28.52,0,1.7e-05,0.015959
2026-04-30,35-39,30-39,청년,35,3,0.914286,34.9,0.9971,0.0,13.34,34.9,0,2.1e-05,0.019529
2026-04-30,40-44,40-49,중장년,62,11,0.822581,72.58,1.1706,0.0,4.01,72.58,0,4.3e-05,0.040613
2026-04-30,45-49,40-49,중장년,63,14,0.777778,144.25,2.2897,0.0,4.48,144.25,0,8.5e-05,0.080717
2026-04-30,50-54,50-59,중장년,41,6,0.853659,124.65,3.0402,0.0,7.65,124.65,0,7.4e-05,0.06975
2026-04-30,55-59,50-59,중장년,36,3,0.916667,232.86,6.4683,0.0,5.62,232.86,0,0.000138,0.1303
2026-04-30,60-64,60-69,중장년,12,3,0.75,16.67,1.3892,0.0,4.51,16.67,0,1e-05,0.009328
2026-04-30,65-69,60-69,고령,10,4,0.6,72.03,7.203,0.0,7.24,72.03,0,4.3e-05,0.040306
2026-04-30,70-74,70-79,고령,40,3,0.925,12.44,0.311,0.0,4.0,12.44,0,7e-06,0.006961
2026-04-30,75-79,70-79,고령,17,3,0.823529,10.0,0.5882,0.0,3.0,10.0,0,6e-06,0.005596
2026-04-30,80+,80+,고령,26,1,0.961538,6.45,0.2481,0.0,6.45,6.45,0,4e-06,0.003609
2026-06-01,00-09,00-09,아동청소년,9,2,0.777778,25.43,2.8256,0.0,12.715,25.43,0,1.5e-05,0.026435
2026-06-01,10-14,10-19,아동청소년,69,7,0.898551,355.28,5.149,0.0,11.35,185.25,0,0.00021,0.369314
2026-06-01,15-19,10-19,아동청소년,13,1,0.923077,8.0,0.6154,0.0,8.0,8.0,0,5e-06,0.008316
2026-06-01,20-24,20-29,청년,33,8,0.757576,70.5,2.1364,0.0,4.53,70.5,0,4.2e-05,0.073285
2026-06-01,25-29,20-29,청년,39,7,0.820513,88.68,2.2738,0.0,6.0,88.68,0,5.2e-05,0.092183
2026-06-01,30-34,30-39,청년,37,11,0.702703,83.17,2.2478,0.0,5.57,83.17,0,4.9e-05,0.086455
2026-06-01,35-39,30-39,청년,28,3,0.892857,34.63,1.2368,0.0,9.74,34.63,0,2e-05,0.035998
2026-06-01,40-44,40-49,중장년,62,9,0.854839,54.76,0.8832,0.0,5.75,54.76,0,3.2e-05,0.056923
2026-06-01,45-49,40-49,중장년,27,4,0.851852,59.92,2.2193,0.0,13.34,59.92,0,3.5e-05,0.062287
2026-06-01,50-54,50-59,중장년,46,6,0.869565,45.86,0.997,0.0,4.82,45.86,0,2.7e-05,0.047672
2026-06-01,55-59,50-59,중장년,7,3,0.571429,13.43,1.9186,0.0,4.51,13.43,0,8e-06,0.01396
2026-06-01,60-64,60-69,중장년,19,5,0.736842,66.84,3.5179,0.0,12.47,66.84,0,4e-05,0.06948
2026-06-01,65-69,60-69,고령,12,4,0.666667,37.79,3.1492,0.0,6.065,37.79,0,2.2e-05,0.039283
2026-06-01,70-74,70-79,고령,9,1,0.888889,4.36,0.4844,0.0,4.36,4.36,0,3e-06,0.004532
2026-06-01,75-79,70-79,고령,24,2,0.916667,13.35,0.5562,0.0,6.675,13.35,0,8e-06,0.013877
2026-06-01,80+,80+,고령,12,0,1.0,0.0,0.0,0.0,,0.0,0,0.0,0.0
2026-06-02,00-09,00-09,아동청소년,26,1,0.961538,7.56,0.2908,0.0,7.56,7.56,0,4e-06,0.002178
2026-06-02,10-14,10-19,아동청소년,49,11,0.77551,58.44,1.1927,0.0,4.0,58.44,0,3.5e-05,0.016838
2026-06-02,15-19,10-19,아동청소년,23,7,0.695652,60.44,2.6278,0.0,8.0,60.44,0,3.6e-05,0.017415
2026-06-02,20-24,20-29,청년,47,14,0.702128,97.35,2.0713,0.0,4.0,97.35,0,5.8e-05,0.02805
2026-06-02,25-29,20-29,청년,36,11,0.694444,83.35,2.3153,0.0,5.06,83.35,0,4.9e-05,0.024016
2026-06-02,30-34,30-39,청년,21,7,0.666667,30.06,1.4314,0.0,3.93,30.06,0,1.8e-05,0.008661
2026-06-02,35-39,30-39,청년,60,20,0.666667,1754.14,29.2357,0.0,5.925,1754.14,0,0.001038,0.505421
2026-06-02,40-44,40-49,중장년,62,29,0.532258,839.27,13.5366,0.0,6.0,839.27,0,0.000497,0.241819
2026-06-02,45-49,40-49,중장년,48,10,0.791667,57.09,1.1894,0.0,5.62,57.09,0,3.4e-05,0.016449
2026-06-02,50-54,50-59,중장년,34,11,0.676471,126.79,3.7291,0.0,6.73,126.79,0,7.5e-05,0.036532
2026-06-02,55-59,50-59,중장년,27,15,0.444444,90.12,3.3378,4.0,5.5,90.12,0,5.3e-05,0.025966
2026-06-02,60-64,60-69,중장년,30,6,0.8,33.86,1.1287,0.0,5.475,33.86,0,2e-05,0.009756
2026-06-02,65-69,60-69,고령,44,15,0.659091,83.0,1.8864,0.0,4.0,83.0,0,4.9e-05,0.023915
2026-06-02,70-74,70-79,고령,37,9,0.756757,149.18,4.0319,0.0,8.0,149.18,0,8.8e-05,0.042983
2026-06-02,75-79,70-79,고령,8,0,1.0,0.0,0.0,0.0,,0.0,0,0.0,0.0
2026-06-02,80+,80+,고령,24,0,1.0,0.0,0.0,0.0,,0.0,0,0.0,0.0
2026-06-03,00-09,00-09,아동청소년,31,0,1.0,0.0,0.0,0.0,,0.0,0,0.0,0.0
2026-06-03,10-14,10-19,아동청소년,14,2,0.857143,13.66,0.9757,0.0,6.83,13.66,0,8e-06,0.026533
2026-06-03,15-19,10-19,아동청소년,28,3,0.892857,16.13,0.5761,0.0,4.39,16.13,0,1e-05,0.031331
2026-06-03,20-24,20-29,청년,30,5,0.833333,30.51,1.017,0.0,6.56,30.51,0,1.8e-05,0.059262
2026-06-03,25-29,20-29,청년,22,4,0.818182,26.68,1.2127,0.0,5.235,26.68,0,1.6e-05,0.051823
2026-06-03,30-34,30-39,청년,46,12,0.73913,79.22,1.7222,0.0,6.31,79.22,0,4.7e-05,0.153876
2026-06-03,35-39,30-39,청년,23,5,0.782609,42.02,1.827,0.0,6.84,42.02,0,2.5e-05,0.081619
2026-06-03,40-44,40-49,중장년,34,6,0.823529,59.89,1.7615,0.0,10.47,59.89,0,3.5e-05,0.11633
2026-06-03,45-49,40-49,중장년,62,11,0.822581,142.08,2.2916,0.0,6.73,142.08,0,8.4e-05,0.275975
2026-06-03,50-54,50-59,중장년,14,2,0.857143,19.35,1.3821,0.0,9.675,19.35,0,1.1e-05,0.037585
2026-06-03,55-59,50-59,중장년,11,5,0.545455,22.86,2.0782,0.0,4.8,22.86,0,1.4e-05,0.044403
2026-06-03,60-64,60-69,중장년,23,3,0.869565,15.41,0.67,0.0,5.0,15.41,0,9e-06,0.029932
2026-06-03,65-69,60-69,고령,23,7,0.695652,28.04,1.2191,0.0,3.62,28.04,0,1.7e-05,0.054465
2026-06-03,70-74,70-79,고령,7,1,0.857143,4.0,0.5714,0.0,4.0,4.0,0,2e-06,0.00777
2026-06-03,75-79,70-79,고령,6,1,0.833333,10.5,1.75,0.0,10.5,10.5,0,6e-06,0.020395
2026-06-03,80+,80+,고령,13,1,0.923077,4.48,0.3446,0.0,4.48,4.48,0,3e-06,0.008702
2026-06-04,00-09,00-09,아동청소년,29,0,1.0,0.0,0.0,0.0,,0.0,0,0.0,0.0
2026-06-04,10-14,10-19,아동청소년,52,2,0.961538,18.22,0.3504,0.0,9.11,18.22,0,1.1e-05,0.048828
2026-06-04,15-19,10-19,아동청소년,12,3,0.75,29.64,2.47,0.0,8.23,29.64,0,1.8e-05,0.079432
2026-06-04,20-24,20-29,청년,32,7,0.78125,36.16,1.13,0.0,3.34,36.16,0,2.1e-05,0.096905
2026-06-04,25-29,20-29,청년,9,0,1.0,0.0,0.0,0.0,,0.0,0,0.0,0.0
2026-06-04,30-34,30-39,청년,5,0,1.0,0.0,0.0,0.0,,0.0,0,0.0,0.0
2026-06-04,35-39,30-39,청년,44,6,0.863636,32.72,0.7436,0.0,5.405,32.72,0,1.9e-05,0.087686
2026-06-04,40-44,40-49,중장년,59,10,0.830508,73.26,1.2417,0.0,5.75,73.26,0,4.3e-05,0.196329
2026-06-04,45-49,40-49,중장년,37,8,0.783784,56.46,1.5259,0.0,6.575,56.46,0,3.3e-05,0.151306
2026-06-04,50-54,50-59,중장년,26,4,0.846154,43.07,1.6565,0.0,3.995,43.07,0,2.5e-05,0.115423
2026-06-04,55-59,50-59,중장년,5,0,1.0,0.0,0.0,0.0,,0.0,0,0.0,0.0
2026-06-04,60-64,60-69,중장년,28,2,0.928571,60.34,2.155,0.0,30.17,60.34,0,3.6e-05,0.161704
2026-06-04,65-69,60-69,고령,11,2,0.818182,19.87,1.8064,0.0,9.935,19.87,0,1.2e-05,0.053249
2026-06-04,70-74,70-79,고령,26,1,0.961538,3.41,0.1312,0.0,3.41,3.41,0,2e-06,0.009138
2026-06-04,75-79,70-79,고령,16,0,1.0,0.0,0.0,0.0,,0.0,0,0.0,0.0
2026-06-04,80+,80+,고령,23,0,1.0,0.0,0.0,0.0,,0.0,0,0.0,0.0
2026-06-05,00-09,00-09,아동청소년,16,6,0.625,52.64,3.29,0.0,7.295,52.64,0,3.1e-05,0.03024
2026-06-05,10-14,10-19,아동청소년,23,6,0.73913,62.49,2.717,0.0,9.095,62.49,0,3.7e-05,0.035898
2026-06-05,15-19,10-19,아동청소년,20,6,0.7,39.17,1.9585,0.0,5.365,39.17,0,2.3e-05,0.022502
2026-06-05,20-24,20-29,청년,60,29,0.516667,267.67,4.4612,0.0,6.0,267.67,0,0.000158,0.153767
2026-06-05,25-29,20-29,청년,12,5,0.583333,34.01,2.8342,0.0,6.0,34.01,0,2e-05,0.019538
2026-06-05,30-34,30-39,청년,17,6,0.647059,40.17,2.3629,0.0,6.2,40.17,0,2.4e-05,0.023076
2026-06-05,35-39,30-39,청년,34,13,0.617647,231.16,6.7988,0.0,10.9,231.16,0,0.000137,0.132793
2026-06-05,40-44,40-49,중장년,28,9,0.678571,336.63,12.0225,0.0,10.68,336.63,0,0.000199,0.193382
2026-06-05,45-49,40-49,중장년,34,11,0.676471,94.23,2.7715,0.0,7.87,94.23,0,5.6e-05,0.054132
2026-06-05,50-54,50-59,중장년,11,4,0.636364,41.28,3.7527,0.0,6.305,41.28,0,2.4e-05,0.023714
2026-06-05,55-59,50-59,중장년,19,12,0.368421,215.65,11.35,6.0,8.01,215.65,0,0.000128,0.123883
2026-06-05,60-64,60-69,중장년,14,2,0.857143,7.02,0.5014,0.0,3.51,7.02,0,4e-06,0.004033
2026-06-05,65-69,60-69,고령,39,12,0.692308,127.1,3.259,0.0,4.78,127.1,0,7.5e-05,0.073015
2026-06-05,70-74,70-79,고령,12,4,0.666667,47.23,3.9358,0.0,7.27,47.23,0,2.8e-05,0.027132
2026-06-05,75-79,70-79,고령,40,9,0.775,111.38,2.7845,0.0,7.76,111.38,0,6.6e-05,0.063984
2026-06-05,80+,80+,고령,12,1,0.916667,32.92,2.7433,0.0,32.92,32.92,0,1.9e-05,0.018911
2026-06-06,00-09,00-09,아동청소년,23,2,0.913043,16.92,0.7357,0.0,8.46,16.92,0,1e-05,0.001138
2026-06-06,10-14,10-19,아동청소년,59,12,0.79661,105.23,1.7836,0.0,7.01,105.23,0,6.2e-05,0.007078
2026-06-06,15-19,10-19,아동청소년,29,11,0.62069,797.33,27.4941,0.0,6.34,797.33,0,0.000472,0.053629
2026-06-06,20-24,20-29,청년,49,19,0.612245,127.88,2.6098,0.0,5.06,127.88,0,7.6e-05,0.008601
2026-06-06,25-29,20-29,청년,31,8,0.741935,54.24,1.7497,0.0,6.055,54.24,0,3.2e-05,0.003648
2026-06-06,30-34,30-39,청년,35,11,0.685714,72.06,2.0589,0.0,5.93,72.06,0,4.3e-05,0.004847
2026-06-06,35-39,30-39,청년,39,10,0.74359,245.16,6.2862,0.0,8.45,245.16,0,0.000145,0.01649
2026-06-06,40-44,40-49,중장년,46,19,0.586957,2300.84,50.0183,0.0,5.61,2300.84,0,0.001361,0.154755
2026-06-06,45-49,40-49,중장년,69,23,0.666667,195.39,2.8317,0.0,8.08,195.39,0,0.000116,0.013142
2026-06-06,50-54,50-59,중장년,33,11,0.666667,86.16,2.6109,0.0,9.48,86.16,0,5.1e-05,0.005795
2026-06-06,55-59,50-59,중장년,15,6,0.6,30.22,2.0147,0.0,4.365,30.22,0,1.8e-05,0.002033
2026-06-06,60-64,60-69,중장년,33,8,0.757576,3706.01,112.3033,0.0,5.69,3706.01,0,0.002193,0.249267
2026-06-06,65-69,60-69,고령,26,7,0.730769,3914.45,150.5558,0.0,10.17,3914.45,0,0.002316,0.263287
2026-06-06,70-74,70-79,고령,40,10,0.75,133.44,3.336,0.0,6.61,133.44,0,7.9e-05,0.008975
2026-06-06,75-79,70-79,고령,52,10,0.807692,164.37,3.161,0.0,7.14,164.37,0,9.7e-05,0.011056
2026-06-06,80+,80+,고령,44,5,0.886364,2917.94,66.3168,0.0,15.94,2917.94,0,0.001726,0.196261
2026-06-07,00-09,00-09,아동청소년,16,4,0.75,173.91,10.8694,0.0,25.655,173.91,0,0.000103,0.003681
2026-06-07,10-14,10-19,아동청소년,79,24,0.696203,2012.45,25.4741,0.0,13.95,2007.25,0,0.001191,0.042595
2026-06-07,15-19,10-19,아동청소년,27,11,0.592593,118.12,4.3748,0.0,8.72,112.12,0,7e-05,0.0025
2026-06-07,20-24,20-29,청년,60,35,0.416667,1176.21,19.6035,5.205,13.59,1176.21,0,0.000696,0.024896
2026-06-07,25-29,20-29,청년,87,31,0.643678,3309.02,38.0347,0.0,8.38,3309.02,0,0.001958,0.070038
2026-06-07,30-34,30-39,청년,31,7,0.774194,84.18,2.7155,0.0,10.0,84.18,0,5e-05,0.001782
2026-06-07,35-39,30-39,청년,115,57,0.504348,15808.43,137.4646,0.0,16.69,15808.43,0,0.009353,0.3346
2026-06-07,40-44,40-49,중장년,71,33,0.535211,554.56,7.8107,0.0,11.08,554.56,0,0.000328,0.011738
2026-06-07,45-49,40-49,중장년,65,36,0.446154,6096.69,93.7952,4.09,10.745,6096.69,0,0.003607,0.129042
2026-06-07,50-54,50-59,중장년,46,28,0.391304,9728.07,211.4798,5.925,12.19,9728.07,0,0.005756,0.205904
2026-06-07,55-59,50-59,중장년,21,12,0.428571,184.94,8.8067,3.64,6.18,184.94,0,0.000109,0.003914
2026-06-07,60-64,60-69,중장년,21,11,0.47619,446.67,21.27,5.74,19.81,446.67,0,0.000264,0.009454
2026-06-07,65-69,60-69,고령,18,11,0.388889,367.56,20.42,5.48,14.0,367.56,0,0.000217,0.00778
2026-06-07,70-74,70-79,고령,57,10,0.824561,665.1,11.6684,0.0,27.12,665.1,0,0.000394,0.014077
2026-06-07,75-79,70-79,고령,41,20,0.512195,1037.18,25.2971,0.0,11.0,1037.18,0,0.000614,0.021953
2026-06-07,80+,80+,고령,42,8,0.809524,5482.65,130.5393,0.0,34.98,5482.65,0,0.003244,0.116045
2026-06-08,00-09,00-09,아동청소년,2,0,1.0,0.0,0.0,0.0,,0.0,0,0.0,0.0
2026-06-08,10-14,10-19,아동청소년,23,3,0.869565,19.19,0.8343,0.0,6.57,19.19,0,1.1e-05,0.047345
2026-06-08,15-19,10-19,아동청소년,9,0,1.0,0.0,0.0,0.0,,0.0,0,0.0,0.0
2026-06-08,20-24,20-29,청년,41,12,0.707317,96.2,2.3463,0.0,5.715,96.2,0,5.7e-05,0.237343
2026-06-08,25-29,20-29,청년,12,1,0.916667,5.35,0.4458,0.0,5.35,5.35,0,3e-06,0.013199
2026-06-08,30-34,30-39,청년,32,4,0.875,32.94,1.0294,0.0,7.395,32.94,0,1.9e-05,0.081269
2026-06-08,35-39,30-39,청년,18,4,0.777778,37.15,2.0639,0.0,9.425,37.15,0,2.2e-05,0.091656
2026-06-08,40-44,40-49,중장년,19,4,0.789474,33.16,1.7453,0.0,8.62,33.16,0,2e-05,0.081812
2026-06-08,45-49,40-49,중장년,28,4,0.857143,31.4,1.1214,0.0,7.77,31.4,0,1.9e-05,0.07747
2026-06-08,50-54,50-59,중장년,34,4,0.882353,91.47,2.6903,0.0,18.535,91.47,0,5.4e-05,0.225674
2026-06-08,55-59,50-59,중장년,21,2,0.904762,19.64,0.9352,0.0,9.82,19.64,0,1.2e-05,0.048456
2026-06-08,60-64,60-69,중장년,24,2,0.916667,8.56,0.3567,0.0,4.28,8.56,0,5e-06,0.021119
2026-06-08,65-69,60-69,고령,5,2,0.6,7.36,1.472,0.0,3.68,7.36,0,4e-06,0.018158
2026-06-08,70-74,70-79,고령,15,1,0.933333,6.0,0.4,0.0,6.0,6.0,0,4e-06,0.014803
2026-06-08,75-79,70-79,고령,10,0,1.0,0.0,0.0,0.0,,0.0,0,0.0,0.0
2026-06-08,80+,80+,고령,33,2,0.939394,16.9,0.5121,0.0,8.45,16.9,0,1e-05,0.041695
2026-06-09,00-09,00-09,아동청소년,40,4,0.9,753.14,18.8285,0.0,11.785,753.14,0,0.000446,0.025013
2026-06-09,10-14,10-19,아동청소년,60,14,0.766667,7099.3,118.3217,0.0,12.205,7099.3,0,0.0042,0.235781
2026-06-09,15-19,10-19,아동청소년,24,5,0.791667,36.17,1.5071,0.0,8.0,36.17,0,2.1e-05,0.001201
2026-06-09,20-24,20-29,청년,36,11,0.694444,125.75,3.4931,0.0,6.58,125.75,0,7.4e-05,0.004176
2026-06-09,25-29,20-29,청년,31,9,0.709677,76.77,2.4765,0.0,4.94,76.77,0,4.5e-05,0.00255
2026-06-09,30-34,30-39,청년,20,5,0.75,49.51,2.4755,0.0,7.2,49.51,0,2.9e-05,0.001644
2026-06-09,35-39,30-39,청년,50,19,0.62,994.68,19.8936,0.0,13.06,994.68,0,0.000589,0.033035
2026-06-09,40-44,40-49,중장년,23,8,0.652174,5797.48,252.0643,0.0,7.5,5797.48,0,0.00343,0.192545
2026-06-09,45-49,40-49,중장년,44,14,0.681818,5708.33,129.7348,0.0,9.82,5708.33,0,0.003377,0.189585
2026-06-09,50-54,50-59,중장년,38,7,0.815789,6012.87,158.2334,0.0,11.56,6012.87,1,0.003558,0.199699
2026-06-09,55-59,50-59,중장년,20,8,0.6,72.54,3.627,0.0,5.725,72.54,0,4.3e-05,0.002409
2026-06-09,60-64,60-69,중장년,51,14,0.72549,234.26,4.5933,0.0,12.145,234.26,0,0.000139,0.00778
2026-06-09,65-69,60-69,고령,31,11,0.645161,78.32,2.5265,0.0,4.07,78.32,0,4.6e-05,0.002601
2026-06-09,70-74,70-79,고령,35,7,0.8,2237.53,63.9294,0.0,6.0,2237.53,0,0.001324,0.074313
2026-06-09,75-79,70-79,고령,42,12,0.714286,160.74,3.8271,0.0,8.625,160.74,0,9.5e-05,0.005338
2026-06-09,80+,80+,고령,29,2,0.931034,672.28,23.1821,0.0,336.14,672.28,0,0.000398,0.022328
2026-06-10,00-09,00-09,아동청소년,35,0,1.0,0.0,0.0,0.0,,0.0,0,0.0,0.0
2026-06-10,10-14,10-19,아동청소년,39,3,0.923077,17.34,0.4446,0.0,5.56,17.34,0,1e-05,0.003109
2026-06-10,15-19,10-19,아동청소년,16,2,0.875,17.24,1.0775,0.0,8.62,17.24,0,1e-05,0.003091
2026-06-10,20-24,20-29,청년,46,8,0.826087,52.75,1.1467,0.0,4.455,52.75,0,3.1e-05,0.009457
2026-06-10,25-29,20-29,청년,16,2,0.875,17.77,1.1106,0.0,8.885,17.77,0,1.1e-05,0.003186
2026-06-10,30-34,30-39,청년,47,14,0.702128,99.21,2.1109,0.0,4.445,99.21,0,5.9e-05,0.017787
2026-06-10,35-39,30-39,청년,57,13,0.77193,4917.53,86.2725,0.0,4.62,4917.53,0,0.00291,0.881632
2026-06-10,40-44,40-49,중장년,12,2,0.833333,6.29,0.5242,0.0,3.145,6.29,0,4e-06,0.001128
2026-06-10,45-49,40-49,중장년,41,11,0.731707,75.93,1.852,0.0,5.68,75.93,0,4.5e-05,0.013613
2026-06-10,50-54,50-59,중장년,36,4,0.888889,19.06,0.5294,0.0,4.94,19.06,0,1.1e-05,0.003417
2026-06-10,55-59,50-59,중장년,45,13,0.711111,133.76,2.9724,0.0,4.18,133.76,0,7.9e-05,0.023981
2026-06-10,60-64,60-69,중장년,82,15,0.817073,100.98,1.2315,0.0,4.27,100.98,0,6e-05,0.018104
2026-06-10,65-69,60-69,고령,70,10,0.857143,66.5,0.95,0.0,4.065,66.5,0,3.9e-05,0.011922
2026-06-10,70-74,70-79,고령,24,5,0.791667,39.69,1.6538,0.0,6.1,39.69,0,2.3e-05,0.007116
2026-06-10,75-79,70-79,고령,28,2,0.928571,9.75,0.3482,0.0,4.875,9.75,0,6e-06,0.001748
2026-06-10,80+,80+,고령,48,1,0.979167,3.96,0.0825,0.0,3.96,3.96,0,2e-06,0.00071
2026-06-11,00-09,00-09,아동청소년,17,3,0.823529,18.06,1.0624,0.0,6.25,18.06,0,1.1e-05,0.085926
2026-06-11,10-14,10-19,아동청소년,32,2,0.9375,16.84,0.5262,0.0,8.42,16.84,0,1e-05,0.080122
2026-06-11,15-19,10-19,아동청소년,14,0,1.0,0.0,0.0,0.0,,0.0,0,0.0,0.0
2026-06-11,20-24,20-29,청년,31,5,0.83871,32.13,1.0365,0.0,5.22,32.13,0,1.9e-05,0.152869
2026-06-11,25-29,20-29,청년,13,1,0.923077,3.13,0.2408,0.0,3.13,3.13,0,2e-06,0.014892
2026-06-11,30-34,30-39,청년,45,6,0.866667,31.29,0.6953,0.0,3.995,31.29,0,1.9e-05,0.148872
2026-06-11,35-39,30-39,청년,60,6,0.9,25.13,0.4188,0.0,4.25,25.13,0,1.5e-05,0.119564
2026-06-11,40-44,40-49,중장년,35,2,0.942857,7.41,0.2117,0.0,3.705,7.41,0,4e-06,0.035255
2026-06-11,45-49,40-49,중장년,24,5,0.791667,35.73,1.4888,0.0,7.1,35.73,0,2.1e-05,0.169997
2026-06-11,50-54,50-59,중장년,16,2,0.875,12.05,0.7531,0.0,6.025,12.05,0,7e-06,0.057332
2026-06-11,55-59,50-59,중장년,22,3,0.863636,10.81,0.4914,0.0,3.52,10.81,0,6e-06,0.051432
2026-06-11,60-64,60-69,중장년,16,0,1.0,0.0,0.0,0.0,,0.0,0,0.0,0.0
2026-06-11,65-69,60-69,고령,14,4,0.714286,17.6,1.2571,0.0,4.155,17.6,0,1e-05,0.083738
2026-06-11,70-74,70-79,고령,16,0,1.0,0.0,0.0,0.0,,0.0,0,0.0,0.0
2026-06-11,75-79,70-79,고령,5,0,1.0,0.0,0.0,0.0,,0.0,0,0.0,0.0
2026-06-11,80+,80+,고령,12,0,1.0,0.0,0.0,0.0,,0.0,0,0.0,0.0
2026-06-12,00-09,00-09,아동청소년,36,9,0.75,124.07,3.4464,0.0,12.64,124.07,0,7.3e-05,0.013615
2026-06-12,10-14,10-19,아동청소년,64,14,0.78125,140.57,2.1964,0.0,7.42,140.57,0,8.3e-05,0.015426
2026-06-12,15-19,10-19,아동청소년,16,2,0.875,11.46,0.7163,0.0,5.73,11.46,0,7e-06,0.001258
2026-06-12,20-24,20-29,청년,53,13,0.754717,104.57,1.973,0.0,6.0,104.57,0,6.2e-05,0.011475
2026-06-12,25-29,20-29,청년,10,1,0.9,12.21,1.221,0.0,12.21,12.21,0,7e-06,0.00134
2026-06-12,30-34,30-39,청년,38,9,0.763158,67.51,1.7766,0.0,6.0,67.51,0,4e-05,0.007408
2026-06-12,35-39,30-39,청년,57,22,0.614035,394.15,6.9149,0.0,14.465,394.15,0,0.000233,0.043253
2026-06-12,40-44,40-49,중장년,39,12,0.692308,120.23,3.0828,0.0,7.76,120.23,0,7.1e-05,0.013194
2026-06-12,45-49,40-49,중장년,36,9,0.75,170.1,4.725,0.0,8.0,170.1,0,0.000101,0.018666
2026-06-12,50-54,50-59,중장년,38,17,0.552632,2193.46,57.7226,0.0,9.66,2193.46,0,0.001298,0.240704
2026-06-12,55-59,50-59,중장년,5,3,0.4,10.9,2.18,3.38,3.43,10.9,0,6e-06,0.001196
2026-06-12,60-64,60-69,중장년,16,3,0.8125,41.87,2.6169,0.0,6.14,41.87,0,2.5e-05,0.004595
2026-06-12,65-69,60-69,고령,17,5,0.705882,5621.07,330.6512,0.0,6.32,5621.07,0,0.003326,0.616841
2026-06-12,70-74,70-79,고령,58,9,0.844828,88.19,1.5205,0.0,6.4,88.19,0,5.2e-05,0.009678
2026-06-12,75-79,70-79,고령,11,0,1.0,0.0,0.0,0.0,,0.0,0,0.0,0.0
2026-06-12,80+,80+,고령,39,1,0.974359,12.31,0.3156,0.0,12.31,12.31,0,7e-06,0.001351
2026-06-13,00-09,00-09,아동청소년,19,2,0.894737,14.16,0.7453,0.0,7.08,14.16,0,8e-06,0.008178
2026-06-13,10-14,10-19,아동청소년,26,3,0.884615,22.26,0.8562,0.0,5.23,22.26,0,1.3e-05,0.012857
2026-06-13,15-19,10-19,아동청소년,10,1,0.9,6.37,0.637,0.0,6.37,6.37,0,4e-06,0.003679
2026-06-13,20-24,20-29,청년,27,5,0.814815,42.04,1.557,0.0,4.34,42.04,0,2.5e-05,0.024281
2026-06-13,25-29,20-29,청년,25,4,0.84,16.46,0.6584,0.0,3.945,16.46,0,1e-05,0.009507
2026-06-13,30-34,30-39,청년,27,4,0.851852,29.39,1.0885,0.0,6.825,29.39,0,1.7e-05,0.016975
2026-06-13,35-39,30-39,청년,26,6,0.769231,148.24,5.7015,0.0,16.415,148.24,0,8.8e-05,0.08562
2026-06-13,40-44,40-49,중장년,193,78,0.595855,689.41,3.5721,0.0,6.6,678.64,0,0.000408,0.398185
2026-06-13,45-49,40-49,중장년,26,8,0.692308,64.78,2.4915,0.0,7.36,64.78,0,3.8e-05,0.037415
2026-06-13,50-54,50-59,중장년,12,3,0.75,113.21,9.4342,0.0,45.85,113.21,0,6.7e-05,0.065387
2026-06-13,55-59,50-59,중장년,16,7,0.5625,399.29,24.9556,0.0,4.27,399.29,0,0.000236,0.23062
2026-06-13,60-64,60-69,중장년,18,0,1.0,0.0,0.0,0.0,,0.0,0,0.0,0.0
2026-06-13,65-69,60-69,고령,11,6,0.454545,51.45,4.6773,3.22,4.2,51.45,0,3e-05,0.029716
2026-06-13,70-74,70-79,고령,1,0,1.0,0.0,0.0,0.0,,0.0,0,0.0,0.0
2026-06-13,75-79,70-79,고령,13,3,0.769231,134.32,10.3323,0.0,9.4,134.32,0,7.9e-05,0.07758
2026-06-13,80+,80+,고령,6,0,1.0,0.0,0.0,0.0,,0.0,0,0.0,0.0
2026-06-14,00-09,00-09,아동청소년,12,3,0.75,37.75,3.1458,0.0,7.38,37.75,0,2.2e-05,0.048962
2026-06-14,10-14,10-19,아동청소년,19,2,0.894737,17.88,0.9411,0.0,8.94,17.88,0,1.1e-05,0.02319
2026-06-14,15-19,10-19,아동청소년,9,0,1.0,0.0,0.0,0.0,,0.0,0,0.0,0.0
2026-06-14,20-24,20-29,청년,26,7,0.730769,67.3,2.5885,0.0,11.21,67.3,0,4e-05,0.087288
2026-06-14,25-29,20-29,청년,22,6,0.727273,66.18,3.0082,0.0,8.26,66.18,0,3.9e-05,0.085835
2026-06-14,30-34,30-39,청년,91,14,0.846154,139.1,1.5286,0.0,6.495,139.1,0,8.2e-05,0.180413
2026-06-14,35-39,30-39,청년,12,0,1.0,0.0,0.0,0.0,,0.0,0,0.0,0.0
2026-06-14,40-44,40-49,중장년,33,8,0.757576,34.72,1.0521,0.0,4.0,34.72,0,2.1e-05,0.045032
2026-06-14,45-49,40-49,중장년,16,2,0.875,278.9,17.4312,0.0,139.45,278.9,0,0.000165,0.361733
2026-06-14,50-54,50-59,중장년,14,4,0.714286,34.57,2.4693,0.0,7.815,34.57,0,2e-05,0.044837
2026-06-14,55-59,50-59,중장년,7,1,0.857143,4.0,0.5714,0.0,4.0,4.0,0,2e-06,0.005188
2026-06-14,60-64,60-69,중장년,24,2,0.916667,45.77,1.9071,0.0,22.885,45.77,0,2.7e-05,0.059364
2026-06-14,65-69,60-69,고령,14,1,0.928571,3.34,0.2386,0.0,3.34,3.34,0,2e-06,0.004332
2026-06-14,70-74,70-79,고령,15,4,0.733333,35.0,2.3333,0.0,4.7,35.0,0,2.1e-05,0.045395
2026-06-14,75-79,70-79,고령,27,1,0.962963,6.5,0.2407,0.0,6.5,6.5,0,4e-06,0.008431
2026-06-14,80+,80+,고령,26,0,1.0,0.0,0.0,0.0,,0.0,0,0.0,0.0
2026-06-15,00-09,00-09,아동청소년,27,7,0.740741,5894.55,218.3167,0.0,49.0,5894.55,0,0.003488,0.073603
2026-06-15,10-14,10-19,아동청소년,46,10,0.782609,9872.6,214.6217,0.0,11.555,9872.6,1,0.005841,0.123276
2026-06-15,15-19,10-19,아동청소년,14,1,0.928571,5.07,0.3621,0.0,5.07,5.07,0,3e-06,6.3e-05
2026-06-15,20-24,20-29,청년,33,7,0.787879,6091.82,184.6006,0.0,12.06,158.98,1,0.003604,0.076067
2026-06-15,25-29,20-29,청년,31,8,0.741935,41.97,1.3539,0.0,4.39,41.97,0,2.5e-05,0.000524
2026-06-15,30-34,30-39,청년,13,4,0.692308,28.7,2.2077,0.0,4.555,28.7,0,1.7e-05,0.000358
2026-06-15,35-39,30-39,청년,59,22,0.627119,9493.36,160.9044,0.0,13.505,9482.61,0,0.005617,0.11854
2026-06-15,40-44,40-49,중장년,45,13,0.711111,663.14,14.7364,0.0,6.52,512.36,0,0.000392,0.00828
2026-06-15,45-49,40-49,중장년,92,24,0.73913,218.46,2.3746,0.0,8.195,218.46,0,0.000129,0.002728
2026-06-15,50-54,50-59,중장년,38,11,0.710526,10865.68,285.9389,0.0,15.29,10865.68,0,0.006429,0.135676
2026-06-15,55-59,50-59,중장년,58,32,0.448276,2993.38,51.61,3.275,8.5,2993.38,0,0.001771,0.037377
2026-06-15,60-64,60-69,중장년,11,6,0.454545,2925.47,265.9518,3.91,7.4,2925.47,0,0.001731,0.036529
2026-06-15,65-69,60-69,고령,67,21,0.686567,6113.51,91.2464,0.0,6.12,180.67,1,0.003617,0.076337
2026-06-15,70-74,70-79,고령,49,8,0.836735,10074.99,205.612,0.0,19.5,10074.99,0,0.005961,0.125803
2026-06-15,75-79,70-79,고령,40,8,0.8,113.12,2.828,0.0,11.725,113.12,0,6.7e-05,0.001412
2026-06-15,80+,80+,고령,31,6,0.806452,14689.6,473.8581,0.0,2129.165,14689.6,0,0.008691,0.183424
2026-06-16,00-09,00-09,아동청소년,31,4,0.870968,36.49,1.1771,0.0,8.34,36.49,0,2.2e-05,0.003437
2026-06-16,10-14,10-19,아동청소년,81,17,0.790123,179.28,2.2133,0.0,10.6,179.28,0,0.000106,0.016888
2026-06-16,15-19,10-19,아동청소년,20,4,0.8,18.22,0.911,0.0,4.295,18.22,0,1.1e-05,0.001716
2026-06-16,20-24,20-29,청년,60,27,0.55,258.6,4.31,0.0,6.41,258.6,0,0.000153,0.024359
2026-06-16,25-29,20-29,청년,14,3,0.785714,23.95,1.7107,0.0,5.66,23.95,0,1.4e-05,0.002256
2026-06-16,30-34,30-39,청년,34,11,0.676471,165.01,4.8532,0.0,13.12,165.01,0,9.8e-05,0.015543
2026-06-16,35-39,30-39,청년,63,20,0.68254,212.25,3.369,0.0,10.54,212.25,0,0.000126,0.019993
2026-06-16,40-44,40-49,중장년,56,17,0.696429,4119.44,73.5614,0.0,9.62,4119.44,0,0.002437,0.38804
2026-06-16,45-49,40-49,중장년,55,20,0.636364,270.09,4.9107,0.0,7.805,270.09,0,0.00016,0.025442
2026-06-16,50-54,50-59,중장년,33,14,0.575758,118.47,3.59,0.0,5.025,118.47,0,7e-05,0.01116
2026-06-16,55-59,50-59,중장년,9,6,0.333333,55.76,6.1956,4.06,5.605,55.76,0,3.3e-05,0.005252
2026-06-16,60-64,60-69,중장년,50,15,0.7,131.58,2.6316,0.0,6.03,131.58,0,7.8e-05,0.012394
2026-06-16,65-69,60-69,고령,22,8,0.636364,4941.31,224.605,0.0,6.755,70.79,0,0.002924,0.465458
2026-06-16,70-74,70-79,고령,28,2,0.928571,38.09,1.3604,0.0,19.045,38.09,0,2.3e-05,0.003588
2026-06-16,75-79,70-79,고령,26,2,0.923077,20.42,0.7854,0.0,10.21,20.42,0,1.2e-05,0.001924
2026-06-16,80+,80+,고령,41,2,0.95122,27.06,0.66,0.0,13.53,27.06,0,1.6e-05,0.002549
2026-06-17,00-09,00-09,아동청소년,15,3,0.8,22.07,1.4713,0.0,8.0,22.07,0,1.3e-05,0.002508
2026-06-17,10-14,10-19,아동청소년,20,1,0.95,9.87,0.4935,0.0,9.87,9.87,0,6e-06,0.001122
2026-06-17,15-19,10-19,아동청소년,33,5,0.848485,52.88,1.6024,0.0,4.81,52.88,0,3.1e-05,0.00601
2026-06-17,20-24,20-29,청년,29,11,0.62069,77.32,2.6662,0.0,4.51,77.32,0,4.6e-05,0.008787
2026-06-17,25-29,20-29,청년,3,1,0.666667,4.42,1.4733,0.0,4.42,4.42,0,3e-06,0.000502
2026-06-17,30-34,30-39,청년,8,1,0.875,5.97,0.7462,0.0,5.97,5.97,0,4e-06,0.000678
2026-06-17,35-39,30-39,청년,22,6,0.727273,617.59,28.0723,0.0,7.495,617.59,0,0.000365,0.070187
2026-06-17,40-44,40-49,중장년,30,6,0.8,3861.19,128.7063,0.0,22.525,3861.19,0,0.002285,0.438812
2026-06-17,45-49,40-49,중장년,26,8,0.692308,125.52,4.8277,0.0,9.34,125.52,0,7.4e-05,0.014265
2026-06-17,50-54,50-59,중장년,18,7,0.611111,159.45,8.8583,0.0,8.32,159.45,0,9.4e-05,0.018121
2026-06-17,55-59,50-59,중장년,4,1,0.75,5.82,1.455,0.0,5.82,5.82,0,3e-06,0.000661
2026-06-17,60-64,60-69,중장년,9,1,0.888889,9.49,1.0544,0.0,9.49,9.49,0,6e-06,0.001079
2026-06-17,65-69,60-69,고령,51,9,0.823529,147.99,2.9018,0.0,5.25,147.99,0,8.8e-05,0.016819
2026-06-17,70-74,70-79,고령,36,3,0.916667,31.98,0.8883,0.0,8.05,31.98,0,1.9e-05,0.003634
2026-06-17,75-79,70-79,고령,15,3,0.8,3667.62,244.508,0.0,7.56,3667.62,0,0.00217,0.416814
2026-06-17,80+,80+,고령,9,0,1.0,0.0,0.0,0.0,,0.0,0,0.0,0.0
2026-06-18,00-09,00-09,아동청소년,58,3,0.948276,21.31,0.3674,0.0,6.82,21.31,0,1.3e-05,0.023295
2026-06-18,10-14,10-19,아동청소년,25,3,0.88,21.21,0.8484,0.0,5.42,21.21,0,1.3e-05,0.023186
2026-06-18,15-19,10-19,아동청소년,19,2,0.894737,10.62,0.5589,0.0,5.31,10.62,0,6e-06,0.011609
2026-06-18,20-24,20-29,청년,73,14,0.808219,87.01,1.1919,0.0,4.125,87.01,0,5.1e-05,0.095117
2026-06-18,25-29,20-29,청년,13,3,0.769231,23.21,1.7854,0.0,5.16,23.21,0,1.4e-05,0.025372
2026-06-18,30-34,30-39,청년,35,9,0.742857,113.63,3.2466,0.0,5.64,113.63,0,6.7e-05,0.124217
2026-06-18,35-39,30-39,청년,57,14,0.754386,112.59,1.9753,0.0,6.09,112.59,0,6.7e-05,0.12308
2026-06-18,40-44,40-49,중장년,67,14,0.791045,93.54,1.3961,0.0,6.425,93.54,0,5.5e-05,0.102255
2026-06-18,45-49,40-49,중장년,63,17,0.730159,114.52,1.8178,0.0,6.23,114.52,0,6.8e-05,0.12519
2026-06-18,50-54,50-59,중장년,21,8,0.619048,61.7,2.9381,0.0,7.255,61.7,0,3.7e-05,0.067449
2026-06-18,55-59,50-59,중장년,31,12,0.612903,78.51,2.5326,0.0,5.435,78.51,0,4.6e-05,0.085825
2026-06-18,60-64,60-69,중장년,34,6,0.823529,32.28,0.9494,0.0,4.57,32.28,0,1.9e-05,0.035288
2026-06-18,65-69,60-69,고령,9,2,0.777778,22.49,2.4989,0.0,11.245,22.49,0,1.3e-05,0.024585
2026-06-18,70-74,70-79,고령,47,7,0.851064,101.99,2.17,0.0,8.57,101.99,0,6e-05,0.111493
2026-06-18,75-79,70-79,고령,25,2,0.92,7.99,0.3196,0.0,3.995,7.99,0,5e-06,0.008734
2026-06-18,80+,80+,고령,52,2,0.961538,12.17,0.234,0.0,6.085,12.17,0,7e-06,0.013304
2026-06-19,00-09,00-09,아동청소년,14,1,0.928571,16.0,1.1429,0.0,16.0,16.0,0,9e-06,0.000575
2026-06-19,10-14,10-19,아동청소년,13,3,0.769231,33.59,2.5838,0.0,11.92,33.59,0,2e-05,0.001208
2026-06-19,15-19,10-19,아동청소년,7,4,0.428571,41.92,5.9886,4.0,7.755,41.92,0,2.5e-05,0.001508
2026-06-19,20-24,20-29,청년,56,19,0.660714,271.99,4.857,0.0,7.0,271.99,0,0.000161,0.009783
2026-06-19,25-29,20-29,청년,9,3,0.666667,20.47,2.2744,0.0,6.0,20.47,0,1.2e-05,0.000736
2026-06-19,30-34,30-39,청년,5,1,0.8,3.23,0.646,0.0,3.23,3.23,0,2e-06,0.000116
2026-06-19,35-39,30-39,청년,60,15,0.75,204.64,3.4107,0.0,6.24,204.64,0,0.000121,0.00736
2026-06-19,40-44,40-49,중장년,76,21,0.723684,2859.56,37.6258,0.0,6.15,2859.56,0,0.001692,0.102851
2026-06-19,45-49,40-49,중장년,27,11,0.592593,114.82,4.2526,0.0,8.15,114.82,0,6.8e-05,0.00413
2026-06-19,50-54,50-59,중장년,13,4,0.692308,7493.1,576.3923,0.0,904.985,7493.1,0,0.004433,0.269507
2026-06-19,55-59,50-59,중장년,14,8,0.428571,68.99,4.9279,4.145,4.68,68.99,0,4.1e-05,0.002481
2026-06-19,60-64,60-69,중장년,13,3,0.769231,15.09,1.1608,0.0,4.98,15.09,0,9e-06,0.000543
2026-06-19,65-69,60-69,고령,55,16,0.709091,15311.74,278.3953,0.0,7.965,15311.74,2,0.009059,0.550722
2026-06-19,70-74,70-79,고령,21,4,0.809524,1321.75,62.9405,0.0,14.725,1321.75,0,0.000782,0.04754
2026-06-19,75-79,70-79,고령,20,0,1.0,0.0,0.0,0.0,,0.0,0,0.0,0.0
2026-06-19,80+,80+,고령,16,3,0.8125,26.15,1.6344,0.0,7.19,26.15,0,1.5e-05,0.000941
2026-06-20,00-09,00-09,아동청소년,41,6,0.853659,51.52,1.2566,0.0,8.78,51.52,0,3e-05,0.003557
2026-06-20,10-14,10-19,아동청소년,63,16,0.746032,149.53,2.3735,0.0,7.03,149.53,0,8.8e-05,0.010324
2026-06-20,15-19,10-19,아동청소년,31,7,0.774194,109.12,3.52,0.0,13.87,109.12,0,6.5e-05,0.007534
2026-06-20,20-24,20-29,청년,71,27,0.619718,574.7,8.0944,0.0,9.83,395.82,0,0.00034,0.039677
2026-06-20,25-29,20-29,청년,26,10,0.615385,6011.43,231.2088,0.0,7.225,78.59,1,0.003557,0.415028
2026-06-20,30-34,30-39,청년,64,15,0.765625,155.94,2.4366,0.0,6.91,155.94,0,9.2e-05,0.010766
2026-06-20,35-39,30-39,청년,61,25,0.590164,2983.99,48.9179,0.0,11.44,2983.99,0,0.001766,0.206014
2026-06-20,40-44,40-49,중장년,84,37,0.559524,332.77,3.9615,0.0,7.04,332.77,0,0.000197,0.022974
2026-06-20,45-49,40-49,중장년,53,20,0.622642,155.63,2.9364,0.0,7.59,155.63,0,9.2e-05,0.010745
2026-06-20,50-54,50-59,중장년,37,15,0.594595,183.76,4.9665,0.0,8.64,173.08,0,0.000109,0.012687
2026-06-20,55-59,50-59,중장년,21,15,0.285714,147.51,7.0243,4.0,4.93,147.51,0,8.7e-05,0.010184
2026-06-20,60-64,60-69,중장년,38,15,0.605263,3283.62,86.4111,0.0,8.33,3283.62,0,0.001943,0.226701
2026-06-20,65-69,60-69,고령,44,17,0.613636,129.48,2.9427,0.0,6.23,129.48,0,7.7e-05,0.008939
2026-06-20,70-74,70-79,고령,41,12,0.707317,115.83,2.8251,0.0,6.475,115.83,0,6.9e-05,0.007997
2026-06-20,75-79,70-79,고령,26,5,0.807692,41.74,1.6054,0.0,7.38,41.74,0,2.5e-05,0.002882
2026-06-20,80+,80+,고령,25,2,0.92,57.82,2.3128,0.0,28.91,57.82,0,3.4e-05,0.003992
2026-06-21,00-09,00-09,아동청소년,26,10,0.615385,3340.91,128.4965,0.0,8.025,3340.91,0,0.001977,0.117048
2026-06-21,10-14,10-19,아동청소년,61,13,0.786885,1533.86,25.1452,0.0,5.13,1533.86,0,0.000908,0.053738
2026-06-21,15-19,10-19,아동청소년,40,16,0.6,3406.13,85.1532,0.0,5.81,3406.13,0,0.002015,0.119333
2026-06-21,20-24,20-29,청년,109,43,0.605505,854.32,7.8378,0.0,4.41,854.32,0,0.000505,0.029931
2026-06-21,25-29,20-29,청년,30,10,0.666667,52.62,1.754,0.0,4.195,52.62,0,3.1e-05,0.001844
2026-06-21,30-34,30-39,청년,26,8,0.692308,5722.57,220.0988,0.0,5.145,5722.57,0,0.003386,0.200489
2026-06-21,35-39,30-39,청년,18,8,0.555556,81.33,4.5183,0.0,5.605,81.33,0,4.8e-05,0.002849
2026-06-21,40-44,40-49,중장년,66,15,0.772727,2304.45,34.9159,0.0,4.96,2304.45,0,0.001363,0.080736
2026-06-21,45-49,40-49,중장년,114,41,0.640351,884.03,7.7546,0.0,6.62,884.03,0,0.000523,0.030972
2026-06-21,50-54,50-59,중장년,30,21,0.3,339.6,11.32,5.77,7.37,339.6,0,0.000201,0.011898
2026-06-21,55-59,50-59,중장년,76,40,0.473684,371.83,4.8925,3.42,4.97,371.83,0,0.00022,0.013027
2026-06-21,60-64,60-69,중장년,50,19,0.62,6066.14,121.3228,0.0,6.0,6066.14,0,0.003589,0.212526
2026-06-21,65-69,60-69,고령,52,23,0.557692,241.36,4.6415,0.0,5.45,241.36,0,0.000143,0.008456
2026-06-21,70-74,70-79,고령,29,8,0.724138,3311.19,114.179,0.0,5.28,3311.19,0,0.001959,0.116007
2026-06-21,75-79,70-79,고령,16,2,0.875,9.38,0.5862,0.0,4.69,9.38,0,6e-06,0.000329
2026-06-21,80+,80+,고령,24,3,0.875,23.36,0.9733,0.0,7.96,23.36,0,1.4e-05,0.000818
2026-06-22,00-09,00-09,아동청소년,8,1,0.875,10.38,1.2975,0.0,10.38,10.38,0,6e-06,0.002314
2026-06-22,10-14,10-19,아동청소년,36,8,0.777778,166.35,4.6208,0.0,8.315,166.35,0,9.8e-05,0.037089
2026-06-22,15-19,10-19,아동청소년,15,5,0.666667,92.25,6.15,0.0,5.37,92.25,0,5.5e-05,0.020568
2026-06-22,20-24,20-29,청년,61,30,0.508197,203.94,3.3433,0.0,4.565,203.94,0,0.000121,0.04547
2026-06-22,25-29,20-29,청년,2,1,0.5,4.63,2.315,2.315,4.63,4.63,0,3e-06,0.001032
2026-06-22,30-34,30-39,청년,10,5,0.5,37.94,3.794,1.58,5.58,37.94,0,2.2e-05,0.008459
2026-06-22,35-39,30-39,청년,26,10,0.615385,3463.42,133.2085,0.0,11.615,3463.42,0,0.002049,0.772199
2026-06-22,40-44,40-49,중장년,31,17,0.451613,112.53,3.63,3.36,4.67,112.53,0,6.7e-05,0.02509
2026-06-22,45-49,40-49,중장년,26,11,0.576923,89.25,3.4327,0.0,6.53,89.25,0,5.3e-05,0.019899
2026-06-22,50-54,50-59,중장년,23,16,0.304348,151.15,6.5717,4.28,6.0,151.15,0,8.9e-05,0.0337
2026-06-22,55-59,50-59,중장년,7,6,0.142857,78.67,11.2386,5.18,5.72,78.67,0,4.7e-05,0.01754
2026-06-22,60-64,60-69,중장년,7,1,0.857143,4.62,0.66,0.0,4.62,4.62,0,3e-06,0.00103
2026-06-22,65-69,60-69,고령,18,3,0.833333,28.73,1.5961,0.0,6.73,28.73,0,1.7e-05,0.006406
2026-06-22,70-74,70-79,고령,7,1,0.857143,5.52,0.7886,0.0,5.52,5.52,0,3e-06,0.001231
2026-06-22,75-79,70-79,고령,9,3,0.666667,30.72,3.4133,0.0,12.05,30.72,0,1.8e-05,0.006849
2026-06-22,80+,80+,고령,23,1,0.956522,5.04,0.2191,0.0,5.04,5.04,0,3e-06,0.001124
2026-06-23,00-09,00-09,아동청소년,128,4,0.96875,29.39,0.2296,0.0,7.365,29.39,0,1.7e-05,0.056294
2026-06-23,10-14,10-19,아동청소년,38,2,0.947368,6.4,0.1684,0.0,3.2,6.4,0,4e-06,0.012259
2026-06-23,15-19,10-19,아동청소년,22,3,0.863636,18.86,0.8573,0.0,6.96,18.86,0,1.1e-05,0.036125
2026-06-23,20-24,20-29,청년,16,1,0.9375,7.58,0.4738,0.0,7.58,7.58,0,4e-06,0.014519
2026-06-23,25-29,20-29,청년,22,3,0.863636,16.99,0.7723,0.0,6.0,16.99,0,1e-05,0.032543
2026-06-23,30-34,30-39,청년,26,4,0.846154,36.29,1.3958,0.0,8.585,36.29,0,2.1e-05,0.06951
2026-06-23,35-39,30-39,청년,39,4,0.897436,47.23,1.211,0.0,11.875,47.23,0,2.8e-05,0.090465
2026-06-23,40-44,40-49,중장년,43,6,0.860465,44.73,1.0402,0.0,7.245,44.73,0,2.6e-05,0.085677
2026-06-23,45-49,40-49,중장년,44,10,0.772727,72.65,1.6511,0.0,6.87,72.65,0,4.3e-05,0.139155
2026-06-23,50-54,50-59,중장년,20,3,0.85,23.91,1.1955,0.0,6.25,23.91,0,1.4e-05,0.045798
2026-06-23,55-59,50-59,중장년,7,3,0.571429,17.66,2.5229,0.0,5.13,17.66,0,1e-05,0.033826
2026-06-23,60-64,60-69,중장년,8,2,0.75,153.57,19.1962,0.0,76.785,153.57,0,9.1e-05,0.29415
2026-06-23,65-69,60-69,고령,19,4,0.789474,20.78,1.0937,0.0,4.92,20.78,0,1.2e-05,0.039802
2026-06-23,70-74,70-79,고령,21,2,0.904762,12.99,0.6186,0.0,6.495,12.99,0,8e-06,0.024881
2026-06-23,75-79,70-79,고령,13,1,0.923077,9.05,0.6962,0.0,9.05,9.05,0,5e-06,0.017335
2026-06-23,80+,80+,고령,25,1,0.96,4.0,0.16,0.0,4.0,4.0,0,2e-06,0.007662
2026-06-24,00-09,00-09,아동청소년,23,5,0.782609,40.18,1.747,0.0,7.14,40.18,0,2.4e-05,0.008245
2026-06-24,10-14,10-19,아동청소년,32,1,0.96875,19.43,0.6072,0.0,19.43,19.43,0,1.1e-05,0.003987
2026-06-24,15-19,10-19,아동청소년,7,2,0.714286,11.82,1.6886,0.0,5.91,11.82,0,7e-06,0.002426
2026-06-24,20-24,20-29,청년,26,5,0.807692,44.34,1.7054,0.0,5.36,44.34,0,2.6e-05,0.009099
2026-06-24,25-29,20-29,청년,10,2,0.8,7.51,0.751,0.0,3.755,7.51,0,4e-06,0.001541
2026-06-24,30-34,30-39,청년,22,3,0.863636,10.9,0.4955,0.0,3.76,10.9,0,6e-06,0.002237
2026-06-24,35-39,30-39,청년,37,7,0.810811,4331.01,117.0543,0.0,11.92,4331.01,0,0.002562,0.888779
2026-06-24,40-44,40-49,중장년,22,4,0.818182,28.43,1.2923,0.0,5.66,28.43,0,1.7e-05,0.005834
2026-06-24,45-49,40-49,중장년,33,5,0.848485,45.11,1.367,0.0,3.63,45.11,0,2.7e-05,0.009257
2026-06-24,50-54,50-59,중장년,16,6,0.625,113.81,7.1131,0.0,21.125,113.81,0,6.7e-05,0.023355
2026-06-24,55-59,50-59,중장년,5,2,0.6,11.49,2.298,0.0,5.745,11.49,0,7e-06,0.002358
2026-06-24,60-64,60-69,중장년,15,3,0.8,40.53,2.702,0.0,4.95,40.53,0,2.4e-05,0.008317
2026-06-24,65-69,60-69,고령,13,1,0.923077,38.93,2.9946,0.0,38.93,38.93,0,2.3e-05,0.007989
2026-06-24,70-74,70-79,고령,19,2,0.894737,22.2,1.1684,0.0,11.1,22.2,0,1.3e-05,0.004556
2026-06-24,75-79,70-79,고령,100,8,0.92,103.8,1.038,0.0,6.45,103.8,0,6.1e-05,0.021301
2026-06-24,80+,80+,고령,27,1,0.962963,3.5,0.1296,0.0,3.5,3.5,0,2e-06,0.000718
2026-06-25,00-09,00-09,아동청소년,18,6,0.666667,4920.05,273.3361,0.0,13.535,63.0,0,0.002911,0.135742
2026-06-25,10-14,10-19,아동청소년,46,7,0.847826,2589.83,56.3007,0.0,12.21,2589.83,0,0.001532,0.071452
2026-06-25,15-19,10-19,아동청소년,10,1,0.9,9.66,0.966,0.0,9.66,9.66,0,6e-06,0.000267
2026-06-25,20-24,20-29,청년,57,13,0.77193,236.05,4.1412,0.0,14.16,236.05,0,0.00014,0.006513
2026-06-25,25-29,20-29,청년,14,2,0.857143,19.8,1.4143,0.0,9.9,19.8,0,1.2e-05,0.000546
2026-06-25,30-34,30-39,청년,24,4,0.833333,37.1,1.5458,0.0,6.115,37.1,0,2.2e-05,0.001024
2026-06-25,35-39,30-39,청년,45,13,0.711111,6631.85,147.3744,0.0,32.55,6631.85,0,0.003924,0.18297
2026-06-25,40-44,40-49,중장년,35,8,0.771429,4767.07,136.202,0.0,5.345,4767.07,0,0.00282,0.131521
2026-06-25,45-49,40-49,중장년,54,21,0.611111,6322.54,117.0841,0.0,9.17,6322.54,0,0.003741,0.174436
2026-06-25,50-54,50-59,중장년,15,7,0.533333,170.15,11.3433,0.0,14.0,170.15,0,0.000101,0.004694
2026-06-25,55-59,50-59,중장년,11,4,0.636364,118.43,10.7664,0.0,23.635,118.43,0,7e-05,0.003267
2026-06-25,60-64,60-69,중장년,15,1,0.933333,3891.0,259.4,0.0,3891.0,3891.0,0,0.002302,0.107351
2026-06-25,65-69,60-69,고령,15,3,0.8,458.12,30.5413,0.0,38.12,458.12,0,0.000271,0.012639
2026-06-25,70-74,70-79,고령,15,3,0.8,70.7,4.7133,0.0,21.91,70.7,0,4.2e-05,0.001951
2026-06-25,75-79,70-79,고령,7,1,0.857143,8.54,1.22,0.0,8.54,8.54,0,5e-06,0.000236
2026-06-25,80+,80+,고령,45,8,0.822222,5994.74,133.2164,0.0,26.86,5994.74,0,0.003547,0.165392
2026-06-26,00-09,00-09,아동청소년,5,0,1.0,0.0,0.0,0.0,,0.0,0,0.0,0.0
2026-06-26,10-14,10-19,아동청소년,30,5,0.833333,65.84,2.1947,0.0,5.06,65.84,0,3.9e-05,0.044814
2026-06-26,15-19,10-19,아동청소년,34,9,0.735294,67.1,1.9735,0.0,6.08,67.1,0,4e-05,0.045672
2026-06-26,20-24,20-29,청년,42,16,0.619048,307.66,7.3252,0.0,14.81,307.66,0,0.000182,0.209411
2026-06-26,25-29,20-29,청년,20,6,0.7,95.5,4.775,0.0,5.11,95.5,0,5.7e-05,0.065003
2026-06-26,30-34,30-39,청년,20,4,0.8,22.62,1.131,0.0,4.86,22.62,0,1.3e-05,0.015396
2026-06-26,35-39,30-39,청년,22,8,0.636364,180.75,8.2159,0.0,19.295,180.75,0,0.000107,0.123029
2026-06-26,40-44,40-49,중장년,69,19,0.724638,190.81,2.7654,0.0,6.56,190.81,0,0.000113,0.129876
2026-06-26,45-49,40-49,중장년,27,8,0.703704,76.02,2.8156,0.0,7.83,76.02,0,4.5e-05,0.051744
2026-06-26,50-54,50-59,중장년,48,15,0.6875,151.76,3.1617,0.0,6.62,151.76,0,9e-05,0.103296
2026-06-26,55-59,50-59,중장년,5,3,0.4,14.91,2.982,4.0,4.83,14.91,0,9e-06,0.010149
2026-06-26,60-64,60-69,중장년,20,4,0.8,132.49,6.6245,0.0,27.605,132.49,0,7.8e-05,0.09018
2026-06-26,65-69,60-69,고령,29,7,0.758621,83.62,2.8834,0.0,6.86,83.62,0,4.9e-05,0.056916
2026-06-26,70-74,70-79,고령,3,0,1.0,0.0,0.0,0.0,,0.0,0,0.0,0.0
2026-06-26,75-79,70-79,고령,26,4,0.846154,68.31,2.6273,0.0,15.505,68.31,0,4e-05,0.046496
2026-06-26,80+,80+,고령,27,2,0.925926,11.78,0.4363,0.0,5.89,11.78,0,7e-06,0.008018
2026-06-27,00-09,00-09,아동청소년,13,2,0.846154,17.8,1.3692,0.0,8.9,17.8,0,1.1e-05,0.003346
2026-06-27,10-14,10-19,아동청소년,43,7,0.837209,81.49,1.8951,0.0,4.11,81.49,0,4.8e-05,0.01532
2026-06-27,15-19,10-19,아동청소년,43,6,0.860465,692.09,16.0951,0.0,5.14,692.09,0,0.000409,0.130115
2026-06-27,20-24,20-29,청년,71,24,0.661972,3880.33,54.6525,0.0,5.495,3880.33,0,0.002296,0.729516
2026-06-27,25-29,20-29,청년,22,4,0.818182,50.49,2.295,0.0,11.975,50.49,0,3e-05,0.009492
2026-06-27,30-34,30-39,청년,24,5,0.791667,32.45,1.3521,0.0,4.18,32.45,0,1.9e-05,0.006101
2026-06-27,35-39,30-39,청년,18,2,0.888889,41.2,2.2889,0.0,20.6,41.2,0,2.4e-05,0.007746
2026-06-27,40-44,40-49,중장년,12,3,0.75,21.96,1.83,0.0,7.4,21.96,0,1.3e-05,0.004129
2026-06-27,45-49,40-49,중장년,11,0,1.0,0.0,0.0,0.0,,0.0,0,0.0,0.0
2026-06-27,50-54,50-59,중장년,43,8,0.813953,72.81,1.6933,0.0,6.265,72.81,0,4.3e-05,0.013689
2026-06-27,55-59,50-59,중장년,6,5,0.166667,62.59,10.4317,4.46,4.55,62.59,0,3.7e-05,0.011767
2026-06-27,60-64,60-69,중장년,30,12,0.6,158.66,5.2887,0.0,5.41,158.66,0,9.4e-05,0.029829
2026-06-27,65-69,60-69,고령,41,17,0.585366,148.21,3.6149,0.0,4.28,148.21,0,8.8e-05,0.027864
2026-06-27,70-74,70-79,고령,19,2,0.894737,29.82,1.5695,0.0,14.91,29.82,0,1.8e-05,0.005606
2026-06-27,75-79,70-79,고령,18,2,0.888889,20.9,1.1611,0.0,10.45,20.9,0,1.2e-05,0.003929
2026-06-27,80+,80+,고령,31,2,0.935484,8.25,0.2661,0.0,4.125,8.25,0,5e-06,0.001551
2026-06-28,00-09,00-09,아동청소년,40,4,0.9,43.53,1.0882,0.0,10.335,43.53,0,2.6e-05,0.000767
2026-06-28,10-14,10-19,아동청소년,75,15,0.8,14581.78,194.4237,0.0,6.91,9642.15,1,0.008627,0.25688
2026-06-28,15-19,10-19,아동청소년,15,1,0.933333,13.88,0.9253,0.0,13.88,13.88,0,8e-06,0.000245
2026-06-28,20-24,20-29,청년,29,4,0.862069,25.65,0.8845,0.0,6.77,25.65,0,1.5e-05,0.000452
2026-06-28,25-29,20-29,청년,7,1,0.857143,10.0,1.4286,0.0,10.0,10.0,0,6e-06,0.000176
2026-06-28,30-34,30-39,청년,33,6,0.818182,213.48,6.4691,0.0,7.23,35.74,0,0.000126,0.003761
2026-06-28,35-39,30-39,청년,58,12,0.793103,5814.41,100.2484,0.0,7.15,5814.41,0,0.00344,0.10243
2026-06-28,40-44,40-49,중장년,61,13,0.786885,8721.01,142.9674,0.0,8.35,8721.01,0,0.00516,0.153634
2026-06-28,45-49,40-49,중장년,24,3,0.875,28.15,1.1729,0.0,6.59,28.15,0,1.7e-05,0.000496
2026-06-28,50-54,50-59,중장년,49,17,0.653061,6135.29,125.21,0.0,8.41,6135.29,1,0.00363,0.108082
2026-06-28,55-59,50-59,중장년,22,7,0.681818,46.33,2.1059,0.0,5.36,46.33,0,2.7e-05,0.000816
2026-06-28,60-64,60-69,중장년,70,17,0.757143,267.96,3.828,0.0,8.91,267.96,0,0.000159,0.004721
2026-06-28,65-69,60-69,고령,39,5,0.871795,5845.83,149.8931,0.0,5.11,5845.83,0,0.003459,0.102983
2026-06-28,70-74,70-79,고령,36,5,0.861111,6103.13,169.5314,0.0,13.71,6103.13,1,0.003611,0.107516
2026-06-28,75-79,70-79,고령,22,1,0.954545,6.0,0.2727,0.0,6.0,6.0,0,4e-06,0.000106
2026-06-28,80+,80+,고령,50,3,0.94,8908.46,178.1692,0.0,2966.42,8908.46,1,0.005271,0.156936
2026-06-29,00-09,00-09,아동청소년,39,6,0.846154,63.31,1.6233,0.0,9.095,63.31,0,3.7e-05,0.004272
2026-06-29,10-14,10-19,아동청소년,29,3,0.896552,15.95,0.55,0.0,6.0,15.95,0,9e-06,0.001076
2026-06-29,15-19,10-19,아동청소년,29,5,0.827586,25.72,0.8869,0.0,4.0,25.72,0,1.5e-05,0.001735
2026-06-29,20-24,20-29,청년,58,23,0.603448,170.08,2.9324,0.0,5.58,170.08,0,0.000101,0.011476
2026-06-29,25-29,20-29,청년,74,26,0.648649,155.93,2.1072,0.0,5.035,155.93,0,9.2e-05,0.010521
2026-06-29,30-34,30-39,청년,91,25,0.725275,161.21,1.7715,0.0,4.44,161.21,0,9.5e-05,0.010877
2026-06-29,35-39,30-39,청년,76,27,0.644737,1536.81,20.2212,0.0,7.77,1536.81,0,0.000909,0.103694
2026-06-29,40-44,40-49,중장년,112,35,0.6875,348.0,3.1071,0.0,4.9,348.0,0,0.000206,0.023481
2026-06-29,45-49,40-49,중장년,120,25,0.791667,224.24,1.8687,0.0,8.11,224.24,0,0.000133,0.01513
2026-06-29,50-54,50-59,중장년,137,36,0.737226,11564.79,84.4145,0.0,4.435,11564.79,0,0.006842,0.780315
2026-06-29,55-59,50-59,중장년,58,29,0.5,228.99,3.9481,1.525,4.72,228.99,0,0.000135,0.015451
2026-06-29,60-64,60-69,중장년,49,14,0.714286,80.71,1.6471,0.0,5.19,80.71,0,4.8e-05,0.005446
2026-06-29,65-69,60-69,고령,56,19,0.660714,114.44,2.0436,0.0,4.45,114.44,0,6.8e-05,0.007722
2026-06-29,70-74,70-79,고령,100,9,0.91,62.33,0.6233,0.0,4.55,62.33,0,3.7e-05,0.004206
2026-06-29,75-79,70-79,고령,50,4,0.92,44.32,0.8864,0.0,5.035,44.32,0,2.6e-05,0.00299
2026-06-29,80+,80+,고령,81,4,0.950617,23.83,0.2942,0.0,4.345,23.83,0,1.4e-05,0.001608
2026-06-30,00-09,00-09,아동청소년,17,1,0.941176,5.65,0.3324,0.0,5.65,5.65,0,3e-06,0.000532
2026-06-30,10-14,10-19,아동청소년,68,8,0.882353,40.51,0.5957,0.0,4.14,40.51,0,2.4e-05,0.003816
2026-06-30,15-19,10-19,아동청소년,24,9,0.625,66.32,2.7633,0.0,4.43,66.32,0,3.9e-05,0.006247
2026-06-30,20-24,20-29,청년,98,38,0.612245,1112.55,11.3526,0.0,5.955,1112.55,0,0.000658,0.104792
2026-06-30,25-29,20-29,청년,31,10,0.677419,118.75,3.8306,0.0,8.785,80.43,0,7e-05,0.011185
2026-06-30,30-34,30-39,청년,20,6,0.7,49.86,2.493,0.0,6.7,49.86,0,3e-05,0.004696
2026-06-30,35-39,30-39,청년,52,13,0.75,276.24,5.3123,0.0,12.78,276.24,0,0.000163,0.026019
2026-06-30,40-44,40-49,중장년,64,19,0.703125,1185.51,18.5236,0.0,6.36,1185.51,0,0.000701,0.111664
2026-06-30,45-49,40-49,중장년,35,14,0.6,161.66,4.6189,0.0,7.105,161.66,0,9.6e-05,0.015227
2026-06-30,50-54,50-59,중장년,72,25,0.652778,6313.85,87.6924,0.0,11.72,6313.85,0,0.003736,0.594706
2026-06-30,55-59,50-59,중장년,50,22,0.56,344.95,6.899,0.0,4.415,344.95,0,0.000204,0.032491
2026-06-30,60-64,60-69,중장년,46,13,0.717391,102.82,2.2352,0.0,6.0,102.82,0,6.1e-05,0.009685
2026-06-30,65-69,60-69,고령,98,28,0.714286,241.36,2.4629,0.0,5.195,241.36,0,0.000143,0.022734
2026-06-30,70-74,70-79,고령,34,9,0.735294,95.65,2.8132,0.0,7.37,95.65,0,5.7e-05,0.009009
2026-06-30,75-79,70-79,고령,17,2,0.882353,400.12,23.5365,0.0,200.06,400.12,0,0.000237,0.037688
2026-06-30,80+,80+,고령,26,2,0.923077,100.95,3.8827,0.0,50.475,100.95,0,6e-05,0.009509
