origin_region_code,sido_name,sigungu_name,origin_zone,age_group_original,age_group_10yr,life_stage,row_count,nonzero_rows,zero_ratio,population_sum,population_mean,population_median,nonzero_median,external_population_sum,capped_rows,share_of_total,share_within_group
11110,서울특별시,종로구,수도권,00-09,00-09,아동청소년,31,3,0.903226,352.6,11.3742,0.0,26.79,352.6,0,0.000209,0.259436
11110,서울특별시,종로구,수도권,10-14,10-19,아동청소년,32,8,0.75,48.87,1.5272,0.0,4.0,48.87,0,2.9e-05,0.035958
11110,서울특별시,종로구,수도권,15-19,10-19,아동청소년,13,3,0.769231,27.3,2.1,0.0,8.42,27.3,0,1.6e-05,0.020087
11110,서울특별시,종로구,수도권,20-24,20-29,청년,13,4,0.692308,29.94,2.3031,0.0,6.37,29.94,0,1.8e-05,0.022029
11110,서울특별시,종로구,수도권,25-29,20-29,청년,32,8,0.75,60.6,1.8938,0.0,5.37,60.6,0,3.6e-05,0.044588
11110,서울특별시,종로구,수도권,30-34,30-39,청년,15,5,0.666667,35.66,2.3773,0.0,6.38,35.66,0,2.1e-05,0.026238
11110,서울특별시,종로구,수도권,35-39,30-39,청년,19,7,0.631579,151.24,7.96,0.0,18.29,151.24,0,8.9e-05,0.11128
11110,서울특별시,종로구,수도권,40-44,40-49,중장년,33,8,0.757576,71.82,2.1764,0.0,6.25,71.82,0,4.2e-05,0.052844
11110,서울특별시,종로구,수도권,45-49,40-49,중장년,44,9,0.795455,105.84,2.4055,0.0,10.0,105.84,0,6.3e-05,0.077875
11110,서울특별시,종로구,수도권,50-54,50-59,중장년,17,3,0.823529,19.2,1.1294,0.0,6.0,19.2,0,1.1e-05,0.014127
11110,서울특별시,종로구,수도권,55-59,50-59,중장년,7,2,0.714286,72.52,10.36,0.0,36.26,72.52,0,4.3e-05,0.053359
11110,서울특별시,종로구,수도권,60-64,60-69,중장년,34,9,0.735294,201.92,5.9388,0.0,5.4,201.92,0,0.000119,0.148569
11110,서울특별시,종로구,수도권,65-69,60-69,고령,28,9,0.678571,70.1,2.5036,0.0,5.37,70.1,0,4.1e-05,0.051578
11110,서울특별시,종로구,수도권,70-74,70-79,고령,22,5,0.772727,83.58,3.7991,0.0,18.86,83.58,0,4.9e-05,0.061497
11110,서울특별시,종로구,수도권,75-79,70-79,고령,21,2,0.904762,11.95,0.569,0.0,5.975,11.95,0,7e-06,0.008793
11110,서울특별시,종로구,수도권,80+,80+,고령,46,1,0.978261,15.96,0.347,0.0,15.96,15.96,0,9e-06,0.011743
11140,서울특별시,중구,수도권,00-09,00-09,아동청소년,14,0,1.0,0.0,0.0,0.0,,0.0,0,0.0,0.0
11140,서울특별시,중구,수도권,10-14,10-19,아동청소년,39,1,0.974359,9.0,0.2308,0.0,9.0,9.0,0,5e-06,0.001441
11140,서울특별시,중구,수도권,15-19,10-19,아동청소년,13,0,1.0,0.0,0.0,0.0,,0.0,0,0.0,0.0
11140,서울특별시,중구,수도권,20-24,20-29,청년,31,11,0.645161,88.13,2.8429,0.0,5.47,88.13,0,5.2e-05,0.014113
11140,서울특별시,중구,수도권,25-29,20-29,청년,21,1,0.952381,3.89,0.1852,0.0,3.89,3.89,0,2e-06,0.000623
11140,서울특별시,중구,수도권,30-34,30-39,청년,25,7,0.72,74.57,2.9828,0.0,5.64,74.57,0,4.4e-05,0.011941
11140,서울특별시,중구,수도권,35-39,30-39,청년,34,6,0.823529,113.63,3.3421,0.0,15.065,113.63,0,6.7e-05,0.018196
11140,서울특별시,중구,수도권,40-44,40-49,중장년,22,7,0.681818,661.36,30.0618,0.0,5.7,661.36,0,0.000391,0.105908
11140,서울특별시,중구,수도권,45-49,40-49,중장년,24,1,0.958333,3.74,0.1558,0.0,3.74,3.74,0,2e-06,0.000599
11140,서울특별시,중구,수도권,50-54,50-59,중장년,31,3,0.903226,22.08,0.7123,0.0,7.92,22.08,0,1.3e-05,0.003536
11140,서울특별시,중구,수도권,55-59,50-59,중장년,23,6,0.73913,39.16,1.7026,0.0,5.58,39.16,0,2.3e-05,0.006271
11140,서울특별시,중구,수도권,60-64,60-69,중장년,19,1,0.947368,3598.89,189.4153,0.0,3598.89,3598.89,0,0.002129,0.576317
11140,서울특별시,중구,수도권,65-69,60-69,고령,25,3,0.88,42.06,1.6824,0.0,4.42,42.06,0,2.5e-05,0.006735
11140,서울특별시,중구,수도권,70-74,70-79,고령,5,0,1.0,0.0,0.0,0.0,,0.0,0,0.0,0.0
11140,서울특별시,중구,수도권,75-79,70-79,고령,8,1,0.875,1583.29,197.9112,0.0,1583.29,1583.29,0,0.000937,0.253544
11140,서울특별시,중구,수도권,80+,80+,고령,70,1,0.985714,4.84,0.0691,0.0,4.84,4.84,0,3e-06,0.000775
11170,서울특별시,용산구,수도권,00-09,00-09,아동청소년,13,1,0.923077,3.63,0.2792,0.0,3.63,3.63,0,2e-06,0.001105
11170,서울특별시,용산구,수도권,10-14,10-19,아동청소년,33,3,0.909091,11.01,0.3336,0.0,3.63,11.01,0,7e-06,0.003353
11170,서울특별시,용산구,수도권,15-19,10-19,아동청소년,10,2,0.8,14.72,1.472,0.0,7.36,14.72,0,9e-06,0.004482
11170,서울특별시,용산구,수도권,20-24,20-29,청년,24,5,0.791667,29.65,1.2354,0.0,4.0,29.65,0,1.8e-05,0.009029
11170,서울특별시,용산구,수도권,25-29,20-29,청년,5,2,0.6,14.54,2.908,0.0,7.27,14.54,0,9e-06,0.004428
11170,서울특별시,용산구,수도권,30-34,30-39,청년,9,2,0.777778,9.71,1.0789,0.0,4.855,9.71,0,6e-06,0.002957
11170,서울특별시,용산구,수도권,35-39,30-39,청년,16,3,0.8125,58.21,3.6381,0.0,20.0,58.21,0,3.4e-05,0.017725
11170,서울특별시,용산구,수도권,40-44,40-49,중장년,21,3,0.857143,28.3,1.3476,0.0,12.0,28.3,0,1.7e-05,0.008618
11170,서울특별시,용산구,수도권,45-49,40-49,중장년,18,4,0.777778,31.84,1.7689,0.0,6.25,31.84,0,1.9e-05,0.009696
11170,서울특별시,용산구,수도권,50-54,50-59,중장년,9,1,0.888889,4.0,0.4444,0.0,4.0,4.0,0,2e-06,0.001218
11170,서울특별시,용산구,수도권,55-59,50-59,중장년,3,2,0.333333,10.53,3.51,3.21,5.265,10.53,0,6e-06,0.003206
11170,서울특별시,용산구,수도권,60-64,60-69,중장년,12,4,0.666667,18.7,1.5583,0.0,4.515,18.7,0,1.1e-05,0.005694
11170,서울특별시,용산구,수도권,65-69,60-69,고령,17,4,0.764706,3009.19,177.0112,0.0,5.625,3009.19,0,0.00178,0.916324
11170,서울특별시,용산구,수도권,70-74,70-79,고령,12,1,0.916667,4.67,0.3892,0.0,4.67,4.67,0,3e-06,0.001422
11170,서울특별시,용산구,수도권,75-79,70-79,고령,12,2,0.833333,35.28,2.94,0.0,17.64,35.28,0,2.1e-05,0.010743
11170,서울특별시,용산구,수도권,80+,80+,고령,9,0,1.0,0.0,0.0,0.0,,0.0,0,0.0,0.0
11200,서울특별시,성동구,수도권,00-09,00-09,아동청소년,10,0,1.0,0.0,0.0,0.0,,0.0,0,0.0,0.0
11200,서울특별시,성동구,수도권,10-14,10-19,아동청소년,25,5,0.8,56.68,2.2672,0.0,5.17,56.68,0,3.4e-05,0.224921
11200,서울특별시,성동구,수도권,15-19,10-19,아동청소년,5,0,1.0,0.0,0.0,0.0,,0.0,0,0.0,0.0
11200,서울특별시,성동구,수도권,20-24,20-29,청년,17,5,0.705882,27.04,1.5906,0.0,5.44,27.04,0,1.6e-05,0.107302
11200,서울특별시,성동구,수도권,25-29,20-29,청년,10,0,1.0,0.0,0.0,0.0,,0.0,0,0.0,0.0
11200,서울특별시,성동구,수도권,30-34,30-39,청년,10,1,0.9,4.0,0.4,0.0,4.0,4.0,0,2e-06,0.015873
11200,서울특별시,성동구,수도권,35-39,30-39,청년,14,1,0.928571,5.51,0.3936,0.0,5.51,5.51,0,3e-06,0.021865
11200,서울특별시,성동구,수도권,40-44,40-49,중장년,14,1,0.928571,3.02,0.2157,0.0,3.02,3.02,0,2e-06,0.011984
11200,서울특별시,성동구,수도권,45-49,40-49,중장년,12,5,0.583333,38.41,3.2008,0.0,8.22,38.41,0,2.3e-05,0.152421
11200,서울특별시,성동구,수도권,50-54,50-59,중장년,19,7,0.631579,45.47,2.3932,0.0,6.55,45.47,0,2.7e-05,0.180437
11200,서울특별시,성동구,수도권,55-59,50-59,중장년,12,6,0.5,29.66,2.4717,1.87,4.85,29.66,0,1.8e-05,0.117698
11200,서울특별시,성동구,수도권,60-64,60-69,중장년,19,2,0.894737,14.12,0.7432,0.0,7.06,14.12,0,8e-06,0.056032
11200,서울특별시,성동구,수도권,65-69,60-69,고령,17,2,0.882353,10.72,0.6306,0.0,5.36,10.72,0,6e-06,0.04254
11200,서울특별시,성동구,수도권,70-74,70-79,고령,19,4,0.789474,17.37,0.9142,0.0,4.09,17.37,0,1e-05,0.068929
11200,서울특별시,성동구,수도권,75-79,70-79,고령,1,0,1.0,0.0,0.0,0.0,,0.0,0,0.0,0.0
11200,서울특별시,성동구,수도권,80+,80+,고령,22,0,1.0,0.0,0.0,0.0,,0.0,0,0.0,0.0
11215,서울특별시,광진구,수도권,00-09,00-09,아동청소년,3,0,1.0,0.0,0.0,0.0,,0.0,0,0.0,0.0
11215,서울특별시,광진구,수도권,10-14,10-19,아동청소년,37,7,0.810811,40.75,1.1014,0.0,4.22,40.75,0,2.4e-05,0.0782
11215,서울특별시,광진구,수도권,15-19,10-19,아동청소년,23,3,0.869565,17.28,0.7513,0.0,4.43,17.28,0,1e-05,0.033161
11215,서울특별시,광진구,수도권,20-24,20-29,청년,8,4,0.5,17.59,2.1988,2.0,4.355,17.59,0,1e-05,0.033756
11215,서울특별시,광진구,수도권,25-29,20-29,청년,2,1,0.5,4.0,2.0,2.0,4.0,4.0,0,2e-06,0.007676
11215,서울특별시,광진구,수도권,30-34,30-39,청년,10,3,0.7,13.82,1.382,0.0,5.06,13.82,0,8e-06,0.026521
11215,서울특별시,광진구,수도권,35-39,30-39,청년,7,2,0.714286,15.11,2.1586,0.0,7.555,15.11,0,9e-06,0.028996
11215,서울특별시,광진구,수도권,40-44,40-49,중장년,55,19,0.654545,116.17,2.1122,0.0,4.9,116.17,0,6.9e-05,0.222932
11215,서울특별시,광진구,수도권,45-49,40-49,중장년,15,5,0.666667,25.93,1.7287,0.0,4.82,25.93,0,1.5e-05,0.04976
11215,서울특별시,광진구,수도권,50-54,50-59,중장년,10,5,0.5,24.64,2.464,1.605,4.18,24.64,0,1.5e-05,0.047285
11215,서울특별시,광진구,수도권,55-59,50-59,중장년,6,3,0.5,14.31,2.385,1.85,4.6,14.31,0,8e-06,0.027461
11215,서울특별시,광진구,수도권,60-64,60-69,중장년,27,7,0.740741,34.46,1.2763,0.0,5.3,34.46,0,2e-05,0.066129
11215,서울특별시,광진구,수도권,65-69,60-69,고령,20,12,0.4,157.07,7.8535,3.735,4.375,157.07,0,9.3e-05,0.30142
11215,서울특별시,광진구,수도권,70-74,70-79,고령,21,4,0.809524,24.03,1.1443,0.0,4.765,24.03,0,1.4e-05,0.046114
11215,서울특별시,광진구,수도권,75-79,70-79,고령,13,2,0.846154,11.38,0.8754,0.0,5.69,11.38,0,7e-06,0.021838
11215,서울특별시,광진구,수도권,80+,80+,고령,23,1,0.956522,4.56,0.1983,0.0,4.56,4.56,0,3e-06,0.008751
11230,서울특별시,동대문구,수도권,00-09,00-09,아동청소년,12,1,0.916667,32.32,2.6933,0.0,32.32,32.32,0,1.9e-05,0.055379
11230,서울특별시,동대문구,수도권,10-14,10-19,아동청소년,20,2,0.9,26.33,1.3165,0.0,13.165,26.33,0,1.6e-05,0.045116
11230,서울특별시,동대문구,수도권,15-19,10-19,아동청소년,16,1,0.9375,4.47,0.2794,0.0,4.47,4.47,0,3e-06,0.007659
11230,서울특별시,동대문구,수도권,20-24,20-29,청년,23,5,0.782609,50.68,2.2035,0.0,5.55,50.68,0,3e-05,0.086839
11230,서울특별시,동대문구,수도권,25-29,20-29,청년,12,1,0.916667,10.63,0.8858,0.0,10.63,10.63,0,6e-06,0.018214
11230,서울특별시,동대문구,수도권,30-34,30-39,청년,34,5,0.852941,85.07,2.5021,0.0,16.2,85.07,0,5e-05,0.145765
11230,서울특별시,동대문구,수도권,35-39,30-39,청년,31,6,0.806452,64.11,2.0681,0.0,7.365,64.11,0,3.8e-05,0.109851
11230,서울특별시,동대문구,수도권,40-44,40-49,중장년,18,6,0.666667,77.64,4.3133,0.0,14.18,77.64,0,4.6e-05,0.133034
11230,서울특별시,동대문구,수도권,45-49,40-49,중장년,9,5,0.444444,157.19,17.4656,5.88,8.1,157.19,0,9.3e-05,0.269341
11230,서울특별시,동대문구,수도권,50-54,50-59,중장년,14,4,0.714286,23.13,1.6521,0.0,5.6,23.13,0,1.4e-05,0.039633
11230,서울특별시,동대문구,수도권,55-59,50-59,중장년,7,1,0.857143,7.56,1.08,0.0,7.56,7.56,0,4e-06,0.012954
11230,서울특별시,동대문구,수도권,60-64,60-69,중장년,14,2,0.857143,20.04,1.4314,0.0,10.02,20.04,0,1.2e-05,0.034338
11230,서울특별시,동대문구,수도권,65-69,60-69,고령,5,2,0.6,11.75,2.35,0.0,5.875,11.75,0,7e-06,0.020133
11230,서울특별시,동대문구,수도권,70-74,70-79,고령,11,0,1.0,0.0,0.0,0.0,,0.0,0,0.0,0.0
11230,서울특별시,동대문구,수도권,75-79,70-79,고령,3,0,1.0,0.0,0.0,0.0,,0.0,0,0.0,0.0
11230,서울특별시,동대문구,수도권,80+,80+,고령,23,1,0.956522,12.69,0.5517,0.0,12.69,12.69,0,8e-06,0.021744
11260,서울특별시,중랑구,수도권,00-09,00-09,아동청소년,6,1,0.833333,8.25,1.375,0.0,8.25,8.25,0,5e-06,0.017151
11260,서울특별시,중랑구,수도권,10-14,10-19,아동청소년,16,2,0.875,13.18,0.8238,0.0,6.59,13.18,0,8e-06,0.0274
11260,서울특별시,중랑구,수도권,15-19,10-19,아동청소년,8,0,1.0,0.0,0.0,0.0,,0.0,0,0.0,0.0
11260,서울특별시,중랑구,수도권,20-24,20-29,청년,24,9,0.625,45.12,1.88,0.0,4.4,45.12,0,2.7e-05,0.093801
11260,서울특별시,중랑구,수도권,25-29,20-29,청년,22,3,0.863636,26.4,1.2,0.0,4.98,26.4,0,1.6e-05,0.054883
11260,서울특별시,중랑구,수도권,30-34,30-39,청년,5,2,0.6,26.05,5.21,0.0,13.025,26.05,0,1.5e-05,0.054156
11260,서울특별시,중랑구,수도권,35-39,30-39,청년,12,4,0.666667,111.78,9.315,0.0,5.915,111.78,0,6.6e-05,0.232381
11260,서울특별시,중랑구,수도권,40-44,40-49,중장년,17,6,0.647059,36.34,2.1376,0.0,5.62,36.34,0,2.2e-05,0.075548
11260,서울특별시,중랑구,수도권,45-49,40-49,중장년,15,2,0.866667,12.52,0.8347,0.0,6.26,12.52,0,7e-06,0.026028
11260,서울특별시,중랑구,수도권,50-54,50-59,중장년,18,7,0.611111,81.11,4.5061,0.0,5.68,81.11,0,4.8e-05,0.168621
11260,서울특별시,중랑구,수도권,55-59,50-59,중장년,1,1,0.0,6.46,6.46,6.46,6.46,6.46,0,4e-06,0.01343
11260,서울특별시,중랑구,수도권,60-64,60-69,중장년,24,5,0.791667,41.42,1.7258,0.0,5.08,41.42,0,2.5e-05,0.086109
11260,서울특별시,중랑구,수도권,65-69,60-69,고령,8,4,0.5,20.71,2.5888,2.135,5.22,20.71,0,1.2e-05,0.043054
11260,서울특별시,중랑구,수도권,70-74,70-79,고령,18,2,0.888889,11.54,0.6411,0.0,5.77,11.54,0,7e-06,0.023991
11260,서울특별시,중랑구,수도권,75-79,70-79,고령,5,2,0.6,25.12,5.024,0.0,12.56,25.12,0,1.5e-05,0.052222
11260,서울특별시,중랑구,수도권,80+,80+,고령,29,4,0.862069,15.02,0.5179,0.0,3.75,15.02,0,9e-06,0.031225
11290,서울특별시,성북구,수도권,00-09,00-09,아동청소년,8,2,0.75,731.33,91.4162,0.0,365.665,731.33,0,0.000433,0.484078
11290,서울특별시,성북구,수도권,10-14,10-19,아동청소년,13,1,0.923077,3.19,0.2454,0.0,3.19,3.19,0,2e-06,0.002112
11290,서울특별시,성북구,수도권,15-19,10-19,아동청소년,8,1,0.875,5.59,0.6988,0.0,5.59,5.59,0,3e-06,0.0037
11290,서울특별시,성북구,수도권,20-24,20-29,청년,35,13,0.628571,104.4,2.9829,0.0,6.0,104.4,0,6.2e-05,0.069104
11290,서울특별시,성북구,수도권,25-29,20-29,청년,19,2,0.894737,8.6,0.4526,0.0,4.3,8.6,0,5e-06,0.005692
11290,서울특별시,성북구,수도권,30-34,30-39,청년,10,0,1.0,0.0,0.0,0.0,,0.0,0,0.0,0.0
11290,서울특별시,성북구,수도권,35-39,30-39,청년,35,10,0.714286,180.52,5.1577,0.0,13.505,180.52,0,0.000107,0.119489
11290,서울특별시,성북구,수도권,40-44,40-49,중장년,24,6,0.75,48.62,2.0258,0.0,5.0,48.62,0,2.9e-05,0.032182
11290,서울특별시,성북구,수도권,45-49,40-49,중장년,48,13,0.729167,116.87,2.4348,0.0,4.62,116.87,0,6.9e-05,0.077358
11290,서울특별시,성북구,수도권,50-54,50-59,중장년,19,6,0.684211,105.37,5.5458,0.0,7.46,105.37,0,6.2e-05,0.069746
11290,서울특별시,성북구,수도권,55-59,50-59,중장년,10,5,0.5,27.14,2.714,2.0,4.38,27.14,0,1.6e-05,0.017964
11290,서울특별시,성북구,수도권,60-64,60-69,중장년,5,2,0.6,8.82,1.764,0.0,4.41,8.82,0,5e-06,0.005838
11290,서울특별시,성북구,수도권,65-69,60-69,고령,20,5,0.75,59.48,2.974,0.0,6.0,59.48,0,3.5e-05,0.039371
11290,서울특별시,성북구,수도권,70-74,70-79,고령,18,3,0.833333,50.77,2.8206,0.0,8.6,50.77,0,3e-05,0.033605
11290,서울특별시,성북구,수도권,75-79,70-79,고령,10,3,0.7,13.84,1.384,0.0,4.28,13.84,0,8e-06,0.009161
11290,서울특별시,성북구,수도권,80+,80+,고령,28,2,0.928571,46.23,1.6511,0.0,23.115,46.23,0,2.7e-05,0.0306
11305,서울특별시,강북구,수도권,00-09,00-09,아동청소년,26,1,0.961538,5.76,0.2215,0.0,5.76,5.76,0,3e-06,0.013498
11305,서울특별시,강북구,수도권,10-14,10-19,아동청소년,28,4,0.857143,23.03,0.8225,0.0,6.0,23.03,0,1.4e-05,0.053967
11305,서울특별시,강북구,수도권,15-19,10-19,아동청소년,10,0,1.0,0.0,0.0,0.0,,0.0,0,0.0,0.0
11305,서울특별시,강북구,수도권,20-24,20-29,청년,20,8,0.6,31.53,1.5765,0.0,3.935,31.53,0,1.9e-05,0.073886
11305,서울특별시,강북구,수도권,25-29,20-29,청년,12,1,0.916667,4.44,0.37,0.0,4.44,4.44,0,3e-06,0.010404
11305,서울특별시,강북구,수도권,30-34,30-39,청년,32,6,0.8125,26.54,0.8294,0.0,4.05,26.54,0,1.6e-05,0.062192
11305,서울특별시,강북구,수도권,35-39,30-39,청년,40,9,0.775,67.24,1.681,0.0,5.97,67.24,0,4e-05,0.157567
11305,서울특별시,강북구,수도권,40-44,40-49,중장년,31,7,0.774194,35.51,1.1455,0.0,5.57,35.51,0,2.1e-05,0.083212
11305,서울특별시,강북구,수도권,45-49,40-49,중장년,28,5,0.821429,43.44,1.5514,0.0,6.0,43.44,0,2.6e-05,0.101795
11305,서울특별시,강북구,수도권,50-54,50-59,중장년,10,5,0.5,54.94,5.494,2.255,5.8,54.94,0,3.3e-05,0.128743
11305,서울특별시,강북구,수도권,55-59,50-59,중장년,8,6,0.25,26.75,3.3438,4.0,4.125,26.75,0,1.6e-05,0.062685
11305,서울특별시,강북구,수도권,60-64,60-69,중장년,6,3,0.5,11.99,1.9983,1.72,4.0,11.99,0,7e-06,0.028097
11305,서울특별시,강북구,수도권,65-69,60-69,고령,34,8,0.764706,73.52,2.1624,0.0,3.98,73.52,0,4.3e-05,0.172283
11305,서울특별시,강북구,수도권,70-74,70-79,고령,14,0,1.0,0.0,0.0,0.0,,0.0,0,0.0,0.0
11305,서울특별시,강북구,수도권,75-79,70-79,고령,19,1,0.947368,22.05,1.1605,0.0,22.05,22.05,0,1.3e-05,0.051671
11305,서울특별시,강북구,수도권,80+,80+,고령,27,0,1.0,0.0,0.0,0.0,,0.0,0,0.0,0.0
11320,서울특별시,도봉구,수도권,00-09,00-09,아동청소년,8,2,0.75,4429.59,553.6988,0.0,2214.795,4429.59,0,0.002621,0.856587
11320,서울특별시,도봉구,수도권,10-14,10-19,아동청소년,42,6,0.857143,35.12,0.8362,0.0,6.24,35.12,0,2.1e-05,0.006791
11320,서울특별시,도봉구,수도권,15-19,10-19,아동청소년,10,4,0.6,28.05,2.805,0.0,7.975,28.05,0,1.7e-05,0.005424
11320,서울특별시,도봉구,수도권,20-24,20-29,청년,21,0,1.0,0.0,0.0,0.0,,0.0,0,0.0,0.0
11320,서울특별시,도봉구,수도권,25-29,20-29,청년,36,10,0.722222,42.23,1.1731,0.0,4.075,42.23,0,2.5e-05,0.008166
11320,서울특별시,도봉구,수도권,30-34,30-39,청년,69,17,0.753623,132.44,1.9194,0.0,5.05,132.44,0,7.8e-05,0.025611
11320,서울특별시,도봉구,수도권,35-39,30-39,청년,31,9,0.709677,140.96,4.5471,0.0,11.15,140.96,0,8.3e-05,0.027259
11320,서울특별시,도봉구,수도권,40-44,40-49,중장년,43,11,0.744186,121.28,2.8205,0.0,6.97,121.28,0,7.2e-05,0.023453
11320,서울특별시,도봉구,수도권,45-49,40-49,중장년,43,10,0.767442,75.62,1.7586,0.0,6.855,75.62,0,4.5e-05,0.014623
11320,서울특별시,도봉구,수도권,50-54,50-59,중장년,26,6,0.769231,33.25,1.2788,0.0,4.115,33.25,0,2e-05,0.00643
11320,서울특별시,도봉구,수도권,55-59,50-59,중장년,16,7,0.5625,38.57,2.4106,0.0,4.45,38.57,0,2.3e-05,0.007459
11320,서울특별시,도봉구,수도권,60-64,60-69,중장년,33,7,0.787879,69.75,2.1136,0.0,5.6,69.75,0,4.1e-05,0.013488
11320,서울특별시,도봉구,수도권,65-69,60-69,고령,16,1,0.9375,4.0,0.25,0.0,4.0,4.0,0,2e-06,0.000774
11320,서울특별시,도봉구,수도권,70-74,70-79,고령,15,1,0.933333,10.35,0.69,0.0,10.35,10.35,0,6e-06,0.002001
11320,서울특별시,도봉구,수도권,75-79,70-79,고령,4,1,0.75,10.0,2.5,0.0,10.0,10.0,0,6e-06,0.001934
11320,서울특별시,도봉구,수도권,80+,80+,고령,14,0,1.0,0.0,0.0,0.0,,0.0,0,0.0,0.0
11350,서울특별시,노원구,수도권,00-09,00-09,아동청소년,7,1,0.857143,8.4,1.2,0.0,8.4,8.4,0,5e-06,0.014066
11350,서울특별시,노원구,수도권,10-14,10-19,아동청소년,29,6,0.793103,26.15,0.9017,0.0,4.135,26.15,0,1.5e-05,0.04379
11350,서울특별시,노원구,수도권,15-19,10-19,아동청소년,9,2,0.777778,11.49,1.2767,0.0,5.745,11.49,0,7e-06,0.019241
11350,서울특별시,노원구,수도권,20-24,20-29,청년,32,13,0.59375,72.95,2.2797,0.0,5.2,72.95,0,4.3e-05,0.12216
11350,서울특별시,노원구,수도권,25-29,20-29,청년,9,1,0.888889,4.18,0.4644,0.0,4.18,4.18,0,2e-06,0.007
11350,서울특별시,노원구,수도권,30-34,30-39,청년,22,7,0.681818,34.0,1.5455,0.0,4.41,34.0,0,2e-05,0.056935
11350,서울특별시,노원구,수도권,35-39,30-39,청년,24,5,0.791667,21.82,0.9092,0.0,4.0,21.82,0,1.3e-05,0.036539
11350,서울특별시,노원구,수도권,40-44,40-49,중장년,34,11,0.676471,99.14,2.9159,0.0,6.71,99.14,0,5.9e-05,0.166016
11350,서울특별시,노원구,수도권,45-49,40-49,중장년,25,8,0.68,47.18,1.8872,0.0,5.76,47.18,0,2.8e-05,0.079006
11350,서울특별시,노원구,수도권,50-54,50-59,중장년,15,5,0.666667,59.49,3.966,0.0,10.0,59.49,0,3.5e-05,0.09962
11350,서울특별시,노원구,수도권,55-59,50-59,중장년,1,1,0.0,4.72,4.72,4.72,4.72,4.72,0,3e-06,0.007904
11350,서울특별시,노원구,수도권,60-64,60-69,중장년,31,10,0.677419,88.21,2.8455,0.0,4.53,88.21,0,5.2e-05,0.147713
11350,서울특별시,노원구,수도권,65-69,60-69,고령,49,13,0.734694,104.84,2.1396,0.0,4.4,104.84,0,6.2e-05,0.175561
11350,서울특별시,노원구,수도권,70-74,70-79,고령,1,0,1.0,0.0,0.0,0.0,,0.0,0,0.0,0.0
11350,서울특별시,노원구,수도권,75-79,70-79,고령,9,0,1.0,0.0,0.0,0.0,,0.0,0,0.0,0.0
11350,서울특별시,노원구,수도권,80+,80+,고령,19,2,0.894737,14.6,0.7684,0.0,7.3,14.6,0,9e-06,0.024449
11380,서울특별시,은평구,수도권,00-09,00-09,아동청소년,12,1,0.916667,6.2,0.5167,0.0,6.2,6.2,0,4e-06,0.015625
11380,서울특별시,은평구,수도권,10-14,10-19,아동청소년,11,1,0.909091,19.94,1.8127,0.0,19.94,19.94,0,1.2e-05,0.050251
11380,서울특별시,은평구,수도권,15-19,10-19,아동청소년,9,1,0.888889,3.82,0.4244,0.0,3.82,3.82,0,2e-06,0.009627
11380,서울특별시,은평구,수도권,20-24,20-29,청년,9,3,0.666667,12.24,1.36,0.0,4.0,12.24,0,7e-06,0.030846
11380,서울특별시,은평구,수도권,25-29,20-29,청년,9,3,0.666667,25.13,2.7922,0.0,8.62,25.13,0,1.5e-05,0.06333
11380,서울특별시,은평구,수도권,30-34,30-39,청년,7,2,0.714286,7.99,1.1414,0.0,3.995,7.99,0,5e-06,0.020136
11380,서울특별시,은평구,수도권,35-39,30-39,청년,7,2,0.714286,9.18,1.3114,0.0,4.59,9.18,0,5e-06,0.023134
11380,서울특별시,은평구,수도권,40-44,40-49,중장년,15,3,0.8,14.6,0.9733,0.0,4.0,14.6,0,9e-06,0.036793
11380,서울특별시,은평구,수도권,45-49,40-49,중장년,7,1,0.857143,16.0,2.2857,0.0,16.0,16.0,0,9e-06,0.040322
11380,서울특별시,은평구,수도권,50-54,50-59,중장년,14,3,0.785714,52.79,3.7707,0.0,6.46,52.79,0,3.1e-05,0.133036
11380,서울특별시,은평구,수도권,55-59,50-59,중장년,7,5,0.285714,19.53,2.79,3.28,4.0,19.53,0,1.2e-05,0.049218
11380,서울특별시,은평구,수도권,60-64,60-69,중장년,10,1,0.9,6.56,0.656,0.0,6.56,6.56,0,4e-06,0.016532
11380,서울특별시,은평구,수도권,65-69,60-69,고령,15,4,0.733333,46.96,3.1307,0.0,4.375,46.96,0,2.8e-05,0.118344
11380,서울특별시,은평구,수도권,70-74,70-79,고령,11,2,0.818182,76.21,6.9282,0.0,38.105,76.21,0,4.5e-05,0.192057
11380,서울특별시,은평구,수도권,75-79,70-79,고령,17,2,0.882353,33.12,1.9482,0.0,16.56,33.12,0,2e-05,0.083466
11380,서울특별시,은평구,수도권,80+,80+,고령,11,2,0.818182,46.54,4.2309,0.0,23.27,46.54,0,2.8e-05,0.117285
11410,서울특별시,서대문구,수도권,00-09,00-09,아동청소년,7,0,1.0,0.0,0.0,0.0,,0.0,0,0.0,0.0
11410,서울특별시,서대문구,수도권,10-14,10-19,아동청소년,35,3,0.914286,14.59,0.4169,0.0,5.01,14.59,0,9e-06,0.030116
11410,서울특별시,서대문구,수도권,15-19,10-19,아동청소년,5,2,0.6,14.0,2.8,0.0,7.0,14.0,0,8e-06,0.028898
11410,서울특별시,서대문구,수도권,20-24,20-29,청년,32,10,0.6875,71.9,2.2469,0.0,4.665,71.9,0,4.3e-05,0.148413
11410,서울특별시,서대문구,수도권,25-29,20-29,청년,18,8,0.555556,42.49,2.3606,0.0,4.565,42.49,0,2.5e-05,0.087706
11410,서울특별시,서대문구,수도권,30-34,30-39,청년,7,2,0.714286,9.82,1.4029,0.0,4.91,9.82,0,6e-06,0.02027
11410,서울특별시,서대문구,수도권,35-39,30-39,청년,38,6,0.842105,103.52,2.7242,0.0,11.72,103.52,0,6.1e-05,0.213681
11410,서울특별시,서대문구,수도권,40-44,40-49,중장년,15,5,0.666667,49.97,3.3313,0.0,6.59,49.97,0,3e-05,0.103146
11410,서울특별시,서대문구,수도권,45-49,40-49,중장년,12,3,0.75,24.58,2.0483,0.0,9.34,24.58,0,1.5e-05,0.050737
11410,서울특별시,서대문구,수도권,50-54,50-59,중장년,2,1,0.5,3.26,1.63,1.63,3.26,3.26,0,2e-06,0.006729
11410,서울특별시,서대문구,수도권,55-59,50-59,중장년,3,3,0.0,73.24,24.4133,5.28,5.28,73.24,0,4.3e-05,0.151179
11410,서울특별시,서대문구,수도권,60-64,60-69,중장년,23,9,0.608696,46.0,2.0,0.0,4.08,46.0,0,2.7e-05,0.094951
11410,서울특별시,서대문구,수도권,65-69,60-69,고령,10,2,0.8,8.0,0.8,0.0,4.0,8.0,0,5e-06,0.016513
11410,서울특별시,서대문구,수도권,70-74,70-79,고령,9,2,0.777778,13.7,1.5222,0.0,6.85,13.7,0,8e-06,0.028279
11410,서울특별시,서대문구,수도권,75-79,70-79,고령,12,0,1.0,0.0,0.0,0.0,,0.0,0,0.0,0.0
11410,서울특별시,서대문구,수도권,80+,80+,고령,13,2,0.846154,9.39,0.7223,0.0,4.695,9.39,0,6e-06,0.019382
11440,서울특별시,마포구,수도권,00-09,00-09,아동청소년,3,0,1.0,0.0,0.0,0.0,,0.0,0,0.0,0.0
11440,서울특별시,마포구,수도권,10-14,10-19,아동청소년,20,10,0.5,82.59,4.1295,1.605,5.565,82.59,0,4.9e-05,0.086046
11440,서울특별시,마포구,수도권,15-19,10-19,아동청소년,3,1,0.666667,3.29,1.0967,0.0,3.29,3.29,0,2e-06,0.003428
11440,서울특별시,마포구,수도권,20-24,20-29,청년,38,11,0.710526,97.32,2.5611,0.0,6.0,97.32,0,5.8e-05,0.101392
11440,서울특별시,마포구,수도권,25-29,20-29,청년,21,6,0.714286,54.57,2.5986,0.0,8.21,54.57,0,3.2e-05,0.056853
11440,서울특별시,마포구,수도권,30-34,30-39,청년,10,1,0.9,4.0,0.4,0.0,4.0,4.0,0,2e-06,0.004167
11440,서울특별시,마포구,수도권,35-39,30-39,청년,10,4,0.6,159.93,15.993,0.0,27.165,159.93,0,9.5e-05,0.166622
11440,서울특별시,마포구,수도권,40-44,40-49,중장년,26,10,0.615385,82.1,3.1577,0.0,6.43,82.1,0,4.9e-05,0.085535
11440,서울특별시,마포구,수도권,45-49,40-49,중장년,44,19,0.568182,256.54,5.8305,0.0,8.76,256.54,0,0.000152,0.267274
11440,서울특별시,마포구,수도권,50-54,50-59,중장년,20,9,0.55,48.03,2.4015,0.0,4.86,48.03,0,2.8e-05,0.05004
11440,서울특별시,마포구,수도권,55-59,50-59,중장년,5,2,0.6,15.03,3.006,0.0,7.515,15.03,0,9e-06,0.015659
11440,서울특별시,마포구,수도권,60-64,60-69,중장년,25,7,0.72,41.01,1.6404,0.0,5.33,41.01,0,2.4e-05,0.042726
11440,서울특별시,마포구,수도권,65-69,60-69,고령,19,4,0.789474,18.06,0.9505,0.0,4.47,18.06,0,1.1e-05,0.018816
11440,서울특별시,마포구,수도권,70-74,70-79,고령,10,3,0.7,49.23,4.923,0.0,12.0,49.23,0,2.9e-05,0.05129
11440,서울특별시,마포구,수도권,75-79,70-79,고령,4,1,0.75,4.1,1.025,0.0,4.1,4.1,0,2e-06,0.004272
11440,서울특별시,마포구,수도권,80+,80+,고령,11,2,0.818182,44.04,4.0036,0.0,22.02,44.04,0,2.6e-05,0.045883
11470,서울특별시,양천구,수도권,00-09,00-09,아동청소년,7,1,0.857143,28.94,4.1343,0.0,28.94,28.94,0,1.7e-05,0.030554
11470,서울특별시,양천구,수도권,10-14,10-19,아동청소년,35,8,0.771429,41.32,1.1806,0.0,4.095,41.32,0,2.4e-05,0.043625
11470,서울특별시,양천구,수도권,15-19,10-19,아동청소년,10,5,0.5,31.86,3.186,2.0,5.81,31.86,0,1.9e-05,0.033637
11470,서울특별시,양천구,수도권,20-24,20-29,청년,32,14,0.5625,140.96,4.405,0.0,6.645,140.96,0,8.3e-05,0.148824
11470,서울특별시,양천구,수도권,25-29,20-29,청년,6,2,0.666667,7.25,1.2083,0.0,3.625,7.25,0,4e-06,0.007654
11470,서울특별시,양천구,수도권,30-34,30-39,청년,14,4,0.714286,23.84,1.7029,0.0,3.73,23.84,0,1.4e-05,0.02517
11470,서울특별시,양천구,수도권,35-39,30-39,청년,25,12,0.52,142.94,5.7176,0.0,7.02,142.94,0,8.5e-05,0.150914
11470,서울특별시,양천구,수도권,40-44,40-49,중장년,29,9,0.689655,43.38,1.4959,0.0,3.81,43.38,0,2.6e-05,0.0458
11470,서울특별시,양천구,수도권,45-49,40-49,중장년,37,13,0.648649,67.18,1.8157,0.0,4.06,67.18,0,4e-05,0.070928
11470,서울특별시,양천구,수도권,50-54,50-59,중장년,18,9,0.5,64.6,3.5889,1.97,6.39,64.6,0,3.8e-05,0.068204
11470,서울특별시,양천구,수도권,55-59,50-59,중장년,13,6,0.538462,32.03,2.4638,0.0,5.305,32.03,0,1.9e-05,0.033817
11470,서울특별시,양천구,수도권,60-64,60-69,중장년,35,15,0.571429,109.11,3.1174,0.0,4.47,109.11,0,6.5e-05,0.115197
11470,서울특별시,양천구,수도권,65-69,60-69,고령,34,11,0.676471,78.59,2.3115,0.0,4.7,78.59,0,4.6e-05,0.082974
11470,서울특별시,양천구,수도권,70-74,70-79,고령,23,10,0.565217,118.72,5.1617,0.0,8.065,118.72,0,7e-05,0.125343
11470,서울특별시,양천구,수도권,75-79,70-79,고령,6,2,0.666667,16.44,2.74,0.0,8.22,16.44,0,1e-05,0.017357
11470,서울특별시,양천구,수도권,80+,80+,고령,5,0,1.0,0.0,0.0,0.0,,0.0,0,0.0,0.0
11500,서울특별시,강서구,수도권,00-09,00-09,아동청소년,9,2,0.777778,27.16,3.0178,0.0,13.58,27.16,0,1.6e-05,0.011082
11500,서울특별시,강서구,수도권,10-14,10-19,아동청소년,48,11,0.770833,182.53,3.8027,0.0,10.12,182.53,0,0.000108,0.07448
11500,서울특별시,강서구,수도권,15-19,10-19,아동청소년,14,4,0.714286,753.93,53.8521,0.0,9.095,753.93,0,0.000446,0.307635
11500,서울특별시,강서구,수도권,20-24,20-29,청년,33,8,0.757576,53.65,1.6258,0.0,4.525,53.65,0,3.2e-05,0.021891
11500,서울특별시,강서구,수도권,25-29,20-29,청년,45,11,0.755556,55.48,1.2329,0.0,4.39,55.48,0,3.3e-05,0.022638
11500,서울특별시,강서구,수도권,30-34,30-39,청년,6,1,0.833333,6.12,1.02,0.0,6.12,6.12,0,4e-06,0.002497
11500,서울특별시,강서구,수도권,35-39,30-39,청년,32,9,0.71875,987.98,30.8744,0.0,15.94,987.98,0,0.000585,0.403137
11500,서울특별시,강서구,수도권,40-44,40-49,중장년,38,10,0.736842,123.98,3.2626,0.0,5.17,123.98,0,7.3e-05,0.050589
11500,서울특별시,강서구,수도권,45-49,40-49,중장년,35,12,0.657143,100.75,2.8786,0.0,8.225,100.75,0,6e-05,0.04111
11500,서울특별시,강서구,수도권,50-54,50-59,중장년,14,9,0.357143,106.91,7.6364,4.14,8.06,106.91,0,6.3e-05,0.043624
11500,서울특별시,강서구,수도권,55-59,50-59,중장년,6,3,0.5,11.38,1.8967,1.655,4.02,11.38,0,7e-06,0.004644
11500,서울특별시,강서구,수도권,60-64,60-69,중장년,24,4,0.833333,20.87,0.8696,0.0,5.845,20.87,0,1.2e-05,0.008516
11500,서울특별시,강서구,수도권,65-69,60-69,고령,10,1,0.9,3.18,0.318,0.0,3.18,3.18,0,2e-06,0.001298
11500,서울특별시,강서구,수도권,70-74,70-79,고령,17,1,0.941176,3.57,0.21,0.0,3.57,3.57,0,2e-06,0.001457
11500,서울특별시,강서구,수도권,75-79,70-79,고령,10,1,0.9,13.24,1.324,0.0,13.24,13.24,0,8e-06,0.005402
11500,서울특별시,강서구,수도권,80+,80+,고령,17,0,1.0,0.0,0.0,0.0,,0.0,0,0.0,0.0
11530,서울특별시,구로구,수도권,00-09,00-09,아동청소년,6,0,1.0,0.0,0.0,0.0,,0.0,0,0.0,0.0
11530,서울특별시,구로구,수도권,10-14,10-19,아동청소년,23,2,0.913043,11.71,0.5091,0.0,5.855,11.71,0,7e-06,0.019273
11530,서울특별시,구로구,수도권,15-19,10-19,아동청소년,8,1,0.875,8.0,1.0,0.0,8.0,8.0,0,5e-06,0.013167
11530,서울특별시,구로구,수도권,20-24,20-29,청년,25,9,0.64,51.41,2.0564,0.0,5.06,51.41,0,3e-05,0.084613
11530,서울특별시,구로구,수도권,25-29,20-29,청년,13,2,0.846154,7.96,0.6123,0.0,3.98,7.96,0,5e-06,0.013101
11530,서울특별시,구로구,수도권,30-34,30-39,청년,37,6,0.837838,29.9,0.8081,0.0,3.38,29.9,0,1.8e-05,0.049211
11530,서울특별시,구로구,수도권,35-39,30-39,청년,27,10,0.62963,80.66,2.9874,0.0,6.92,80.66,0,4.8e-05,0.132754
11530,서울특별시,구로구,수도권,40-44,40-49,중장년,38,15,0.605263,92.8,2.4421,0.0,5.91,92.8,0,5.5e-05,0.152735
11530,서울특별시,구로구,수도권,45-49,40-49,중장년,29,6,0.793103,43.24,1.491,0.0,7.32,43.24,0,2.6e-05,0.071166
11530,서울특별시,구로구,수도권,50-54,50-59,중장년,35,13,0.628571,139.38,3.9823,0.0,4.65,139.38,0,8.2e-05,0.229398
11530,서울특별시,구로구,수도권,55-59,50-59,중장년,11,8,0.272727,44.1,4.0091,4.1,4.295,44.1,0,2.6e-05,0.072582
11530,서울특별시,구로구,수도권,60-64,60-69,중장년,11,2,0.818182,8.84,0.8036,0.0,4.42,8.84,0,5e-06,0.014549
11530,서울특별시,구로구,수도권,65-69,60-69,고령,18,4,0.777778,21.11,1.1728,0.0,5.285,21.11,0,1.2e-05,0.034744
11530,서울특별시,구로구,수도권,70-74,70-79,고령,18,5,0.722222,42.8,2.3778,0.0,4.71,42.8,0,2.5e-05,0.070442
11530,서울특별시,구로구,수도권,75-79,70-79,고령,13,3,0.769231,17.51,1.3469,0.0,4.78,17.51,0,1e-05,0.028819
11530,서울특별시,구로구,수도권,80+,80+,고령,17,1,0.941176,8.17,0.4806,0.0,8.17,8.17,0,5e-06,0.013447
11545,서울특별시,금천구,수도권,00-09,00-09,아동청소년,3,0,1.0,0.0,0.0,0.0,,0.0,0,0.0,0.0
11545,서울특별시,금천구,수도권,10-14,10-19,아동청소년,11,0,1.0,0.0,0.0,0.0,,0.0,0,0.0,0.0
11545,서울특별시,금천구,수도권,15-19,10-19,아동청소년,6,0,1.0,0.0,0.0,0.0,,0.0,0,0.0,0.0
11545,서울특별시,금천구,수도권,20-24,20-29,청년,23,5,0.782609,21.83,0.9491,0.0,4.0,21.83,0,1.3e-05,0.157743
11545,서울특별시,금천구,수도권,25-29,20-29,청년,1,1,0.0,6.0,6.0,6.0,6.0,6.0,0,4e-06,0.043356
11545,서울특별시,금천구,수도권,30-34,30-39,청년,8,2,0.75,8.38,1.0475,0.0,4.19,8.38,0,5e-06,0.060554
11545,서울특별시,금천구,수도권,35-39,30-39,청년,13,1,0.923077,5.37,0.4131,0.0,5.37,5.37,0,3e-06,0.038803
11545,서울특별시,금천구,수도권,40-44,40-49,중장년,18,7,0.611111,43.65,2.425,0.0,4.56,43.65,0,2.6e-05,0.315413
11545,서울특별시,금천구,수도권,45-49,40-49,중장년,5,2,0.6,10.48,2.096,0.0,5.24,10.48,0,6e-06,0.075728
11545,서울특별시,금천구,수도권,50-54,50-59,중장년,14,4,0.714286,18.3,1.3071,0.0,4.435,18.3,0,1.1e-05,0.132235
11545,서울특별시,금천구,수도권,60-64,60-69,중장년,16,4,0.75,19.21,1.2006,0.0,4.805,19.21,0,1.1e-05,0.138811
11545,서울특별시,금천구,수도권,65-69,60-69,고령,15,1,0.933333,5.17,0.3447,0.0,5.17,5.17,0,3e-06,0.037358
11545,서울특별시,금천구,수도권,75-79,70-79,고령,5,0,1.0,0.0,0.0,0.0,,0.0,0,0.0,0.0
11545,서울특별시,금천구,수도권,80+,80+,고령,11,0,1.0,0.0,0.0,0.0,,0.0,0,0.0,0.0
11560,서울특별시,영등포구,수도권,00-09,00-09,아동청소년,10,0,1.0,0.0,0.0,0.0,,0.0,0,0.0,0.0
11560,서울특별시,영등포구,수도권,10-14,10-19,아동청소년,26,6,0.769231,32.4,1.2462,0.0,5.115,32.4,0,1.9e-05,0.039706
11560,서울특별시,영등포구,수도권,15-19,10-19,아동청소년,5,4,0.2,23.75,4.75,4.58,5.23,23.75,0,1.4e-05,0.029106
11560,서울특별시,영등포구,수도권,20-24,20-29,청년,33,13,0.606061,88.5,2.6818,0.0,4.84,88.5,0,5.2e-05,0.108457
11560,서울특별시,영등포구,수도권,25-29,20-29,청년,7,4,0.428571,13.25,1.8929,3.08,3.315,13.25,0,8e-06,0.016238
11560,서울특별시,영등포구,수도권,30-34,30-39,청년,16,7,0.5625,33.0,2.0625,0.0,4.79,33.0,0,2e-05,0.040442
11560,서울특별시,영등포구,수도권,35-39,30-39,청년,24,6,0.75,37.9,1.5792,0.0,4.635,37.9,0,2.2e-05,0.046447
11560,서울특별시,영등포구,수도권,40-44,40-49,중장년,24,12,0.5,192.8,8.0333,1.54,7.06,192.8,0,0.000114,0.236277
11560,서울특별시,영등포구,수도권,45-49,40-49,중장년,34,13,0.617647,74.85,2.2015,0.0,5.87,74.85,0,4.4e-05,0.091729
11560,서울특별시,영등포구,수도권,50-54,50-59,중장년,9,6,0.333333,35.5,3.9444,4.44,5.1,35.5,0,2.1e-05,0.043505
11560,서울특별시,영등포구,수도권,55-59,50-59,중장년,14,13,0.071429,134.12,9.58,4.64,4.81,134.12,0,7.9e-05,0.164365
11560,서울특별시,영등포구,수도권,60-64,60-69,중장년,7,1,0.857143,27.38,3.9114,0.0,27.38,27.38,0,1.6e-05,0.033554
11560,서울특별시,영등포구,수도권,65-69,60-69,고령,15,8,0.466667,53.19,3.546,3.45,5.07,53.19,0,3.1e-05,0.065185
11560,서울특별시,영등포구,수도권,70-74,70-79,고령,18,8,0.555556,62.98,3.4989,0.0,6.0,62.98,0,3.7e-05,0.077182
11560,서울특별시,영등포구,수도권,75-79,70-79,고령,8,1,0.875,6.37,0.7962,0.0,6.37,6.37,0,4e-06,0.007806
11560,서울특별시,영등포구,수도권,80+,80+,고령,2,0,1.0,0.0,0.0,0.0,,0.0,0,0.0,0.0
11590,서울특별시,동작구,수도권,00-09,00-09,아동청소년,2,1,0.5,8.58,4.29,4.29,8.58,8.58,0,5e-06,0.023253
11590,서울특별시,동작구,수도권,10-14,10-19,아동청소년,34,8,0.764706,50.49,1.485,0.0,5.07,50.49,0,3e-05,0.136833
11590,서울특별시,동작구,수도권,15-19,10-19,아동청소년,4,1,0.75,5.42,1.355,0.0,5.42,5.42,0,3e-06,0.014689
11590,서울특별시,동작구,수도권,20-24,20-29,청년,19,4,0.789474,21.5,1.1316,0.0,5.64,21.5,0,1.3e-05,0.058267
11590,서울특별시,동작구,수도권,25-29,20-29,청년,18,4,0.777778,30.63,1.7017,0.0,6.975,30.63,0,1.8e-05,0.08301
11590,서울특별시,동작구,수도권,30-34,30-39,청년,13,1,0.923077,4.43,0.3408,0.0,4.43,4.43,0,3e-06,0.012006
11590,서울특별시,동작구,수도권,35-39,30-39,청년,7,0,1.0,0.0,0.0,0.0,,0.0,0,0.0,0.0
11590,서울특별시,동작구,수도권,40-44,40-49,중장년,20,8,0.6,98.31,4.9155,0.0,4.37,98.31,0,5.8e-05,0.26643
11590,서울특별시,동작구,수도권,45-49,40-49,중장년,14,1,0.928571,13.08,0.9343,0.0,13.08,13.08,0,8e-06,0.035448
11590,서울특별시,동작구,수도권,50-54,50-59,중장년,12,3,0.75,28.86,2.405,0.0,4.63,28.86,0,1.7e-05,0.078214
11590,서울특별시,동작구,수도권,55-59,50-59,중장년,8,4,0.5,17.94,2.2425,1.52,4.395,17.94,0,1.1e-05,0.048619
11590,서울특별시,동작구,수도권,60-64,60-69,중장년,20,4,0.8,16.66,0.833,0.0,3.695,16.66,0,1e-05,0.04515
11590,서울특별시,동작구,수도권,65-69,60-69,고령,7,3,0.571429,11.12,1.5886,0.0,4.0,11.12,0,7e-06,0.030136
11590,서울특별시,동작구,수도권,70-74,70-79,고령,19,4,0.789474,61.97,3.2616,0.0,10.035,61.97,0,3.7e-05,0.167945
11590,서울특별시,동작구,수도권,75-79,70-79,고령,7,0,1.0,0.0,0.0,0.0,,0.0,0,0.0,0.0
11590,서울특별시,동작구,수도권,80+,80+,고령,14,0,1.0,0.0,0.0,0.0,,0.0,0,0.0,0.0
11620,서울특별시,관악구,수도권,00-09,00-09,아동청소년,19,5,0.736842,1300.17,68.43,0.0,9.5,1300.17,0,0.000769,0.272879
11620,서울특별시,관악구,수도권,10-14,10-19,아동청소년,10,3,0.7,40.76,4.076,0.0,14.0,40.76,0,2.4e-05,0.008555
11620,서울특별시,관악구,수도권,15-19,10-19,아동청소년,10,2,0.8,15.16,1.516,0.0,7.58,15.16,0,9e-06,0.003182
11620,서울특별시,관악구,수도권,20-24,20-29,청년,24,5,0.791667,24.66,1.0275,0.0,4.86,24.66,0,1.5e-05,0.005176
11620,서울특별시,관악구,수도권,25-29,20-29,청년,50,14,0.72,1332.31,26.6462,0.0,4.105,1332.31,0,0.000788,0.279624
11620,서울특별시,관악구,수도권,30-34,30-39,청년,16,3,0.8125,14.92,0.9325,0.0,4.85,14.92,0,9e-06,0.003131
11620,서울특별시,관악구,수도권,35-39,30-39,청년,48,17,0.645833,1407.06,29.3138,0.0,11.38,1407.06,0,0.000833,0.295313
11620,서울특별시,관악구,수도권,40-44,40-49,중장년,21,9,0.571429,66.51,3.1671,0.0,6.03,66.51,0,3.9e-05,0.013959
11620,서울특별시,관악구,수도권,45-49,40-49,중장년,45,13,0.711111,99.65,2.2144,0.0,7.07,99.65,0,5.9e-05,0.020914
11620,서울특별시,관악구,수도권,50-54,50-59,중장년,8,1,0.875,6.65,0.8312,0.0,6.65,6.65,0,4e-06,0.001396
11620,서울특별시,관악구,수도권,55-59,50-59,중장년,18,9,0.5,57.25,3.1806,2.0,5.04,57.25,0,3.4e-05,0.012016
11620,서울특별시,관악구,수도권,60-64,60-69,중장년,30,11,0.633333,164.37,5.479,0.0,8.35,164.37,0,9.7e-05,0.034498
11620,서울특별시,관악구,수도권,65-69,60-69,고령,5,2,0.6,7.18,1.436,0.0,3.59,7.18,0,4e-06,0.001507
11620,서울특별시,관악구,수도권,70-74,70-79,고령,22,2,0.909091,11.88,0.54,0.0,5.94,11.88,0,7e-06,0.002493
11620,서울특별시,관악구,수도권,75-79,70-79,고령,9,5,0.444444,203.82,22.6467,3.42,5.5,203.82,0,0.000121,0.042778
11620,서울특별시,관악구,수도권,80+,80+,고령,5,1,0.8,12.29,2.458,0.0,12.29,12.29,0,7e-06,0.002579
11650,서울특별시,서초구,수도권,00-09,00-09,아동청소년,11,3,0.727273,18.44,1.6764,0.0,3.12,18.44,0,1.1e-05,0.026043
11650,서울특별시,서초구,수도권,10-14,10-19,아동청소년,10,1,0.9,6.0,0.6,0.0,6.0,6.0,0,4e-06,0.008474
11650,서울특별시,서초구,수도권,15-19,10-19,아동청소년,22,5,0.772727,25.92,1.1782,0.0,4.23,25.92,0,1.5e-05,0.036607
11650,서울특별시,서초구,수도권,20-24,20-29,청년,35,7,0.8,104.34,2.9811,0.0,5.82,104.34,0,6.2e-05,0.147358
11650,서울특별시,서초구,수도권,25-29,20-29,청년,2,0,1.0,0.0,0.0,0.0,,0.0,0,0.0,0.0
11650,서울특별시,서초구,수도권,30-34,30-39,청년,25,10,0.6,84.93,3.3972,0.0,6.12,84.93,0,5e-05,0.119946
11650,서울특별시,서초구,수도권,35-39,30-39,청년,25,6,0.76,52.98,2.1192,0.0,7.55,52.98,0,3.1e-05,0.074823
11650,서울특별시,서초구,수도권,40-44,40-49,중장년,28,8,0.714286,75.35,2.6911,0.0,4.76,75.35,0,4.5e-05,0.106416
11650,서울특별시,서초구,수도권,45-49,40-49,중장년,21,6,0.714286,49.89,2.3757,0.0,7.535,49.89,0,3e-05,0.070459
11650,서울특별시,서초구,수도권,50-54,50-59,중장년,15,3,0.8,20.53,1.3687,0.0,4.84,20.53,0,1.2e-05,0.028994
11650,서울특별시,서초구,수도권,55-59,50-59,중장년,9,4,0.555556,165.08,18.3422,0.0,4.245,165.08,0,9.8e-05,0.233141
11650,서울특별시,서초구,수도권,60-64,60-69,중장년,29,6,0.793103,28.33,0.9769,0.0,4.34,28.33,0,1.7e-05,0.04001
11650,서울특별시,서초구,수도권,65-69,60-69,고령,27,5,0.814815,34.62,1.2822,0.0,4.73,34.62,0,2e-05,0.048893
11650,서울특별시,서초구,수도권,70-74,70-79,고령,5,1,0.8,4.04,0.808,0.0,4.04,4.04,0,2e-06,0.005706
11650,서울특별시,서초구,수도권,75-79,70-79,고령,22,4,0.818182,33.66,1.53,0.0,8.71,33.66,0,2e-05,0.047538
11650,서울특별시,서초구,수도권,80+,80+,고령,15,1,0.933333,3.96,0.264,0.0,3.96,3.96,0,2e-06,0.005593
11680,서울특별시,강남구,수도권,00-09,00-09,아동청소년,18,2,0.888889,17.8,0.9889,0.0,8.9,17.8,0,1.1e-05,0.0192
11680,서울특별시,강남구,수도권,10-14,10-19,아동청소년,7,2,0.714286,8.23,1.1757,0.0,4.115,8.23,0,5e-06,0.008878
11680,서울특별시,강남구,수도권,15-19,10-19,아동청소년,6,3,0.5,20.69,3.4483,2.29,6.02,20.69,0,1.2e-05,0.022318
11680,서울특별시,강남구,수도권,20-24,20-29,청년,19,10,0.473684,139.63,7.3489,4.0,6.515,139.63,0,8.3e-05,0.150616
11680,서울특별시,강남구,수도권,25-29,20-29,청년,3,2,0.333333,16.38,5.46,8.0,8.19,16.38,0,1e-05,0.017669
11680,서울특별시,강남구,수도권,30-34,30-39,청년,7,3,0.571429,15.94,2.2771,0.0,4.65,15.94,0,9e-06,0.017194
11680,서울특별시,강남구,수도권,35-39,30-39,청년,23,12,0.478261,151.14,6.5713,4.0,8.885,151.14,0,8.9e-05,0.163032
11680,서울특별시,강남구,수도권,40-44,40-49,중장년,8,5,0.375,41.71,5.2138,3.555,5.07,41.71,0,2.5e-05,0.044992
11680,서울특별시,강남구,수도권,45-49,40-49,중장년,26,10,0.615385,88.26,3.3946,0.0,8.24,88.26,0,5.2e-05,0.095204
11680,서울특별시,강남구,수도권,50-54,50-59,중장년,16,5,0.6875,24.69,1.5431,0.0,4.08,24.69,0,1.5e-05,0.026633
11680,서울특별시,강남구,수도권,55-59,50-59,중장년,19,8,0.578947,68.7,3.6158,0.0,4.63,68.7,0,4.1e-05,0.074105
11680,서울특별시,강남구,수도권,60-64,60-69,중장년,24,10,0.583333,75.36,3.14,0.0,5.72,75.36,0,4.5e-05,0.081289
11680,서울특별시,강남구,수도권,65-69,60-69,고령,20,9,0.55,130.31,6.5155,0.0,4.27,130.31,0,7.7e-05,0.140563
11680,서울특별시,강남구,수도권,70-74,70-79,고령,22,6,0.727273,70.38,3.1991,0.0,5.0,70.38,0,4.2e-05,0.075917
11680,서울특별시,강남구,수도권,75-79,70-79,고령,18,3,0.833333,34.53,1.9183,0.0,12.63,34.53,0,2e-05,0.037247
11680,서울특별시,강남구,수도권,80+,80+,고령,13,1,0.923077,23.31,1.7931,0.0,23.31,23.31,0,1.4e-05,0.025144
11710,서울특별시,송파구,수도권,00-09,00-09,아동청소년,12,6,0.5,50.22,4.185,2.53,7.62,50.22,0,3e-05,0.037764
11710,서울특별시,송파구,수도권,10-14,10-19,아동청소년,6,3,0.5,46.59,7.765,4.41,15.62,46.59,0,2.8e-05,0.035034
11710,서울특별시,송파구,수도권,15-19,10-19,아동청소년,13,8,0.384615,69.51,5.3469,5.18,6.6,69.51,0,4.1e-05,0.052269
11710,서울특별시,송파구,수도권,20-24,20-29,청년,14,8,0.428571,51.86,3.7043,3.5,7.19,51.86,0,3.1e-05,0.038997
11710,서울특별시,송파구,수도권,25-29,20-29,청년,33,19,0.424242,232.03,7.0312,3.14,6.7,232.03,0,0.000137,0.174478
11710,서울특별시,송파구,수도권,30-34,30-39,청년,16,5,0.6875,24.4,1.525,0.0,4.31,24.4,0,1.4e-05,0.018348
11710,서울특별시,송파구,수도권,35-39,30-39,청년,12,5,0.583333,50.94,4.245,0.0,8.33,50.94,0,3e-05,0.038305
11710,서울특별시,송파구,수도권,40-44,40-49,중장년,43,22,0.488372,196.17,4.5621,3.03,6.5,196.17,0,0.000116,0.147513
11710,서울특별시,송파구,수도권,45-49,40-49,중장년,40,24,0.4,218.02,5.4505,4.135,7.29,218.02,0,0.000129,0.163943
11710,서울특별시,송파구,수도권,50-54,50-59,중장년,25,16,0.36,172.07,6.8828,4.0,6.94,172.07,0,0.000102,0.129391
11710,서울특별시,송파구,수도권,55-59,50-59,중장년,13,10,0.230769,86.0,6.6154,4.39,4.685,86.0,0,5.1e-05,0.064669
11710,서울특별시,송파구,수도권,60-64,60-69,중장년,9,3,0.666667,38.62,4.2911,0.0,15.31,38.62,0,2.3e-05,0.029041
11710,서울특별시,송파구,수도권,65-69,60-69,고령,10,1,0.9,4.5,0.45,0.0,4.5,4.5,0,3e-06,0.003384
11710,서울특별시,송파구,수도권,70-74,70-79,고령,18,8,0.555556,73.67,4.0928,0.0,4.965,73.67,0,4.4e-05,0.055397
11710,서울특별시,송파구,수도권,75-79,70-79,고령,7,1,0.857143,9.05,1.2929,0.0,9.05,9.05,0,5e-06,0.006805
11710,서울특별시,송파구,수도권,80+,80+,고령,10,1,0.9,6.2,0.62,0.0,6.2,6.2,0,4e-06,0.004662
11740,서울특별시,강동구,수도권,00-09,00-09,아동청소년,4,0,1.0,0.0,0.0,0.0,,0.0,0,0.0,0.0
11740,서울특별시,강동구,수도권,10-14,10-19,아동청소년,20,3,0.85,17.19,0.8595,0.0,6.01,17.19,0,1e-05,0.034914
11740,서울특별시,강동구,수도권,15-19,10-19,아동청소년,7,3,0.571429,14.28,2.04,0.0,4.66,14.28,0,8e-06,0.029004
11740,서울특별시,강동구,수도권,20-24,20-29,청년,33,10,0.69697,65.82,1.9945,0.0,5.125,65.82,0,3.9e-05,0.133685
11740,서울특별시,강동구,수도권,25-29,20-29,청년,6,1,0.833333,4.0,0.6667,0.0,4.0,4.0,0,2e-06,0.008124
11740,서울특별시,강동구,수도권,30-34,30-39,청년,16,7,0.5625,34.05,2.1281,0.0,4.5,34.05,0,2e-05,0.069158
11740,서울특별시,강동구,수도권,35-39,30-39,청년,26,10,0.615385,84.41,3.2465,0.0,5.69,84.41,0,5e-05,0.171443
11740,서울특별시,강동구,수도권,40-44,40-49,중장년,13,4,0.692308,21.14,1.6262,0.0,4.965,21.14,0,1.3e-05,0.042937
11740,서울특별시,강동구,수도권,45-49,40-49,중장년,5,2,0.6,15.25,3.05,0.0,7.625,15.25,0,9e-06,0.030974
11740,서울특별시,강동구,수도권,50-54,50-59,중장년,19,6,0.684211,55.81,2.9374,0.0,8.295,55.81,0,3.3e-05,0.113354
11740,서울특별시,강동구,수도권,55-59,50-59,중장년,20,11,0.45,50.44,2.522,3.365,4.15,50.44,0,3e-05,0.102447
11740,서울특별시,강동구,수도권,60-64,60-69,중장년,26,6,0.769231,81.47,3.1335,0.0,11.0,81.47,0,4.8e-05,0.165472
11740,서울특별시,강동구,수도권,65-69,60-69,고령,3,1,0.666667,4.0,1.3333,0.0,4.0,4.0,0,2e-06,0.008124
11740,서울특별시,강동구,수도권,70-74,70-79,고령,18,7,0.611111,31.66,1.7589,0.0,4.82,31.66,0,1.9e-05,0.064304
11740,서울특별시,강동구,수도권,75-79,70-79,고령,2,1,0.5,4.33,2.165,2.165,4.33,4.33,0,3e-06,0.008795
11740,서울특별시,강동구,수도권,80+,80+,고령,44,1,0.977273,8.5,0.1932,0.0,8.5,8.5,0,5e-06,0.017264
26110,부산광역시,중구,기타 지역,00-09,00-09,아동청소년,10,0,1.0,0.0,0.0,0.0,,0.0,0,0.0,0.0
26110,부산광역시,중구,기타 지역,10-14,10-19,아동청소년,49,6,0.877551,32.53,0.6639,0.0,3.6,32.53,0,1.9e-05,0.098029
26110,부산광역시,중구,기타 지역,15-19,10-19,아동청소년,24,3,0.875,17.51,0.7296,0.0,5.27,17.51,0,1e-05,0.052766
26110,부산광역시,중구,기타 지역,20-24,20-29,청년,11,4,0.636364,19.3,1.7545,0.0,4.175,19.3,0,1.1e-05,0.058161
26110,부산광역시,중구,기타 지역,25-29,20-29,청년,15,1,0.933333,4.0,0.2667,0.0,4.0,4.0,0,2e-06,0.012054
26110,부산광역시,중구,기타 지역,30-34,30-39,청년,7,1,0.857143,8.87,1.2671,0.0,8.87,8.87,0,5e-06,0.02673
26110,부산광역시,중구,기타 지역,35-39,30-39,청년,47,6,0.87234,93.35,1.9862,0.0,9.11,93.35,0,5.5e-05,0.28131
26110,부산광역시,중구,기타 지역,40-44,40-49,중장년,38,7,0.815789,38.84,1.0221,0.0,3.38,38.84,0,2.3e-05,0.117044
26110,부산광역시,중구,기타 지역,45-49,40-49,중장년,30,5,0.833333,28.19,0.9397,0.0,4.0,28.19,0,1.7e-05,0.084951
26110,부산광역시,중구,기타 지역,50-54,50-59,중장년,15,1,0.933333,12.0,0.8,0.0,12.0,12.0,0,7e-06,0.036162
26110,부산광역시,중구,기타 지역,55-59,50-59,중장년,13,6,0.538462,27.74,2.1338,0.0,4.66,27.74,0,1.6e-05,0.083595
26110,부산광역시,중구,기타 지역,60-64,60-69,중장년,13,4,0.692308,24.47,1.8823,0.0,4.885,24.47,0,1.4e-05,0.07374
26110,부산광역시,중구,기타 지역,65-69,60-69,고령,13,2,0.846154,7.46,0.5738,0.0,3.73,7.46,0,4e-06,0.022481
26110,부산광역시,중구,기타 지역,70-74,70-79,고령,36,2,0.944444,9.71,0.2697,0.0,4.855,9.71,0,6e-06,0.029261
26110,부산광역시,중구,기타 지역,75-79,70-79,고령,6,1,0.833333,7.87,1.3117,0.0,7.87,7.87,0,5e-06,0.023716
26110,부산광역시,중구,기타 지역,80+,80+,고령,8,0,1.0,0.0,0.0,0.0,,0.0,0,0.0,0.0
26140,부산광역시,서구,기타 지역,00-09,00-09,아동청소년,17,1,0.941176,4.14,0.2435,0.0,4.14,4.14,0,2e-06,0.010473
26140,부산광역시,서구,기타 지역,10-14,10-19,아동청소년,22,2,0.909091,21.5,0.9773,0.0,10.75,21.5,0,1.3e-05,0.05439
26140,부산광역시,서구,기타 지역,15-19,10-19,아동청소년,10,1,0.9,8.55,0.855,0.0,8.55,8.55,0,5e-06,0.02163
26140,부산광역시,서구,기타 지역,20-24,20-29,청년,23,2,0.913043,13.34,0.58,0.0,6.67,13.34,0,8e-06,0.033747
26140,부산광역시,서구,기타 지역,25-29,20-29,청년,20,3,0.85,20.97,1.0485,0.0,4.32,20.97,0,1.2e-05,0.05305
26140,부산광역시,서구,기타 지역,30-34,30-39,청년,19,1,0.947368,10.0,0.5263,0.0,10.0,10.0,0,6e-06,0.025298
26140,부산광역시,서구,기타 지역,35-39,30-39,청년,11,2,0.818182,19.91,1.81,0.0,9.955,19.91,0,1.2e-05,0.050368
26140,부산광역시,서구,기타 지역,40-44,40-49,중장년,27,2,0.925926,36.65,1.3574,0.0,18.325,36.65,0,2.2e-05,0.092717
26140,부산광역시,서구,기타 지역,45-49,40-49,중장년,25,8,0.68,38.8,1.552,0.0,4.935,38.8,0,2.3e-05,0.098156
26140,부산광역시,서구,기타 지역,50-54,50-59,중장년,13,5,0.615385,52.54,4.0415,0.0,8.69,52.54,0,3.1e-05,0.132915
26140,부산광역시,서구,기타 지역,55-59,50-59,중장년,11,4,0.636364,13.96,1.2691,0.0,3.465,13.96,0,8e-06,0.035316
26140,부산광역시,서구,기타 지역,60-64,60-69,중장년,13,2,0.846154,9.4,0.7231,0.0,4.7,9.4,0,6e-06,0.02378
26140,부산광역시,서구,기타 지역,65-69,60-69,고령,15,1,0.933333,4.13,0.2753,0.0,4.13,4.13,0,2e-06,0.010448
26140,부산광역시,서구,기타 지역,70-74,70-79,고령,41,2,0.95122,35.26,0.86,0.0,17.63,35.26,0,2.1e-05,0.0892
26140,부산광역시,서구,기타 지역,75-79,70-79,고령,13,4,0.692308,47.62,3.6631,0.0,6.98,47.62,0,2.8e-05,0.120469
26140,부산광역시,서구,기타 지역,80+,80+,고령,16,1,0.9375,58.52,3.6575,0.0,58.52,58.52,0,3.5e-05,0.148043
26170,부산광역시,동구,기타 지역,00-09,00-09,아동청소년,22,1,0.954545,10.19,0.4632,0.0,10.19,10.19,0,6e-06,0.004806
26170,부산광역시,동구,기타 지역,10-14,10-19,아동청소년,54,5,0.907407,319.87,5.9235,0.0,12.75,319.87,0,0.000189,0.150856
26170,부산광역시,동구,기타 지역,15-19,10-19,아동청소년,17,0,1.0,0.0,0.0,0.0,,0.0,0,0.0,0.0
26170,부산광역시,동구,기타 지역,20-24,20-29,청년,25,3,0.88,16.68,0.6672,0.0,4.7,16.68,0,1e-05,0.007867
26170,부산광역시,동구,기타 지역,25-29,20-29,청년,30,3,0.9,17.55,0.585,0.0,5.37,17.55,0,1e-05,0.008277
26170,부산광역시,동구,기타 지역,30-34,30-39,청년,23,1,0.956522,4.14,0.18,0.0,4.14,4.14,0,2e-06,0.001952
26170,부산광역시,동구,기타 지역,35-39,30-39,청년,41,7,0.829268,422.9,10.3146,0.0,36.23,422.9,0,0.00025,0.199447
26170,부산광역시,동구,기타 지역,40-44,40-49,중장년,35,6,0.828571,32.61,0.9317,0.0,5.14,32.61,0,1.9e-05,0.015379
26170,부산광역시,동구,기타 지역,45-49,40-49,중장년,62,11,0.822581,138.24,2.2297,0.0,6.12,138.24,0,8.2e-05,0.065196
26170,부산광역시,동구,기타 지역,50-54,50-59,중장년,11,1,0.909091,8.7,0.7909,0.0,8.7,8.7,0,5e-06,0.004103
26170,부산광역시,동구,기타 지역,55-59,50-59,중장년,21,8,0.619048,82.87,3.9462,0.0,4.015,82.87,0,4.9e-05,0.039083
26170,부산광역시,동구,기타 지역,60-64,60-69,중장년,31,4,0.870968,550.02,17.7426,0.0,10.29,550.02,0,0.000325,0.259399
26170,부산광역시,동구,기타 지역,65-69,60-69,고령,2,0,1.0,0.0,0.0,0.0,,0.0,0,0.0,0.0
26170,부산광역시,동구,기타 지역,70-74,70-79,고령,16,1,0.9375,7.51,0.4694,0.0,7.51,7.51,0,4e-06,0.003542
26170,부산광역시,동구,기타 지역,75-79,70-79,고령,16,1,0.9375,4.81,0.3006,0.0,4.81,4.81,0,3e-06,0.002268
26170,부산광역시,동구,기타 지역,80+,80+,고령,26,1,0.961538,504.27,19.395,0.0,504.27,504.27,0,0.000298,0.237823
26200,부산광역시,영도구,기타 지역,00-09,00-09,아동청소년,13,2,0.846154,19.53,1.5023,0.0,9.765,19.53,0,1.2e-05,0.055897
26200,부산광역시,영도구,기타 지역,10-14,10-19,아동청소년,30,4,0.866667,20.98,0.6993,0.0,4.89,20.98,0,1.2e-05,0.060048
26200,부산광역시,영도구,기타 지역,15-19,10-19,아동청소년,22,2,0.909091,16.28,0.74,0.0,8.14,16.28,0,1e-05,0.046595
26200,부산광역시,영도구,기타 지역,20-24,20-29,청년,24,4,0.833333,28.92,1.205,0.0,5.41,28.92,0,1.7e-05,0.082773
26200,부산광역시,영도구,기타 지역,25-29,20-29,청년,16,0,1.0,0.0,0.0,0.0,,0.0,0,0.0,0.0
26200,부산광역시,영도구,기타 지역,30-34,30-39,청년,27,5,0.814815,42.03,1.5567,0.0,8.0,42.03,0,2.5e-05,0.120295
26200,부산광역시,영도구,기타 지역,35-39,30-39,청년,47,7,0.851064,92.3,1.9638,0.0,7.22,92.3,0,5.5e-05,0.264175
26200,부산광역시,영도구,기타 지역,40-44,40-49,중장년,14,1,0.928571,8.11,0.5793,0.0,8.11,8.11,0,5e-06,0.023212
26200,부산광역시,영도구,기타 지역,45-49,40-49,중장년,18,6,0.666667,54.08,3.0044,0.0,7.375,54.08,0,3.2e-05,0.154784
26200,부산광역시,영도구,기타 지역,50-54,50-59,중장년,15,3,0.8,19.84,1.3227,0.0,6.36,19.84,0,1.2e-05,0.056785
26200,부산광역시,영도구,기타 지역,55-59,50-59,중장년,10,5,0.5,22.59,2.259,1.52,4.56,22.59,0,1.3e-05,0.064656
26200,부산광역시,영도구,기타 지역,60-64,60-69,중장년,16,2,0.875,10.0,0.625,0.0,5.0,10.0,0,6e-06,0.028621
26200,부산광역시,영도구,기타 지역,65-69,60-69,고령,13,2,0.846154,9.81,0.7546,0.0,4.905,9.81,0,6e-06,0.028078
26200,부산광역시,영도구,기타 지역,70-74,70-79,고령,2,0,1.0,0.0,0.0,0.0,,0.0,0,0.0,0.0
26200,부산광역시,영도구,기타 지역,75-79,70-79,고령,5,0,1.0,0.0,0.0,0.0,,0.0,0,0.0,0.0
26200,부산광역시,영도구,기타 지역,80+,80+,고령,19,1,0.947368,4.92,0.2589,0.0,4.92,4.92,0,3e-06,0.014082
26230,부산광역시,부산진구,기타 지역,00-09,00-09,아동청소년,9,0,1.0,0.0,0.0,0.0,,0.0,0,0.0,0.0
26230,부산광역시,부산진구,기타 지역,10-14,10-19,아동청소년,29,4,0.862069,33.82,1.1662,0.0,7.435,33.82,0,2e-05,0.028386
26230,부산광역시,부산진구,기타 지역,15-19,10-19,아동청소년,30,7,0.766667,50.37,1.679,0.0,8.11,50.37,0,3e-05,0.042277
26230,부산광역시,부산진구,기타 지역,20-24,20-29,청년,35,15,0.571429,123.6,3.5314,0.0,4.0,123.6,0,7.3e-05,0.10374
26230,부산광역시,부산진구,기타 지역,25-29,20-29,청년,11,2,0.818182,11.11,1.01,0.0,5.555,11.11,0,7e-06,0.009325
26230,부산광역시,부산진구,기타 지역,30-34,30-39,청년,16,6,0.625,41.01,2.5631,0.0,5.45,41.01,0,2.4e-05,0.034421
26230,부산광역시,부산진구,기타 지역,35-39,30-39,청년,22,9,0.590909,399.84,18.1745,0.0,10.0,399.84,0,0.000237,0.335594
26230,부산광역시,부산진구,기타 지역,40-44,40-49,중장년,25,9,0.64,76.51,3.0604,0.0,6.9,76.51,0,4.5e-05,0.064216
26230,부산광역시,부산진구,기타 지역,45-49,40-49,중장년,49,19,0.612245,130.94,2.6722,0.0,6.37,130.94,0,7.7e-05,0.109901
26230,부산광역시,부산진구,기타 지역,50-54,50-59,중장년,22,9,0.590909,50.47,2.2941,0.0,5.28,50.47,0,3e-05,0.042361
26230,부산광역시,부산진구,기타 지역,55-59,50-59,중장년,10,8,0.2,43.3,4.33,3.865,5.1,43.3,0,2.6e-05,0.036343
26230,부산광역시,부산진구,기타 지역,60-64,60-69,중장년,14,4,0.714286,29.04,2.0743,0.0,6.15,29.04,0,1.7e-05,0.024374
26230,부산광역시,부산진구,기타 지역,65-69,60-69,고령,27,13,0.518519,150.67,5.5804,0.0,5.06,150.67,0,8.9e-05,0.12646
26230,부산광역시,부산진구,기타 지역,70-74,70-79,고령,16,4,0.75,40.21,2.5131,0.0,11.25,40.21,0,2.4e-05,0.033749
26230,부산광역시,부산진구,기타 지역,75-79,70-79,고령,21,2,0.904762,10.55,0.5024,0.0,5.275,10.55,0,6e-06,0.008855
26230,부산광역시,부산진구,기타 지역,80+,80+,고령,6,0,1.0,0.0,0.0,0.0,,0.0,0,0.0,0.0
26260,부산광역시,동래구,기타 지역,00-09,00-09,아동청소년,10,2,0.8,12.8,1.28,0.0,6.4,12.8,0,8e-06,0.010339
26260,부산광역시,동래구,기타 지역,10-14,10-19,아동청소년,27,8,0.703704,42.51,1.5744,0.0,4.0,42.51,0,2.5e-05,0.034337
26260,부산광역시,동래구,기타 지역,15-19,10-19,아동청소년,24,6,0.75,29.03,1.2096,0.0,4.46,29.03,0,1.7e-05,0.023449
26260,부산광역시,동래구,기타 지역,20-24,20-29,청년,38,17,0.552632,87.3,2.2974,0.0,4.1,87.3,0,5.2e-05,0.070516
26260,부산광역시,동래구,기타 지역,25-29,20-29,청년,17,7,0.588235,39.15,2.3029,0.0,6.0,39.15,0,2.3e-05,0.031623
26260,부산광역시,동래구,기타 지역,30-34,30-39,청년,16,6,0.625,35.51,2.2194,0.0,6.33,35.51,0,2.1e-05,0.028683
26260,부산광역시,동래구,기타 지역,35-39,30-39,청년,40,13,0.675,403.94,10.0985,0.0,6.18,403.94,0,0.000239,0.326279
26260,부산광역시,동래구,기타 지역,40-44,40-49,중장년,39,11,0.717949,53.56,1.3733,0.0,4.38,53.56,0,3.2e-05,0.043263
26260,부산광역시,동래구,기타 지역,45-49,40-49,중장년,24,12,0.5,86.49,3.6038,1.625,7.6,86.49,0,5.1e-05,0.069862
26260,부산광역시,동래구,기타 지역,50-54,50-59,중장년,32,12,0.625,80.28,2.5088,0.0,4.98,80.28,0,4.7e-05,0.064845
26260,부산광역시,동래구,기타 지역,55-59,50-59,중장년,12,6,0.5,27.86,2.3217,1.745,4.655,27.86,0,1.6e-05,0.022504
26260,부산광역시,동래구,기타 지역,60-64,60-69,중장년,16,7,0.5625,81.57,5.0981,0.0,6.0,81.57,0,4.8e-05,0.065887
26260,부산광역시,동래구,기타 지역,65-69,60-69,고령,27,11,0.592593,86.7,3.2111,0.0,5.26,86.7,0,5.1e-05,0.070031
26260,부산광역시,동래구,기타 지역,70-74,70-79,고령,6,1,0.833333,3.1,0.5167,0.0,3.1,3.1,0,2e-06,0.002504
26260,부산광역시,동래구,기타 지역,75-79,70-79,고령,22,2,0.909091,162.22,7.3736,0.0,81.11,162.22,0,9.6e-05,0.131032
26260,부산광역시,동래구,기타 지역,80+,80+,고령,15,1,0.933333,6.0,0.4,0.0,6.0,6.0,0,4e-06,0.004846
26290,부산광역시,남구,기타 지역,00-09,00-09,아동청소년,34,5,0.852941,30.25,0.8897,0.0,6.46,30.25,0,1.8e-05,0.013468
26290,부산광역시,남구,기타 지역,10-14,10-19,아동청소년,41,10,0.756098,56.58,1.38,0.0,4.475,56.58,0,3.3e-05,0.025191
26290,부산광역시,남구,기타 지역,15-19,10-19,아동청소년,10,5,0.5,26.32,2.632,2.0,5.11,26.32,0,1.6e-05,0.011718
26290,부산광역시,남구,기타 지역,20-24,20-29,청년,55,19,0.654545,203.59,3.7016,0.0,4.93,203.59,0,0.00012,0.090644
26290,부산광역시,남구,기타 지역,25-29,20-29,청년,73,35,0.520548,302.29,4.141,0.0,4.69,302.29,0,0.000179,0.134589
26290,부산광역시,남구,기타 지역,30-34,30-39,청년,43,14,0.674419,97.05,2.257,0.0,6.955,97.05,0,5.7e-05,0.04321
26290,부산광역시,남구,기타 지역,35-39,30-39,청년,26,16,0.384615,119.25,4.5865,4.215,7.465,119.25,0,7.1e-05,0.053094
26290,부산광역시,남구,기타 지역,40-44,40-49,중장년,65,26,0.6,224.84,3.4591,0.0,6.09,224.84,0,0.000133,0.100106
26290,부산광역시,남구,기타 지역,45-49,40-49,중장년,101,44,0.564356,494.88,4.8998,0.0,6.205,494.88,0,0.000293,0.220335
26290,부산광역시,남구,기타 지역,50-54,50-59,중장년,61,23,0.622951,156.16,2.56,0.0,6.51,156.16,0,9.2e-05,0.069527
26290,부산광역시,남구,기타 지역,55-59,50-59,중장년,41,26,0.365854,133.45,3.2549,4.0,4.28,133.45,0,7.9e-05,0.059416
26290,부산광역시,남구,기타 지역,60-64,60-69,중장년,49,14,0.714286,130.95,2.6724,0.0,8.08,130.95,0,7.7e-05,0.058303
26290,부산광역시,남구,기타 지역,65-69,60-69,고령,28,17,0.392857,104.3,3.725,4.52,6.0,104.3,0,6.2e-05,0.046437
26290,부산광역시,남구,기타 지역,70-74,70-79,고령,54,14,0.740741,105.0,1.9444,0.0,5.45,105.0,0,6.2e-05,0.046749
26290,부산광역시,남구,기타 지역,75-79,70-79,고령,41,7,0.829268,52.68,1.2849,0.0,5.24,52.68,0,3.1e-05,0.023455
26290,부산광역시,남구,기타 지역,80+,80+,고령,38,1,0.973684,8.44,0.2221,0.0,8.44,8.44,0,5e-06,0.003758
26320,부산광역시,북구,기타 지역,00-09,00-09,아동청소년,17,3,0.823529,38.7,2.2765,0.0,11.7,38.7,0,2.3e-05,0.011077
26320,부산광역시,북구,기타 지역,10-14,10-19,아동청소년,24,8,0.666667,70.6,2.9417,0.0,7.32,70.6,0,4.2e-05,0.020208
26320,부산광역시,북구,기타 지역,15-19,10-19,아동청소년,22,9,0.590909,83.01,3.7732,0.0,5.11,83.01,0,4.9e-05,0.02376
26320,부산광역시,북구,기타 지역,20-24,20-29,청년,47,18,0.617021,245.17,5.2164,0.0,7.445,245.17,0,0.000145,0.070176
26320,부산광역시,북구,기타 지역,25-29,20-29,청년,13,7,0.461538,34.29,2.6377,3.96,4.56,34.29,0,2e-05,0.009815
26320,부산광역시,북구,기타 지역,30-34,30-39,청년,23,16,0.304348,85.36,3.7113,4.0,4.055,85.36,0,5.1e-05,0.024433
26320,부산광역시,북구,기타 지역,35-39,30-39,청년,36,15,0.583333,189.58,5.2661,0.0,6.49,189.58,0,0.000112,0.054264
26320,부산광역시,북구,기타 지역,40-44,40-49,중장년,42,21,0.5,153.72,3.66,1.66,5.08,153.72,0,9.1e-05,0.044
26320,부산광역시,북구,기타 지역,45-49,40-49,중장년,48,27,0.4375,1231.0,25.6458,3.26,5.7,1231.0,0,0.000728,0.352354
26320,부산광역시,북구,기타 지역,50-54,50-59,중장년,29,13,0.551724,86.85,2.9948,0.0,6.44,86.85,0,5.1e-05,0.024859
26320,부산광역시,북구,기타 지역,55-59,50-59,중장년,59,35,0.40678,824.5,13.9746,3.8,5.61,824.5,0,0.000488,0.236
26320,부산광역시,북구,기타 지역,60-64,60-69,중장년,22,8,0.636364,94.52,4.2964,0.0,11.805,94.52,0,5.6e-05,0.027055
26320,부산광역시,북구,기타 지역,65-69,60-69,고령,37,22,0.405405,123.19,3.3295,4.0,4.56,123.19,0,7.3e-05,0.035261
26320,부산광역시,북구,기타 지역,70-74,70-79,고령,47,16,0.659574,102.03,2.1709,0.0,5.065,102.03,0,6e-05,0.029204
26320,부산광역시,북구,기타 지역,75-79,70-79,고령,5,5,0.0,39.37,7.874,7.24,7.24,39.37,0,2.3e-05,0.011269
26320,부산광역시,북구,기타 지역,80+,80+,고령,22,7,0.681818,91.76,4.1709,0.0,9.1,91.76,0,5.4e-05,0.026265
26350,부산광역시,해운대구,기타 지역,00-09,00-09,아동청소년,16,1,0.9375,5.04,0.315,0.0,5.04,5.04,0,3e-06,0.003634
26350,부산광역시,해운대구,기타 지역,10-14,10-19,아동청소년,52,13,0.75,112.69,2.1671,0.0,4.83,112.69,0,6.7e-05,0.081261
26350,부산광역시,해운대구,기타 지역,15-19,10-19,아동청소년,25,7,0.72,39.47,1.5788,0.0,6.0,39.47,0,2.3e-05,0.028462
26350,부산광역시,해운대구,기타 지역,20-24,20-29,청년,52,23,0.557692,147.64,2.8392,0.0,4.93,147.64,0,8.7e-05,0.106464
26350,부산광역시,해운대구,기타 지역,25-29,20-29,청년,29,14,0.517241,109.9,3.7897,0.0,5.66,109.9,0,6.5e-05,0.079249
26350,부산광역시,해운대구,기타 지역,30-34,30-39,청년,22,8,0.636364,56.91,2.5868,0.0,5.37,56.91,0,3.4e-05,0.041038
26350,부산광역시,해운대구,기타 지역,35-39,30-39,청년,29,15,0.482759,188.86,6.5124,3.64,9.23,188.86,0,0.000112,0.136188
26350,부산광역시,해운대구,기타 지역,40-44,40-49,중장년,28,12,0.571429,100.82,3.6007,0.0,5.96,100.82,0,6e-05,0.072702
26350,부산광역시,해운대구,기타 지역,45-49,40-49,중장년,37,9,0.756757,78.33,2.117,0.0,8.53,78.33,0,4.6e-05,0.056484
26350,부산광역시,해운대구,기타 지역,50-54,50-59,중장년,40,20,0.5,140.6,3.515,1.56,5.39,140.6,0,8.3e-05,0.101387
26350,부산광역시,해운대구,기타 지역,55-59,50-59,중장년,65,21,0.676923,157.19,2.4183,0.0,5.04,157.19,0,9.3e-05,0.113351
26350,부산광역시,해운대구,기타 지역,60-64,60-69,중장년,9,3,0.666667,39.65,4.4056,0.0,11.92,39.65,0,2.3e-05,0.028592
26350,부산광역시,해운대구,기타 지역,65-69,60-69,고령,27,9,0.666667,69.47,2.573,0.0,5.68,69.47,0,4.1e-05,0.050095
26350,부산광역시,해운대구,기타 지역,70-74,70-79,고령,25,8,0.68,117.04,4.6816,0.0,11.925,117.04,0,6.9e-05,0.084398
26350,부산광역시,해운대구,기타 지역,75-79,70-79,고령,4,0,1.0,0.0,0.0,0.0,,0.0,0,0.0,0.0
26350,부산광역시,해운대구,기타 지역,80+,80+,고령,17,2,0.882353,23.15,1.3618,0.0,11.575,23.15,0,1.4e-05,0.016694
26380,부산광역시,사하구,기타 지역,00-09,00-09,아동청소년,59,9,0.847458,54.7,0.9271,0.0,5.94,54.7,0,3.2e-05,0.058438
26380,부산광역시,사하구,기타 지역,10-14,10-19,아동청소년,38,7,0.815789,64.05,1.6855,0.0,8.8,64.05,0,3.8e-05,0.068427
26380,부산광역시,사하구,기타 지역,15-19,10-19,아동청소년,16,2,0.875,12.56,0.785,0.0,6.28,12.56,0,7e-06,0.013418
26380,부산광역시,사하구,기타 지역,20-24,20-29,청년,37,10,0.72973,152.91,4.1327,0.0,6.0,152.91,0,9e-05,0.16336
26380,부산광역시,사하구,기타 지역,25-29,20-29,청년,8,3,0.625,15.07,1.8838,0.0,4.42,15.07,0,9e-06,0.0161
26380,부산광역시,사하구,기타 지역,30-34,30-39,청년,14,4,0.714286,26.1,1.8643,0.0,7.21,26.1,0,1.5e-05,0.027884
26380,부산광역시,사하구,기타 지역,35-39,30-39,청년,18,6,0.666667,111.19,6.1772,0.0,15.615,111.19,0,6.6e-05,0.118789
26380,부산광역시,사하구,기타 지역,40-44,40-49,중장년,27,5,0.814815,47.37,1.7544,0.0,9.53,47.37,0,2.8e-05,0.050607
26380,부산광역시,사하구,기타 지역,45-49,40-49,중장년,25,8,0.68,91.72,3.6688,0.0,9.29,91.72,0,5.4e-05,0.097988
26380,부산광역시,사하구,기타 지역,50-54,50-59,중장년,45,13,0.711111,144.31,3.2069,0.0,6.59,144.31,0,8.5e-05,0.154172
26380,부산광역시,사하구,기타 지역,55-59,50-59,중장년,16,6,0.625,35.38,2.2112,0.0,5.125,35.38,0,2.1e-05,0.037798
26380,부산광역시,사하구,기타 지역,60-64,60-69,중장년,33,7,0.787879,114.52,3.4703,0.0,6.0,114.52,0,6.8e-05,0.122347
26380,부산광역시,사하구,기타 지역,65-69,60-69,고령,18,3,0.833333,18.01,1.0006,0.0,4.6,18.01,0,1.1e-05,0.019241
26380,부산광역시,사하구,기타 지역,70-74,70-79,고령,25,0,1.0,0.0,0.0,0.0,,0.0,0,0.0,0.0
26380,부산광역시,사하구,기타 지역,75-79,70-79,고령,12,3,0.75,38.39,3.1992,0.0,10.15,38.39,0,2.3e-05,0.041014
26380,부산광역시,사하구,기타 지역,80+,80+,고령,22,1,0.954545,9.75,0.4432,0.0,9.75,9.75,0,6e-06,0.010416
26410,부산광역시,금정구,기타 지역,00-09,00-09,아동청소년,3,0,1.0,0.0,0.0,0.0,,0.0,0,0.0,0.0
26410,부산광역시,금정구,기타 지역,10-14,10-19,아동청소년,17,3,0.823529,33.92,1.9953,0.0,9.46,33.92,0,2e-05,0.007452
26410,부산광역시,금정구,기타 지역,15-19,10-19,아동청소년,10,1,0.9,3.41,0.341,0.0,3.41,3.41,0,2e-06,0.000749
26410,부산광역시,금정구,기타 지역,20-24,20-29,청년,34,15,0.558824,135.16,3.9753,0.0,6.7,135.16,0,8e-05,0.029696
26410,부산광역시,금정구,기타 지역,25-29,20-29,청년,17,9,0.470588,56.32,3.3129,4.1,5.41,56.32,0,3.3e-05,0.012374
26410,부산광역시,금정구,기타 지역,30-34,30-39,청년,7,2,0.714286,39.02,5.5743,0.0,19.51,39.02,0,2.3e-05,0.008573
26410,부산광역시,금정구,기타 지역,35-39,30-39,청년,11,5,0.545455,3118.39,283.49,0.0,13.12,3118.39,0,0.001845,0.68513
26410,부산광역시,금정구,기타 지역,40-44,40-49,중장년,39,12,0.692308,63.22,1.621,0.0,5.29,63.22,0,3.7e-05,0.01389
26410,부산광역시,금정구,기타 지역,45-49,40-49,중장년,30,19,0.366667,143.48,4.7827,4.165,6.54,143.48,0,8.5e-05,0.031523
26410,부산광역시,금정구,기타 지역,50-54,50-59,중장년,14,4,0.714286,37.16,2.6543,0.0,9.135,37.16,0,2.2e-05,0.008164
26410,부산광역시,금정구,기타 지역,55-59,50-59,중장년,19,11,0.421053,529.93,27.8911,4.0,6.63,529.93,0,0.000314,0.116429
26410,부산광역시,금정구,기타 지역,60-64,60-69,중장년,17,7,0.588235,177.88,10.4635,0.0,6.0,177.88,0,0.000105,0.039081
26410,부산광역시,금정구,기타 지역,65-69,60-69,고령,21,5,0.761905,32.43,1.5443,0.0,4.87,32.43,0,1.9e-05,0.007125
26410,부산광역시,금정구,기타 지역,70-74,70-79,고령,37,8,0.783784,108.68,2.9373,0.0,9.82,108.68,0,6.4e-05,0.023878
26410,부산광역시,금정구,기타 지역,75-79,70-79,고령,29,6,0.793103,68.36,2.3572,0.0,11.24,68.36,0,4e-05,0.015019
26410,부산광역시,금정구,기타 지역,80+,80+,고령,17,1,0.941176,4.17,0.2453,0.0,4.17,4.17,0,2e-06,0.000916
26440,부산광역시,강서구,기타 지역,00-09,00-09,아동청소년,12,0,1.0,0.0,0.0,0.0,,0.0,0,0.0,0.0
26440,부산광역시,강서구,기타 지역,10-14,10-19,아동청소년,23,3,0.869565,28.21,1.2265,0.0,4.76,28.21,0,1.7e-05,0.042759
26440,부산광역시,강서구,기타 지역,15-19,10-19,아동청소년,1,1,0.0,16.77,16.77,16.77,16.77,16.77,0,1e-05,0.025419
26440,부산광역시,강서구,기타 지역,20-24,20-29,청년,23,10,0.565217,136.34,5.9278,0.0,4.825,136.34,0,8.1e-05,0.206657
26440,부산광역시,강서구,기타 지역,25-29,20-29,청년,24,4,0.833333,24.83,1.0346,0.0,5.445,24.83,0,1.5e-05,0.037636
26440,부산광역시,강서구,기타 지역,30-34,30-39,청년,26,3,0.884615,29.14,1.1208,0.0,4.51,29.14,0,1.7e-05,0.044169
26440,부산광역시,강서구,기타 지역,35-39,30-39,청년,20,10,0.5,102.89,5.1445,2.32,9.985,102.89,0,6.1e-05,0.155955
26440,부산광역시,강서구,기타 지역,40-44,40-49,중장년,33,7,0.787879,47.52,1.44,0.0,6.04,47.52,0,2.8e-05,0.072028
26440,부산광역시,강서구,기타 지역,45-49,40-49,중장년,11,4,0.636364,30.55,2.7773,0.0,6.86,30.55,0,1.8e-05,0.046306
26440,부산광역시,강서구,기타 지역,50-54,50-59,중장년,20,9,0.55,95.82,4.791,0.0,9.49,95.82,0,5.7e-05,0.145239
26440,부산광역시,강서구,기타 지역,55-59,50-59,중장년,2,0,1.0,0.0,0.0,0.0,,0.0,0,0.0,0.0
26440,부산광역시,강서구,기타 지역,60-64,60-69,중장년,30,5,0.833333,42.03,1.401,0.0,4.93,42.03,0,2.5e-05,0.063707
26440,부산광역시,강서구,기타 지역,65-69,60-69,고령,24,7,0.708333,82.5,3.4375,0.0,5.15,82.5,0,4.9e-05,0.125049
26440,부산광역시,강서구,기타 지역,70-74,70-79,고령,16,1,0.9375,13.0,0.8125,0.0,13.0,13.0,0,8e-06,0.019705
26440,부산광역시,강서구,기타 지역,75-79,70-79,고령,8,1,0.875,10.14,1.2675,0.0,10.14,10.14,0,6e-06,0.01537
26440,부산광역시,강서구,기타 지역,80+,80+,고령,13,0,1.0,0.0,0.0,0.0,,0.0,0,0.0,0.0
26470,부산광역시,연제구,기타 지역,00-09,00-09,아동청소년,5,1,0.8,7.01,1.402,0.0,7.01,7.01,0,4e-06,0.019229
26470,부산광역시,연제구,기타 지역,10-14,10-19,아동청소년,48,4,0.916667,39.85,0.8302,0.0,11.33,39.85,0,2.4e-05,0.109313
26470,부산광역시,연제구,기타 지역,15-19,10-19,아동청소년,1,1,0.0,4.98,4.98,4.98,4.98,4.98,0,3e-06,0.013661
26470,부산광역시,연제구,기타 지역,20-24,20-29,청년,22,10,0.545455,61.25,2.7841,0.0,4.26,61.25,0,3.6e-05,0.168015
26470,부산광역시,연제구,기타 지역,25-29,20-29,청년,14,2,0.857143,12.59,0.8993,0.0,6.295,12.59,0,7e-06,0.034536
26470,부산광역시,연제구,기타 지역,30-34,30-39,청년,23,6,0.73913,43.17,1.877,0.0,6.97,43.17,0,2.6e-05,0.11842
26470,부산광역시,연제구,기타 지역,35-39,30-39,청년,33,4,0.878788,22.1,0.6697,0.0,4.26,22.1,0,1.3e-05,0.060623
26470,부산광역시,연제구,기타 지역,40-44,40-49,중장년,32,7,0.78125,44.22,1.3819,0.0,4.0,44.22,0,2.6e-05,0.1213
26470,부산광역시,연제구,기타 지역,45-49,40-49,중장년,22,6,0.727273,37.99,1.7268,0.0,6.2,37.99,0,2.2e-05,0.104211
26470,부산광역시,연제구,기타 지역,50-54,50-59,중장년,28,5,0.821429,25.5,0.9107,0.0,4.86,25.5,0,1.5e-05,0.069949
26470,부산광역시,연제구,기타 지역,55-59,50-59,중장년,27,10,0.62963,56.9,2.1074,0.0,5.01,56.9,0,3.4e-05,0.156083
26470,부산광역시,연제구,기타 지역,60-64,60-69,중장년,3,0,1.0,0.0,0.0,0.0,,0.0,0,0.0,0.0
26470,부산광역시,연제구,기타 지역,65-69,60-69,고령,9,0,1.0,0.0,0.0,0.0,,0.0,0,0.0,0.0
26470,부산광역시,연제구,기타 지역,70-74,70-79,고령,10,2,0.8,8.99,0.899,0.0,4.495,8.99,0,5e-06,0.024661
26470,부산광역시,연제구,기타 지역,75-79,70-79,고령,7,0,1.0,0.0,0.0,0.0,,0.0,0,0.0,0.0
26470,부산광역시,연제구,기타 지역,80+,80+,고령,17,0,1.0,0.0,0.0,0.0,,0.0,0,0.0,0.0
26500,부산광역시,수영구,기타 지역,00-09,00-09,아동청소년,3,0,1.0,0.0,0.0,0.0,,0.0,0,0.0,0.0
26500,부산광역시,수영구,기타 지역,10-14,10-19,아동청소년,29,6,0.793103,49.24,1.6979,0.0,6.565,49.24,0,2.9e-05,0.009311
26500,부산광역시,수영구,기타 지역,15-19,10-19,아동청소년,19,3,0.842105,35.87,1.8879,0.0,9.09,35.87,0,2.1e-05,0.006783
26500,부산광역시,수영구,기타 지역,20-24,20-29,청년,22,7,0.681818,3068.45,139.475,0.0,4.62,3068.45,0,0.001815,0.580207
26500,부산광역시,수영구,기타 지역,25-29,20-29,청년,9,1,0.888889,12.26,1.3622,0.0,12.26,12.26,0,7e-06,0.002318
26500,부산광역시,수영구,기타 지역,30-34,30-39,청년,8,3,0.625,21.71,2.7138,0.0,7.71,21.71,0,1.3e-05,0.004105
26500,부산광역시,수영구,기타 지역,35-39,30-39,청년,13,3,0.769231,267.38,20.5677,0.0,6.0,267.38,0,0.000158,0.050558
26500,부산광역시,수영구,기타 지역,40-44,40-49,중장년,11,3,0.727273,160.96,14.6327,0.0,18.28,160.96,0,9.5e-05,0.030436
26500,부산광역시,수영구,기타 지역,45-49,40-49,중장년,5,1,0.8,4.68,0.936,0.0,4.68,4.68,0,3e-06,0.000885
26500,부산광역시,수영구,기타 지역,50-54,50-59,중장년,13,3,0.769231,26.46,2.0354,0.0,4.42,26.46,0,1.6e-05,0.005003
26500,부산광역시,수영구,기타 지역,55-59,50-59,중장년,6,4,0.333333,18.53,3.0883,3.75,4.675,18.53,0,1.1e-05,0.003504
26500,부산광역시,수영구,기타 지역,60-64,60-69,중장년,27,3,0.888889,14.02,0.5193,0.0,4.63,14.02,0,8e-06,0.002651
26500,부산광역시,수영구,기타 지역,65-69,60-69,고령,15,7,0.533333,62.71,4.1807,0.0,7.53,62.71,0,3.7e-05,0.011858
26500,부산광역시,수영구,기타 지역,70-74,70-79,고령,3,0,1.0,0.0,0.0,0.0,,0.0,0,0.0,0.0
26500,부산광역시,수영구,기타 지역,75-79,70-79,고령,8,1,0.875,1542.27,192.7838,0.0,1542.27,1542.27,0,0.000913,0.291625
26500,부산광역시,수영구,기타 지역,80+,80+,고령,29,1,0.965517,4.0,0.1379,0.0,4.0,4.0,0,2e-06,0.000756
26530,부산광역시,사상구,기타 지역,00-09,00-09,아동청소년,20,3,0.85,21.91,1.0955,0.0,6.98,21.91,0,1.3e-05,0.015952
26530,부산광역시,사상구,기타 지역,10-14,10-19,아동청소년,27,4,0.851852,18.82,0.697,0.0,4.455,18.82,0,1.1e-05,0.013703
26530,부산광역시,사상구,기타 지역,15-19,10-19,아동청소년,23,10,0.565217,153.96,6.6939,0.0,8.125,153.96,0,9.1e-05,0.112096
26530,부산광역시,사상구,기타 지역,20-24,20-29,청년,34,11,0.676471,84.15,2.475,0.0,7.44,84.15,0,5e-05,0.061268
26530,부산광역시,사상구,기타 지역,25-29,20-29,청년,16,5,0.6875,41.3,2.5812,0.0,6.0,41.3,0,2.4e-05,0.03007
26530,부산광역시,사상구,기타 지역,30-34,30-39,청년,17,5,0.705882,21.55,1.2676,0.0,4.0,21.55,0,1.3e-05,0.01569
26530,부산광역시,사상구,기타 지역,35-39,30-39,청년,43,11,0.744186,229.1,5.3279,0.0,12.05,229.1,0,0.000136,0.166804
26530,부산광역시,사상구,기타 지역,40-44,40-49,중장년,26,10,0.615385,52.85,2.0327,0.0,5.02,52.85,0,3.1e-05,0.038479
26530,부산광역시,사상구,기타 지역,45-49,40-49,중장년,50,18,0.64,116.46,2.3292,0.0,6.62,116.46,0,6.9e-05,0.084793
26530,부산광역시,사상구,기타 지역,50-54,50-59,중장년,20,3,0.85,16.86,0.843,0.0,4.0,16.86,0,1e-05,0.012275
26530,부산광역시,사상구,기타 지역,55-59,50-59,중장년,16,8,0.5,40.66,2.5413,1.885,4.54,40.66,0,2.4e-05,0.029604
26530,부산광역시,사상구,기타 지역,60-64,60-69,중장년,23,5,0.782609,121.84,5.2974,0.0,4.51,121.84,0,7.2e-05,0.08871
26530,부산광역시,사상구,기타 지역,65-69,60-69,고령,17,5,0.705882,37.56,2.2094,0.0,8.17,37.56,0,2.2e-05,0.027347
26530,부산광역시,사상구,기타 지역,70-74,70-79,고령,22,3,0.863636,12.04,0.5473,0.0,4.14,12.04,0,7e-06,0.008766
26530,부산광역시,사상구,기타 지역,75-79,70-79,고령,10,0,1.0,0.0,0.0,0.0,,0.0,0,0.0,0.0
26530,부산광역시,사상구,기타 지역,80+,80+,고령,17,2,0.882353,404.41,23.7888,0.0,202.205,404.41,0,0.000239,0.294444
26710,부산광역시,기장군,기타 지역,00-09,00-09,아동청소년,5,3,0.4,23.82,4.764,3.17,8.65,23.82,0,1.4e-05,0.012192
26710,부산광역시,기장군,기타 지역,10-14,10-19,아동청소년,8,4,0.5,40.66,5.0825,3.435,9.055,40.66,0,2.4e-05,0.020812
26710,부산광역시,기장군,기타 지역,15-19,10-19,아동청소년,21,3,0.857143,12.77,0.6081,0.0,4.7,12.77,0,8e-06,0.006536
26710,부산광역시,기장군,기타 지역,20-24,20-29,청년,20,11,0.45,150.6,7.53,3.625,9.85,150.6,0,8.9e-05,0.077085
26710,부산광역시,기장군,기타 지역,25-29,20-29,청년,15,3,0.8,36.61,2.4407,0.0,11.6,36.61,0,2.2e-05,0.018739
26710,부산광역시,기장군,기타 지역,30-34,30-39,청년,13,4,0.692308,22.22,1.7092,0.0,5.635,22.22,0,1.3e-05,0.011373
26710,부산광역시,기장군,기타 지역,35-39,30-39,청년,49,16,0.673469,657.98,13.4282,0.0,9.495,657.98,0,0.000389,0.336787
26710,부산광역시,기장군,기타 지역,40-44,40-49,중장년,19,6,0.684211,44.26,2.3295,0.0,5.135,44.26,0,2.6e-05,0.022654
26710,부산광역시,기장군,기타 지역,45-49,40-49,중장년,20,6,0.7,52.41,2.6205,0.0,8.895,52.41,0,3.1e-05,0.026826
26710,부산광역시,기장군,기타 지역,50-54,50-59,중장년,12,3,0.75,13.44,1.12,0.0,4.72,13.44,0,8e-06,0.006879
26710,부산광역시,기장군,기타 지역,55-59,50-59,중장년,6,3,0.5,19.21,3.2017,2.125,6.33,19.21,0,1.1e-05,0.009833
26710,부산광역시,기장군,기타 지역,60-64,60-69,중장년,12,1,0.916667,41.59,3.4658,0.0,41.59,41.59,0,2.5e-05,0.021288
26710,부산광역시,기장군,기타 지역,65-69,60-69,고령,42,13,0.690476,56.95,1.356,0.0,4.0,56.95,0,3.4e-05,0.02915
26710,부산광역시,기장군,기타 지역,70-74,70-79,고령,14,1,0.928571,5.75,0.4107,0.0,5.75,5.75,0,3e-06,0.002943
26710,부산광역시,기장군,기타 지역,75-79,70-79,고령,26,2,0.923077,10.85,0.4173,0.0,5.425,10.85,0,6e-06,0.005554
26710,부산광역시,기장군,기타 지역,80+,80+,고령,17,1,0.941176,764.58,44.9753,0.0,764.58,764.58,0,0.000452,0.39135
27110,대구광역시,중구,대구,00-09,00-09,아동청소년,4,3,0.25,34.16,8.54,9.73,10.26,34.16,0,2e-05,0.044248
27110,대구광역시,중구,대구,10-14,10-19,아동청소년,8,4,0.5,42.98,5.3725,1.5,11.49,42.98,0,2.5e-05,0.055673
27110,대구광역시,중구,대구,15-19,10-19,아동청소년,2,2,0.0,13.08,6.54,6.54,6.54,13.08,0,8e-06,0.016943
27110,대구광역시,중구,대구,20-24,20-29,청년,25,9,0.64,80.23,3.2092,0.0,4.2,80.23,0,4.7e-05,0.103924
27110,대구광역시,중구,대구,25-29,20-29,청년,6,4,0.333333,33.67,5.6117,4.43,5.77,33.67,0,2e-05,0.043613
27110,대구광역시,중구,대구,30-34,30-39,청년,7,2,0.714286,29.08,4.1543,0.0,14.54,29.08,0,1.7e-05,0.037668
27110,대구광역시,중구,대구,35-39,30-39,청년,17,7,0.588235,110.9,6.5235,0.0,13.08,110.9,0,6.6e-05,0.143651
27110,대구광역시,중구,대구,40-44,40-49,중장년,7,4,0.428571,67.49,9.6414,3.79,10.705,67.49,0,4e-05,0.087421
27110,대구광역시,중구,대구,45-49,40-49,중장년,32,15,0.53125,145.94,4.5606,0.0,7.93,145.94,0,8.6e-05,0.189039
27110,대구광역시,중구,대구,50-54,50-59,중장년,14,8,0.428571,87.89,6.2779,4.63,7.55,87.89,0,5.2e-05,0.113846
27110,대구광역시,중구,대구,55-59,50-59,중장년,1,1,0.0,3.26,3.26,3.26,3.26,3.26,0,2e-06,0.004223
27110,대구광역시,중구,대구,60-64,60-69,중장년,4,2,0.5,15.57,3.8925,2.415,7.785,15.57,0,9e-06,0.020168
27110,대구광역시,중구,대구,65-69,60-69,고령,13,4,0.692308,56.51,4.3469,0.0,14.825,56.51,0,3.3e-05,0.073199
27110,대구광역시,중구,대구,70-74,70-79,고령,3,0,1.0,0.0,0.0,0.0,,0.0,0,0.0,0.0
27110,대구광역시,중구,대구,75-79,70-79,고령,7,2,0.714286,51.25,7.3214,0.0,25.625,51.25,0,3e-05,0.066385
27110,대구광역시,중구,대구,80+,80+,고령,4,0,1.0,0.0,0.0,0.0,,0.0,0,0.0,0.0
27140,대구광역시,동구,대구,00-09,00-09,아동청소년,6,6,0.0,288.54,48.09,12.07,12.07,288.54,0,0.000171,0.006282
27140,대구광역시,동구,대구,10-14,10-19,아동청소년,26,19,0.269231,10203.84,392.4554,26.085,30.99,10203.84,0,0.006037,0.222141
27140,대구광역시,동구,대구,15-19,10-19,아동청소년,6,4,0.333333,182.59,30.4317,19.52,42.685,182.59,0,0.000108,0.003975
27140,대구광역시,동구,대구,20-24,20-29,청년,26,20,0.230769,1079.94,41.5362,15.435,20.08,1079.94,0,0.000639,0.023511
27140,대구광역시,동구,대구,25-29,20-29,청년,12,9,0.25,2493.56,207.7967,14.73,18.92,2493.56,0,0.001475,0.054286
27140,대구광역시,동구,대구,30-34,30-39,청년,16,14,0.125,2835.71,177.2319,8.14,10.11,2835.71,0,0.001678,0.061734
27140,대구광역시,동구,대구,35-39,30-39,청년,30,26,0.133333,3798.04,126.6013,32.235,35.82,3798.04,0,0.002247,0.082685
27140,대구광역시,동구,대구,40-44,40-49,중장년,33,28,0.151515,7204.23,218.31,10.0,12.785,7204.23,0,0.004262,0.156838
27140,대구광역시,동구,대구,45-49,40-49,중장년,21,18,0.142857,686.6,32.6952,9.87,11.645,686.6,0,0.000406,0.014948
27140,대구광역시,동구,대구,50-54,50-59,중장년,17,11,0.352941,2195.13,129.1253,4.0,13.86,2195.13,0,0.001299,0.047789
27140,대구광역시,동구,대구,55-59,50-59,중장년,10,8,0.2,220.35,22.035,16.9,31.835,220.35,0,0.00013,0.004797
27140,대구광역시,동구,대구,60-64,60-69,중장년,16,13,0.1875,11769.61,735.6006,82.785,237.6,11769.61,0,0.006964,0.256228
27140,대구광역시,동구,대구,65-69,60-69,고령,8,4,0.5,560.57,70.0713,12.195,60.245,560.57,0,0.000332,0.012204
27140,대구광역시,동구,대구,70-74,70-79,고령,5,4,0.2,87.9,17.58,10.38,17.215,87.9,0,5.2e-05,0.001914
27140,대구광역시,동구,대구,75-79,70-79,고령,38,22,0.421053,502.22,13.2163,6.145,16.735,502.22,0,0.000297,0.010933
27140,대구광역시,동구,대구,80+,80+,고령,13,9,0.307692,1825.26,140.4046,45.76,97.89,1825.26,0,0.00108,0.039737
27170,대구광역시,서구,대구,00-09,00-09,아동청소년,18,7,0.611111,98.34,5.4633,0.0,7.54,98.34,0,5.8e-05,0.015557
27170,대구광역시,서구,대구,10-14,10-19,아동청소년,24,5,0.791667,62.55,2.6062,0.0,12.07,62.55,0,3.7e-05,0.009895
27170,대구광역시,서구,대구,15-19,10-19,아동청소년,13,9,0.307692,168.45,12.9577,5.76,7.64,168.45,0,0.0001,0.026648
27170,대구광역시,서구,대구,20-24,20-29,청년,65,28,0.569231,257.77,3.9657,0.0,8.295,257.77,0,0.000153,0.040779
27170,대구광역시,서구,대구,25-29,20-29,청년,13,9,0.307692,86.51,6.6546,8.17,9.8,86.51,0,5.1e-05,0.013686
27170,대구광역시,서구,대구,30-34,30-39,청년,19,8,0.578947,36.95,1.9447,0.0,4.195,36.95,0,2.2e-05,0.005845
27170,대구광역시,서구,대구,35-39,30-39,청년,31,21,0.322581,324.46,10.4665,6.29,12.64,324.46,0,0.000192,0.051329
27170,대구광역시,서구,대구,40-44,40-49,중장년,56,38,0.321429,400.71,7.1555,5.295,7.7,400.71,0,0.000237,0.063392
27170,대구광역시,서구,대구,45-49,40-49,중장년,53,37,0.301887,306.44,5.7819,6.35,7.89,306.44,0,0.000181,0.048478
27170,대구광역시,서구,대구,50-54,50-59,중장년,30,15,0.5,189.99,6.333,2.15,9.2,189.99,0,0.000112,0.030056
27170,대구광역시,서구,대구,55-59,50-59,중장년,12,9,0.25,588.09,49.0075,8.995,14.54,588.09,0,0.000348,0.093035
27170,대구광역시,서구,대구,60-64,60-69,중장년,5,1,0.8,3.7,0.74,0.0,3.7,3.7,0,2e-06,0.000585
27170,대구광역시,서구,대구,65-69,60-69,고령,28,9,0.678571,90.87,3.2454,0.0,9.03,90.87,0,5.4e-05,0.014375
27170,대구광역시,서구,대구,70-74,70-79,고령,20,10,0.5,518.19,25.9095,1.55,6.595,518.19,0,0.000307,0.081977
27170,대구광역시,서구,대구,75-79,70-79,고령,22,14,0.363636,3020.57,137.2986,4.67,7.31,3020.57,0,0.001787,0.477848
27170,대구광역시,서구,대구,80+,80+,고령,17,5,0.705882,167.6,9.8588,0.0,8.86,167.6,0,9.9e-05,0.026514
27200,대구광역시,남구,대구,00-09,00-09,아동청소년,32,15,0.53125,192.02,6.0006,0.0,8.06,192.02,0,0.000114,0.076099
27200,대구광역시,남구,대구,10-14,10-19,아동청소년,24,15,0.375,127.21,5.3004,3.51,6.37,127.21,0,7.5e-05,0.050414
27200,대구광역시,남구,대구,15-19,10-19,아동청소년,13,8,0.384615,48.34,3.7185,3.7,4.395,48.34,0,2.9e-05,0.019157
27200,대구광역시,남구,대구,20-24,20-29,청년,41,26,0.365854,242.33,5.9105,4.0,6.745,242.33,0,0.000143,0.096037
27200,대구광역시,남구,대구,25-29,20-29,청년,37,23,0.378378,186.24,5.0335,4.0,5.7,186.24,0,0.00011,0.073808
27200,대구광역시,남구,대구,30-34,30-39,청년,22,14,0.363636,112.06,5.0936,4.0,6.48,112.06,0,6.6e-05,0.04441
27200,대구광역시,남구,대구,35-39,30-39,청년,12,9,0.25,110.27,9.1892,8.215,9.82,110.27,0,6.5e-05,0.043701
27200,대구광역시,남구,대구,40-44,40-49,중장년,28,19,0.321429,123.44,4.4086,4.635,6.38,123.44,0,7.3e-05,0.04892
27200,대구광역시,남구,대구,45-49,40-49,중장년,48,26,0.458333,219.26,4.5679,3.085,6.105,219.26,0,0.00013,0.086894
27200,대구광역시,남구,대구,50-54,50-59,중장년,14,11,0.214286,150.41,10.7436,6.465,8.09,150.41,0,8.9e-05,0.059608
27200,대구광역시,남구,대구,55-59,50-59,중장년,30,23,0.233333,213.98,7.1327,4.025,4.28,213.98,0,0.000127,0.084802
27200,대구광역시,남구,대구,60-64,60-69,중장년,16,11,0.3125,78.37,4.8981,3.79,4.24,78.37,0,4.6e-05,0.031059
27200,대구광역시,남구,대구,65-69,60-69,고령,41,23,0.439024,689.47,16.8163,3.29,5.6,689.47,0,0.000408,0.273241
27200,대구광역시,남구,대구,70-74,70-79,고령,2,1,0.5,6.5,3.25,3.25,6.5,6.5,0,4e-06,0.002576
27200,대구광역시,남구,대구,75-79,70-79,고령,7,2,0.714286,6.73,0.9614,0.0,3.365,6.73,0,4e-06,0.002667
27200,대구광역시,남구,대구,80+,80+,고령,13,3,0.769231,16.67,1.2823,0.0,5.04,16.67,0,1e-05,0.006606
27230,대구광역시,북구,대구,00-09,00-09,아동청소년,7,3,0.571429,9383.39,1340.4843,0.0,4324.82,9383.39,0,0.005552,0.043746
27230,대구광역시,북구,대구,10-14,10-19,아동청소년,18,13,0.277778,6351.03,352.835,10.36,14.3,6351.03,0,0.003758,0.029609
27230,대구광역시,북구,대구,15-19,10-19,아동청소년,2,1,0.5,6.04,3.02,3.02,6.04,6.04,0,4e-06,2.8e-05
27230,대구광역시,북구,대구,20-24,20-29,청년,25,19,0.24,24696.03,987.8412,12.48,20.25,24696.03,0,0.014612,0.115134
27230,대구광역시,북구,대구,25-29,20-29,청년,20,15,0.25,341.6,17.08,9.455,11.64,341.6,0,0.000202,0.001593
27230,대구광역시,북구,대구,30-34,30-39,청년,12,8,0.333333,9442.44,786.87,7.66,23.435,9442.44,0,0.005587,0.044021
27230,대구광역시,북구,대구,35-39,30-39,청년,30,27,0.1,27480.43,916.0143,34.9,39.9,27480.43,0,0.016259,0.128115
27230,대구광역시,북구,대구,40-44,40-49,중장년,22,19,0.136364,10738.03,488.0923,25.135,47.38,10738.03,0,0.006353,0.050061
27230,대구광역시,북구,대구,45-49,40-49,중장년,54,42,0.222222,9041.88,167.4422,10.375,13.2,9041.88,0,0.00535,0.042154
27230,대구광역시,북구,대구,50-54,50-59,중장년,40,36,0.1,36979.46,924.4865,18.18,27.105,36979.46,0,0.021879,0.172401
27230,대구광역시,북구,대구,55-59,50-59,중장년,15,10,0.333333,14711.41,980.7607,11.7,30.235,14711.41,0,0.008704,0.068585
27230,대구광역시,북구,대구,60-64,60-69,중장년,43,33,0.232558,7762.63,180.5263,16.44,19.94,7762.63,0,0.004593,0.03619
27230,대구광역시,북구,대구,65-69,60-69,고령,22,21,0.045455,16213.69,736.9859,17.91,19.67,16213.69,0,0.009593,0.075589
27230,대구광역시,북구,대구,70-74,70-79,고령,35,23,0.342857,465.11,13.2889,6.0,20.74,465.11,0,0.000275,0.002168
27230,대구광역시,북구,대구,75-79,70-79,고령,10,8,0.2,331.01,33.101,13.05,15.09,331.01,0,0.000196,0.001543
27230,대구광역시,북구,대구,80+,80+,고령,19,13,0.315789,40553.2,2134.3789,57.13,4216.26,40553.2,0,0.023994,0.189062
27260,대구광역시,수성구,대구,00-09,00-09,아동청소년,10,2,0.8,21.49,2.149,0.0,10.745,21.49,0,1.3e-05,0.000815
27260,대구광역시,수성구,대구,10-14,10-19,아동청소년,5,3,0.4,37.44,7.488,4.83,15.61,37.44,0,2.2e-05,0.001421
27260,대구광역시,수성구,대구,15-19,10-19,아동청소년,1,0,1.0,0.0,0.0,0.0,,0.0,0,0.0,0.0
27260,대구광역시,수성구,대구,20-24,20-29,청년,9,8,0.111111,185.21,20.5789,6.48,9.27,185.21,0,0.00011,0.007027
27260,대구광역시,수성구,대구,25-29,20-29,청년,8,7,0.125,93.81,11.7262,9.765,13.12,93.81,0,5.6e-05,0.003559
27260,대구광역시,수성구,대구,30-34,30-39,청년,2,2,0.0,16.78,8.39,8.39,8.39,16.78,0,1e-05,0.000637
27260,대구광역시,수성구,대구,35-39,30-39,청년,13,11,0.153846,8190.32,630.0246,10.02,12.0,8190.32,0,0.004846,0.310766
27260,대구광역시,수성구,대구,40-44,40-49,중장년,18,14,0.222222,7761.54,431.1967,9.065,11.95,7761.54,0,0.004592,0.294497
27260,대구광역시,수성구,대구,45-49,40-49,중장년,24,16,0.333333,164.92,6.8717,6.07,6.9,164.92,0,9.8e-05,0.006258
27260,대구광역시,수성구,대구,50-54,50-59,중장년,20,14,0.3,301.12,15.056,11.62,13.97,301.12,0,0.000178,0.011425
27260,대구광역시,수성구,대구,55-59,50-59,중장년,10,10,0.0,3208.73,320.873,6.365,6.365,3208.73,0,0.001898,0.121749
27260,대구광역시,수성구,대구,60-64,60-69,중장년,19,12,0.368421,5734.45,301.8132,12.0,17.64,5734.45,0,0.003393,0.217583
27260,대구광역시,수성구,대구,65-69,60-69,고령,8,4,0.5,45.54,5.6925,3.1,7.2,45.54,0,2.7e-05,0.001728
27260,대구광역시,수성구,대구,70-74,70-79,고령,1,0,1.0,0.0,0.0,0.0,,0.0,0,0.0,0.0
27260,대구광역시,수성구,대구,75-79,70-79,고령,10,7,0.3,593.93,59.393,5.395,10.85,593.93,0,0.000351,0.022536
27260,대구광역시,수성구,대구,80+,80+,고령,2,0,1.0,0.0,0.0,0.0,,0.0,0,0.0,0.0
27290,대구광역시,달서구,대구,00-09,00-09,아동청소년,4,2,0.5,6638.97,1659.7425,1636.25,3319.485,6638.97,0,0.003928,0.083685
27290,대구광역시,달서구,대구,10-14,10-19,아동청소년,10,7,0.3,5340.43,534.043,40.195,52.02,5340.43,0,0.00316,0.067317
27290,대구광역시,달서구,대구,15-19,10-19,아동청소년,4,3,0.25,3200.52,800.13,25.305,47.42,3200.52,0,0.001894,0.040343
27290,대구광역시,달서구,대구,20-24,20-29,청년,29,25,0.137931,6227.11,214.7279,42.78,52.71,6227.11,0,0.003684,0.078493
27290,대구광역시,달서구,대구,25-29,20-29,청년,3,3,0.0,2855.19,951.73,216.19,216.19,2855.19,0,0.001689,0.03599
27290,대구광역시,달서구,대구,30-34,30-39,청년,6,3,0.5,88.0,14.6667,3.1,11.79,88.0,0,5.2e-05,0.001109
27290,대구광역시,달서구,대구,35-39,30-39,청년,27,23,0.148148,5051.76,187.1022,30.27,31.53,5051.76,0,0.002989,0.063678
27290,대구광역시,달서구,대구,40-44,40-49,중장년,34,25,0.264706,12177.15,358.1515,26.115,41.7,12177.15,0,0.007205,0.153494
27290,대구광역시,달서구,대구,45-49,40-49,중장년,33,25,0.242424,5005.47,151.6809,14.21,20.76,5005.47,0,0.002962,0.063094
27290,대구광역시,달서구,대구,50-54,50-59,중장년,26,22,0.153846,6375.29,245.2035,32.655,44.25,6375.29,0,0.003772,0.080361
27290,대구광역시,달서구,대구,55-59,50-59,중장년,10,8,0.2,163.43,16.343,8.48,13.035,163.43,0,9.7e-05,0.00206
27290,대구광역시,달서구,대구,60-64,60-69,중장년,32,26,0.1875,13334.78,416.7119,30.595,41.95,13334.78,0,0.00789,0.168086
27290,대구광역시,달서구,대구,65-69,60-69,고령,13,9,0.307692,567.99,43.6915,12.87,29.84,567.99,0,0.000336,0.00716
27290,대구광역시,달서구,대구,70-74,70-79,고령,15,9,0.4,5595.18,373.012,24.14,43.89,5595.18,0,0.00331,0.070528
27290,대구광역시,달서구,대구,75-79,70-79,고령,12,8,0.333333,5924.39,493.6992,16.72,27.43,5924.39,0,0.003505,0.074678
27290,대구광역시,달서구,대구,80+,80+,고령,5,3,0.4,787.27,157.454,40.49,87.07,787.27,0,0.000466,0.009924
27710,대구광역시,달성군,대구,00-09,00-09,아동청소년,6,3,0.5,49.34,8.2233,1.67,13.04,49.34,0,2.9e-05,0.002072
27710,대구광역시,달성군,대구,10-14,10-19,아동청소년,36,22,0.388889,266.42,7.4006,6.55,10.52,266.42,0,0.000158,0.011186
27710,대구광역시,달성군,대구,15-19,10-19,아동청소년,10,5,0.5,36.73,3.673,3.08,6.36,36.73,0,2.2e-05,0.001542
27710,대구광역시,달성군,대구,20-24,20-29,청년,19,14,0.263158,247.89,13.0468,6.4,9.35,247.89,0,0.000147,0.010408
27710,대구광역시,달성군,대구,25-29,20-29,청년,9,6,0.333333,138.79,15.4211,7.49,18.485,138.79,0,8.2e-05,0.005827
27710,대구광역시,달성군,대구,30-34,30-39,청년,9,7,0.222222,189.49,21.0544,21.0,27.45,189.49,0,0.000112,0.007956
27710,대구광역시,달성군,대구,35-39,30-39,청년,12,10,0.166667,12422.99,1035.2492,29.29,377.185,12422.99,0,0.00735,0.521581
27710,대구광역시,달성군,대구,40-44,40-49,중장년,25,18,0.28,185.25,7.41,6.36,8.405,185.25,0,0.00011,0.007778
27710,대구광역시,달성군,대구,45-49,40-49,중장년,3,3,0.0,29.19,9.73,6.77,6.77,29.19,0,1.7e-05,0.001226
27710,대구광역시,달성군,대구,50-54,50-59,중장년,19,12,0.368421,4387.4,230.9158,7.62,16.36,4387.4,0,0.002596,0.184205
27710,대구광역시,달성군,대구,55-59,50-59,중장년,8,7,0.125,697.75,87.2188,7.66,8.7,697.75,0,0.000413,0.029295
27710,대구광역시,달성군,대구,60-64,60-69,중장년,19,6,0.684211,2946.27,155.0668,0.0,15.83,2946.27,0,0.001743,0.123699
27710,대구광역시,달성군,대구,65-69,60-69,고령,17,12,0.294118,190.92,11.2306,6.7,11.87,190.92,0,0.000113,0.008016
27710,대구광역시,달성군,대구,70-74,70-79,고령,13,5,0.615385,61.8,4.7538,0.0,7.11,61.8,0,3.7e-05,0.002595
27710,대구광역시,달성군,대구,75-79,70-79,고령,2,1,0.5,8.96,4.48,4.48,8.96,8.96,0,5e-06,0.000376
27710,대구광역시,달성군,대구,80+,80+,고령,7,1,0.857143,1958.78,279.8257,0.0,1958.78,1958.78,0,0.001159,0.08224
27720,대구광역시,군위군,대구,00-09,00-09,아동청소년,6,1,0.833333,12.13,2.0217,0.0,12.13,12.13,0,7e-06,0.044709
27720,대구광역시,군위군,대구,10-14,10-19,아동청소년,35,2,0.942857,21.47,0.6134,0.0,10.735,21.47,0,1.3e-05,0.079135
27720,대구광역시,군위군,대구,15-19,10-19,아동청소년,2,0,1.0,0.0,0.0,0.0,,0.0,0,0.0,0.0
27720,대구광역시,군위군,대구,20-24,20-29,청년,35,8,0.771429,54.37,1.5534,0.0,4.7,54.37,0,3.2e-05,0.200398
27720,대구광역시,군위군,대구,25-29,20-29,청년,9,1,0.888889,11.64,1.2933,0.0,11.64,11.64,0,7e-06,0.042903
27720,대구광역시,군위군,대구,30-34,30-39,청년,23,4,0.826087,19.65,0.8543,0.0,4.0,19.65,0,1.2e-05,0.072426
27720,대구광역시,군위군,대구,35-39,30-39,청년,33,5,0.848485,46.95,1.4227,0.0,10.81,46.95,0,2.8e-05,0.173049
27720,대구광역시,군위군,대구,40-44,40-49,중장년,14,2,0.857143,16.45,1.175,0.0,8.225,16.45,0,1e-05,0.060632
27720,대구광역시,군위군,대구,45-49,40-49,중장년,31,5,0.83871,21.13,0.6816,0.0,4.0,21.13,0,1.3e-05,0.077881
27720,대구광역시,군위군,대구,50-54,50-59,중장년,17,4,0.764706,18.97,1.1159,0.0,4.775,18.97,0,1.1e-05,0.06992
27720,대구광역시,군위군,대구,55-59,50-59,중장년,7,2,0.714286,22.61,3.23,0.0,11.305,22.61,0,1.3e-05,0.083336
27720,대구광역시,군위군,대구,60-64,60-69,중장년,9,2,0.777778,7.09,0.7878,0.0,3.545,7.09,0,4e-06,0.026132
27720,대구광역시,군위군,대구,65-69,60-69,고령,6,1,0.833333,4.45,0.7417,0.0,4.45,4.45,0,3e-06,0.016402
27720,대구광역시,군위군,대구,70-74,70-79,고령,13,0,1.0,0.0,0.0,0.0,,0.0,0,0.0,0.0
27720,대구광역시,군위군,대구,75-79,70-79,고령,3,1,0.666667,3.17,1.0567,0.0,3.17,3.17,0,2e-06,0.011684
27720,대구광역시,군위군,대구,80+,80+,고령,17,1,0.941176,11.23,0.6606,0.0,11.23,11.23,0,7e-06,0.041392
28110,인천광역시,중구,수도권,00-09,00-09,아동청소년,26,3,0.884615,19.51,0.7504,0.0,6.52,19.51,0,1.2e-05,0.015
28110,인천광역시,중구,수도권,10-14,10-19,아동청소년,29,2,0.931034,11.14,0.3841,0.0,5.57,11.14,0,7e-06,0.008565
28110,인천광역시,중구,수도권,15-19,10-19,아동청소년,39,6,0.846154,29.57,0.7582,0.0,4.71,29.57,0,1.7e-05,0.022734
28110,인천광역시,중구,수도권,20-24,20-29,청년,69,13,0.811594,852.2,12.3507,0.0,5.0,852.2,0,0.000504,0.655196
28110,인천광역시,중구,수도권,25-29,20-29,청년,29,6,0.793103,34.96,1.2055,0.0,5.64,34.96,0,2.1e-05,0.026878
28110,인천광역시,중구,수도권,30-34,30-39,청년,38,7,0.815789,36.62,0.9637,0.0,4.79,36.62,0,2.2e-05,0.028155
28110,인천광역시,중구,수도권,35-39,30-39,청년,31,4,0.870968,21.67,0.699,0.0,5.26,21.67,0,1.3e-05,0.016661
28110,인천광역시,중구,수도권,40-44,40-49,중장년,47,6,0.87234,29.01,0.6172,0.0,4.645,29.01,0,1.7e-05,0.022304
28110,인천광역시,중구,수도권,45-49,40-49,중장년,28,6,0.785714,26.48,0.9457,0.0,4.02,26.48,0,1.6e-05,0.020359
28110,인천광역시,중구,수도권,50-54,50-59,중장년,43,5,0.883721,31.87,0.7412,0.0,6.15,31.87,0,1.9e-05,0.024503
28110,인천광역시,중구,수도권,55-59,50-59,중장년,47,10,0.787234,48.42,1.0302,0.0,4.13,48.42,0,2.9e-05,0.037227
28110,인천광역시,중구,수도권,60-64,60-69,중장년,33,7,0.787879,61.93,1.8767,0.0,6.24,61.93,0,3.7e-05,0.047614
28110,인천광역시,중구,수도권,65-69,60-69,고령,41,5,0.878049,20.86,0.5088,0.0,3.6,20.86,0,1.2e-05,0.016038
28110,인천광역시,중구,수도권,70-74,70-79,고령,27,4,0.851852,30.72,1.1378,0.0,7.18,30.72,0,1.8e-05,0.023618
28110,인천광역시,중구,수도권,75-79,70-79,고령,17,3,0.823529,28.43,1.6724,0.0,10.93,28.43,0,1.7e-05,0.021858
28110,인천광역시,중구,수도권,80+,80+,고령,26,1,0.961538,17.29,0.665,0.0,17.29,17.29,0,1e-05,0.013293
28140,인천광역시,동구,수도권,00-09,00-09,아동청소년,28,3,0.892857,28.7,1.025,0.0,6.47,28.7,0,1.7e-05,0.068482
28140,인천광역시,동구,수도권,10-14,10-19,아동청소년,16,0,1.0,0.0,0.0,0.0,,0.0,0,0.0,0.0
28140,인천광역시,동구,수도권,15-19,10-19,아동청소년,6,0,1.0,0.0,0.0,0.0,,0.0,0,0.0,0.0
28140,인천광역시,동구,수도권,20-24,20-29,청년,20,4,0.8,41.45,2.0725,0.0,11.59,41.45,0,2.5e-05,0.098905
28140,인천광역시,동구,수도권,25-29,20-29,청년,1,0,1.0,0.0,0.0,0.0,,0.0,0,0.0,0.0
28140,인천광역시,동구,수도권,30-34,30-39,청년,26,4,0.846154,34.8,1.3385,0.0,7.765,34.8,0,2.1e-05,0.083037
28140,인천광역시,동구,수도권,35-39,30-39,청년,8,2,0.75,10.84,1.355,0.0,5.42,10.84,0,6e-06,0.025866
28140,인천광역시,동구,수도권,40-44,40-49,중장년,19,1,0.947368,13.48,0.7095,0.0,13.48,13.48,0,8e-06,0.032165
28140,인천광역시,동구,수도권,45-49,40-49,중장년,18,3,0.833333,13.8,0.7667,0.0,4.63,13.8,0,8e-06,0.032928
28140,인천광역시,동구,수도권,50-54,50-59,중장년,11,1,0.909091,62.74,5.7036,0.0,62.74,62.74,0,3.7e-05,0.149705
28140,인천광역시,동구,수도권,55-59,50-59,중장년,6,1,0.833333,9.0,1.5,0.0,9.0,9.0,0,5e-06,0.021475
28140,인천광역시,동구,수도권,60-64,60-69,중장년,5,1,0.8,6.74,1.348,0.0,6.74,6.74,0,4e-06,0.016082
28140,인천광역시,동구,수도권,65-69,60-69,고령,8,3,0.625,11.17,1.3962,0.0,3.36,11.17,0,7e-06,0.026653
28140,인천광역시,동구,수도권,70-74,70-79,고령,33,1,0.969697,10.0,0.303,0.0,10.0,10.0,0,6e-06,0.023861
28140,인천광역시,동구,수도권,75-79,70-79,고령,29,4,0.862069,176.37,6.0817,0.0,5.17,176.37,0,0.000104,0.42084
28140,인천광역시,동구,수도권,80+,80+,고령,12,0,1.0,0.0,0.0,0.0,,0.0,0,0.0,0.0
28177,인천광역시,미추홀구,수도권,00-09,00-09,아동청소년,11,2,0.818182,13.57,1.2336,0.0,6.785,13.57,0,8e-06,0.020472
28177,인천광역시,미추홀구,수도권,10-14,10-19,아동청소년,17,3,0.823529,30.1,1.7706,0.0,12.35,30.1,0,1.8e-05,0.04541
28177,인천광역시,미추홀구,수도권,15-19,10-19,아동청소년,10,3,0.7,16.0,1.6,0.0,6.0,16.0,0,9e-06,0.024138
28177,인천광역시,미추홀구,수도권,20-24,20-29,청년,25,10,0.6,62.66,2.5064,0.0,4.205,62.66,0,3.7e-05,0.094531
28177,인천광역시,미추홀구,수도권,25-29,20-29,청년,20,10,0.5,117.11,5.8555,1.57,4.2,117.11,0,6.9e-05,0.176676
28177,인천광역시,미추홀구,수도권,30-34,30-39,청년,20,6,0.7,30.01,1.5005,0.0,5.495,30.01,0,1.8e-05,0.045274
28177,인천광역시,미추홀구,수도권,35-39,30-39,청년,25,6,0.76,61.36,2.4544,0.0,5.72,61.36,0,3.6e-05,0.09257
28177,인천광역시,미추홀구,수도권,40-44,40-49,중장년,13,7,0.461538,48.34,3.7185,3.15,5.63,48.34,0,2.9e-05,0.072928
28177,인천광역시,미추홀구,수도권,45-49,40-49,중장년,27,4,0.851852,26.64,0.9867,0.0,4.455,26.64,0,1.6e-05,0.04019
28177,인천광역시,미추홀구,수도권,50-54,50-59,중장년,22,11,0.5,94.87,4.3123,1.64,6.96,94.87,0,5.6e-05,0.143124
28177,인천광역시,미추홀구,수도권,55-59,50-59,중장년,10,7,0.3,38.91,3.891,3.77,4.54,38.91,0,2.3e-05,0.058701
28177,인천광역시,미추홀구,수도권,60-64,60-69,중장년,6,3,0.5,22.07,3.6783,2.0,4.98,22.07,0,1.3e-05,0.033296
28177,인천광역시,미추홀구,수도권,65-69,60-69,고령,22,10,0.545455,74.33,3.3786,0.0,5.055,74.33,0,4.4e-05,0.112137
28177,인천광역시,미추홀구,수도권,70-74,70-79,고령,6,2,0.666667,10.5,1.75,0.0,5.25,10.5,0,6e-06,0.015841
28177,인천광역시,미추홀구,수도권,75-79,70-79,고령,12,1,0.916667,7.18,0.5983,0.0,7.18,7.18,0,4e-06,0.010832
28177,인천광역시,미추홀구,수도권,80+,80+,고령,7,1,0.857143,9.2,1.3143,0.0,9.2,9.2,0,5e-06,0.013879
28185,인천광역시,연수구,수도권,00-09,00-09,아동청소년,12,2,0.833333,19.43,1.6192,0.0,9.715,19.43,0,1.1e-05,0.035422
28185,인천광역시,연수구,수도권,10-14,10-19,아동청소년,22,2,0.909091,14.29,0.6495,0.0,7.145,14.29,0,8e-06,0.026051
28185,인천광역시,연수구,수도권,15-19,10-19,아동청소년,12,0,1.0,0.0,0.0,0.0,,0.0,0,0.0,0.0
28185,인천광역시,연수구,수도권,20-24,20-29,청년,18,5,0.722222,27.0,1.5,0.0,5.11,27.0,0,1.6e-05,0.049222
28185,인천광역시,연수구,수도권,25-29,20-29,청년,12,3,0.75,18.62,1.5517,0.0,4.0,18.62,0,1.1e-05,0.033945
28185,인천광역시,연수구,수도권,30-34,30-39,청년,2,1,0.5,47.16,23.58,23.58,47.16,47.16,0,2.8e-05,0.085975
28185,인천광역시,연수구,수도권,35-39,30-39,청년,10,5,0.5,54.99,5.499,2.875,10.83,54.99,0,3.3e-05,0.10025
28185,인천광역시,연수구,수도권,40-44,40-49,중장년,27,13,0.518519,197.38,7.3104,0.0,6.0,197.38,0,0.000117,0.359834
28185,인천광역시,연수구,수도권,45-49,40-49,중장년,15,5,0.666667,32.32,2.1547,0.0,6.46,32.32,0,1.9e-05,0.058921
28185,인천광역시,연수구,수도권,50-54,50-59,중장년,7,2,0.714286,19.28,2.7543,0.0,9.64,19.28,0,1.1e-05,0.035148
28185,인천광역시,연수구,수도권,55-59,50-59,중장년,2,1,0.5,30.78,15.39,15.39,30.78,30.78,0,1.8e-05,0.056114
28185,인천광역시,연수구,수도권,60-64,60-69,중장년,13,3,0.769231,17.79,1.3685,0.0,6.11,17.79,0,1.1e-05,0.032432
28185,인천광역시,연수구,수도권,65-69,60-69,고령,25,8,0.68,53.43,2.1372,0.0,4.715,53.43,0,3.2e-05,0.097406
28185,인천광역시,연수구,수도권,70-74,70-79,고령,6,1,0.833333,8.0,1.3333,0.0,8.0,8.0,0,5e-06,0.014584
28185,인천광역시,연수구,수도권,75-79,70-79,고령,7,1,0.857143,4.0,0.5714,0.0,4.0,4.0,0,2e-06,0.007292
28185,인천광역시,연수구,수도권,80+,80+,고령,16,1,0.9375,4.06,0.2537,0.0,4.06,4.06,0,2e-06,0.007402
28200,인천광역시,남동구,수도권,00-09,00-09,아동청소년,47,11,0.765957,128.37,2.7313,0.0,7.56,128.37,0,7.6e-05,0.028043
28200,인천광역시,남동구,수도권,10-14,10-19,아동청소년,23,2,0.913043,8.0,0.3478,0.0,4.0,8.0,0,5e-06,0.001748
28200,인천광역시,남동구,수도권,15-19,10-19,아동청소년,10,3,0.7,2901.17,290.117,0.0,9.3,2901.17,0,0.001717,0.633766
28200,인천광역시,남동구,수도권,20-24,20-29,청년,23,8,0.652174,75.67,3.29,0.0,6.685,75.67,0,4.5e-05,0.01653
28200,인천광역시,남동구,수도권,25-29,20-29,청년,18,5,0.722222,51.26,2.8478,0.0,5.79,51.26,0,3e-05,0.011198
28200,인천광역시,남동구,수도권,30-34,30-39,청년,25,11,0.56,78.2,3.128,0.0,6.07,78.2,0,4.6e-05,0.017083
28200,인천광역시,남동구,수도권,35-39,30-39,청년,19,7,0.631579,84.33,4.4384,0.0,6.0,84.33,0,5e-05,0.018422
28200,인천광역시,남동구,수도권,40-44,40-49,중장년,26,12,0.538462,501.91,19.3042,0.0,6.0,501.91,0,0.000297,0.109643
28200,인천광역시,남동구,수도권,45-49,40-49,중장년,45,15,0.666667,101.65,2.2589,0.0,6.77,101.65,0,6e-05,0.022206
28200,인천광역시,남동구,수도권,50-54,50-59,중장년,18,5,0.722222,34.95,1.9417,0.0,8.17,34.95,0,2.1e-05,0.007635
28200,인천광역시,남동구,수도권,55-59,50-59,중장년,30,15,0.5,75.63,2.521,1.62,4.0,75.63,0,4.5e-05,0.016522
28200,인천광역시,남동구,수도권,60-64,60-69,중장년,31,10,0.677419,394.99,12.7416,0.0,4.655,394.99,0,0.000234,0.086286
28200,인천광역시,남동구,수도권,65-69,60-69,고령,26,10,0.615385,101.9,3.9192,0.0,6.765,101.9,0,6e-05,0.02226
28200,인천광역시,남동구,수도권,70-74,70-79,고령,10,2,0.8,8.57,0.857,0.0,4.285,8.57,0,5e-06,0.001872
28200,인천광역시,남동구,수도권,75-79,70-79,고령,5,2,0.6,17.02,3.404,0.0,8.51,17.02,0,1e-05,0.003718
28200,인천광역시,남동구,수도권,80+,80+,고령,15,2,0.866667,14.05,0.9367,0.0,7.025,14.05,0,8e-06,0.003069
28237,인천광역시,부평구,수도권,00-09,00-09,아동청소년,9,2,0.777778,18.53,2.0589,0.0,9.265,18.53,0,1.1e-05,0.005421
28237,인천광역시,부평구,수도권,10-14,10-19,아동청소년,9,2,0.777778,19.39,2.1544,0.0,9.695,19.39,0,1.1e-05,0.005673
28237,인천광역시,부평구,수도권,15-19,10-19,아동청소년,16,5,0.6875,2811.88,175.7425,0.0,7.47,2811.88,0,0.001664,0.822666
28237,인천광역시,부평구,수도권,20-24,20-29,청년,34,11,0.676471,156.85,4.6132,0.0,7.16,156.85,0,9.3e-05,0.045889
28237,인천광역시,부평구,수도권,25-29,20-29,청년,44,7,0.840909,34.44,0.7827,0.0,4.71,34.44,0,2e-05,0.010076
28237,인천광역시,부평구,수도권,30-34,30-39,청년,9,2,0.777778,12.71,1.4122,0.0,6.355,12.71,0,8e-06,0.003719
28237,인천광역시,부평구,수도권,35-39,30-39,청년,28,5,0.821429,50.26,1.795,0.0,3.55,50.26,0,3e-05,0.014704
28237,인천광역시,부평구,수도권,40-44,40-49,중장년,47,10,0.787234,60.25,1.2819,0.0,5.76,60.25,0,3.6e-05,0.017627
28237,인천광역시,부평구,수도권,45-49,40-49,중장년,36,15,0.583333,95.87,2.6631,0.0,5.52,95.87,0,5.7e-05,0.028048
28237,인천광역시,부평구,수도권,50-54,50-59,중장년,5,0,1.0,0.0,0.0,0.0,,0.0,0,0.0,0.0
28237,인천광역시,부평구,수도권,55-59,50-59,중장년,10,2,0.8,27.51,2.751,0.0,13.755,27.51,0,1.6e-05,0.008049
28237,인천광역시,부평구,수도권,60-64,60-69,중장년,18,5,0.722222,26.32,1.4622,0.0,4.6,26.32,0,1.6e-05,0.0077
28237,인천광역시,부평구,수도권,65-69,60-69,고령,17,2,0.882353,8.14,0.4788,0.0,4.07,8.14,0,5e-06,0.002382
28237,인천광역시,부평구,수도권,70-74,70-79,고령,20,3,0.85,68.71,3.4355,0.0,30.0,68.71,0,4.1e-05,0.020102
28237,인천광역시,부평구,수도권,75-79,70-79,고령,18,3,0.833333,27.15,1.5083,0.0,5.75,27.15,0,1.6e-05,0.007943
28237,인천광역시,부평구,수도권,80+,80+,고령,1,0,1.0,0.0,0.0,0.0,,0.0,0,0.0,0.0
28245,인천광역시,계양구,수도권,00-09,00-09,아동청소년,16,1,0.9375,8.0,0.5,0.0,8.0,8.0,0,5e-06,0.026605
28245,인천광역시,계양구,수도권,10-14,10-19,아동청소년,19,1,0.947368,4.85,0.2553,0.0,4.85,4.85,0,3e-06,0.016129
28245,인천광역시,계양구,수도권,15-19,10-19,아동청소년,11,0,1.0,0.0,0.0,0.0,,0.0,0,0.0,0.0
28245,인천광역시,계양구,수도권,20-24,20-29,청년,20,5,0.75,35.88,1.794,0.0,5.33,35.88,0,2.1e-05,0.119322
28245,인천광역시,계양구,수도권,25-29,20-29,청년,34,7,0.794118,38.97,1.1462,0.0,5.92,38.97,0,2.3e-05,0.129598
28245,인천광역시,계양구,수도권,30-34,30-39,청년,14,1,0.928571,19.46,1.39,0.0,19.46,19.46,0,1.2e-05,0.064716
28245,인천광역시,계양구,수도권,35-39,30-39,청년,17,4,0.764706,57.17,3.3629,0.0,5.145,57.17,0,3.4e-05,0.190123
28245,인천광역시,계양구,수도권,40-44,40-49,중장년,41,9,0.780488,70.39,1.7168,0.0,6.0,70.39,0,4.2e-05,0.234087
28245,인천광역시,계양구,수도권,45-49,40-49,중장년,22,0,1.0,0.0,0.0,0.0,,0.0,0,0.0,0.0
28245,인천광역시,계양구,수도권,50-54,50-59,중장년,4,1,0.75,4.0,1.0,0.0,4.0,4.0,0,2e-06,0.013302
28245,인천광역시,계양구,수도권,55-59,50-59,중장년,2,2,0.0,9.25,4.625,4.625,4.625,9.25,0,5e-06,0.030762
28245,인천광역시,계양구,수도권,60-64,60-69,중장년,19,5,0.736842,41.4,2.1789,0.0,5.11,41.4,0,2.4e-05,0.137679
28245,인천광역시,계양구,수도권,65-69,60-69,고령,11,2,0.818182,6.02,0.5473,0.0,3.01,6.02,0,4e-06,0.02002
28245,인천광역시,계양구,수도권,70-74,70-79,고령,25,1,0.96,5.31,0.2124,0.0,5.31,5.31,0,3e-06,0.017659
28245,인천광역시,계양구,수도권,75-79,70-79,고령,6,0,1.0,0.0,0.0,0.0,,0.0,0,0.0,0.0
28245,인천광역시,계양구,수도권,80+,80+,고령,8,0,1.0,0.0,0.0,0.0,,0.0,0,0.0,0.0
28260,인천광역시,서구,수도권,00-09,00-09,아동청소년,13,1,0.923077,7.76,0.5969,0.0,7.76,7.76,0,5e-06,0.013708
28260,인천광역시,서구,수도권,10-14,10-19,아동청소년,16,4,0.75,31.65,1.9781,0.0,7.945,31.65,0,1.9e-05,0.055909
28260,인천광역시,서구,수도권,15-19,10-19,아동청소년,6,2,0.666667,15.87,2.645,0.0,7.935,15.87,0,9e-06,0.028034
28260,인천광역시,서구,수도권,20-24,20-29,청년,10,7,0.3,42.13,4.213,4.48,5.38,42.13,0,2.5e-05,0.074421
28260,인천광역시,서구,수도권,25-29,20-29,청년,8,0,1.0,0.0,0.0,0.0,,0.0,0,0.0,0.0
28260,인천광역시,서구,수도권,30-34,30-39,청년,19,6,0.684211,32.06,1.6874,0.0,4.46,32.06,0,1.9e-05,0.056633
28260,인천광역시,서구,수도권,35-39,30-39,청년,27,8,0.703704,92.18,3.4141,0.0,7.69,92.18,0,5.5e-05,0.162833
28260,인천광역시,서구,수도권,40-44,40-49,중장년,30,7,0.766667,59.82,1.994,0.0,5.18,59.82,0,3.5e-05,0.10567
28260,인천광역시,서구,수도권,45-49,40-49,중장년,28,11,0.607143,109.81,3.9218,0.0,8.04,109.81,0,6.5e-05,0.193976
28260,인천광역시,서구,수도권,50-54,50-59,중장년,11,3,0.727273,21.27,1.9336,0.0,8.22,21.27,0,1.3e-05,0.037573
28260,인천광역시,서구,수도권,55-59,50-59,중장년,12,7,0.416667,39.63,3.3025,3.555,6.0,39.63,0,2.3e-05,0.070005
28260,인천광역시,서구,수도권,60-64,60-69,중장년,15,2,0.866667,7.98,0.532,0.0,3.99,7.98,0,5e-06,0.014096
28260,인천광역시,서구,수도권,65-69,60-69,고령,11,3,0.727273,13.24,1.2036,0.0,4.0,13.24,0,8e-06,0.023388
28260,인천광역시,서구,수도권,70-74,70-79,고령,15,3,0.8,62.06,4.1373,0.0,18.83,62.06,0,3.7e-05,0.109627
28260,인천광역시,서구,수도권,75-79,70-79,고령,11,2,0.818182,26.64,2.4218,0.0,13.32,26.64,0,1.6e-05,0.047059
28260,인천광역시,서구,수도권,80+,80+,고령,13,1,0.923077,4.0,0.3077,0.0,4.0,4.0,0,2e-06,0.007066
28710,인천광역시,강화군,수도권,00-09,00-09,아동청소년,27,2,0.925926,31.41,1.1633,0.0,15.705,31.41,0,1.9e-05,0.087927
28710,인천광역시,강화군,수도권,10-14,10-19,아동청소년,3,1,0.666667,6.0,2.0,0.0,6.0,6.0,0,4e-06,0.016796
28710,인천광역시,강화군,수도권,15-19,10-19,아동청소년,23,1,0.956522,7.27,0.3161,0.0,7.27,7.27,0,4e-06,0.020351
28710,인천광역시,강화군,수도권,20-24,20-29,청년,19,6,0.684211,24.4,1.2842,0.0,4.125,24.4,0,1.4e-05,0.068303
28710,인천광역시,강화군,수도권,25-29,20-29,청년,2,0,1.0,0.0,0.0,0.0,,0.0,0,0.0,0.0
28710,인천광역시,강화군,수도권,30-34,30-39,청년,17,3,0.823529,24.09,1.4171,0.0,6.0,24.09,0,1.4e-05,0.067436
28710,인천광역시,강화군,수도권,35-39,30-39,청년,22,5,0.772727,100.79,4.5814,0.0,14.1,100.79,0,6e-05,0.282143
28710,인천광역시,강화군,수도권,40-44,40-49,중장년,16,2,0.875,26.38,1.6488,0.0,13.19,26.38,0,1.6e-05,0.073846
28710,인천광역시,강화군,수도권,45-49,40-49,중장년,9,0,1.0,0.0,0.0,0.0,,0.0,0,0.0,0.0
28710,인천광역시,강화군,수도권,50-54,50-59,중장년,5,1,0.8,7.94,1.588,0.0,7.94,7.94,0,5e-06,0.022227
28710,인천광역시,강화군,수도권,55-59,50-59,중장년,4,2,0.5,24.17,6.0425,1.5,12.085,24.17,0,1.4e-05,0.067659
28710,인천광역시,강화군,수도권,60-64,60-69,중장년,27,6,0.777778,80.61,2.9856,0.0,7.17,80.61,0,4.8e-05,0.225653
28710,인천광역시,강화군,수도권,65-69,60-69,고령,8,1,0.875,10.29,1.2862,0.0,10.29,10.29,0,6e-06,0.028805
28710,인천광역시,강화군,수도권,70-74,70-79,고령,2,0,1.0,0.0,0.0,0.0,,0.0,0,0.0,0.0
28710,인천광역시,강화군,수도권,75-79,70-79,고령,16,0,1.0,0.0,0.0,0.0,,0.0,0,0.0,0.0
28710,인천광역시,강화군,수도권,80+,80+,고령,15,1,0.933333,13.88,0.9253,0.0,13.88,13.88,0,8e-06,0.038855
28720,인천광역시,옹진군,수도권,00-09,00-09,아동청소년,11,0,1.0,0.0,0.0,0.0,,0.0,0,0.0,0.0
28720,인천광역시,옹진군,수도권,10-14,10-19,아동청소년,56,1,0.982143,3.33,0.0595,0.0,3.33,3.33,0,2e-06,0.024552
28720,인천광역시,옹진군,수도권,15-19,10-19,아동청소년,12,0,1.0,0.0,0.0,0.0,,0.0,0,0.0,0.0
28720,인천광역시,옹진군,수도권,20-24,20-29,청년,24,6,0.75,28.96,1.2067,0.0,3.455,28.96,0,1.7e-05,0.213522
28720,인천광역시,옹진군,수도권,25-29,20-29,청년,12,2,0.833333,16.96,1.4133,0.0,8.48,16.96,0,1e-05,0.125046
28720,인천광역시,옹진군,수도권,30-34,30-39,청년,12,1,0.916667,3.06,0.255,0.0,3.06,3.06,0,2e-06,0.022561
28720,인천광역시,옹진군,수도권,35-39,30-39,청년,17,0,1.0,0.0,0.0,0.0,,0.0,0,0.0,0.0
28720,인천광역시,옹진군,수도권,40-44,40-49,중장년,18,2,0.888889,11.54,0.6411,0.0,5.77,11.54,0,7e-06,0.085084
28720,인천광역시,옹진군,수도권,45-49,40-49,중장년,35,2,0.942857,7.11,0.2031,0.0,3.555,7.11,0,4e-06,0.052422
28720,인천광역시,옹진군,수도권,50-54,50-59,중장년,6,0,1.0,0.0,0.0,0.0,,0.0,0,0.0,0.0
28720,인천광역시,옹진군,수도권,55-59,50-59,중장년,4,1,0.75,6.0,1.5,0.0,6.0,6.0,0,4e-06,0.044238
28720,인천광역시,옹진군,수도권,60-64,60-69,중장년,56,4,0.928571,47.47,0.8477,0.0,8.185,47.47,0,2.8e-05,0.349996
28720,인천광역시,옹진군,수도권,65-69,60-69,고령,10,1,0.9,11.2,1.12,0.0,11.2,11.2,0,7e-06,0.082578
28720,인천광역시,옹진군,수도권,70-74,70-79,고령,17,0,1.0,0.0,0.0,0.0,,0.0,0,0.0,0.0
28720,인천광역시,옹진군,수도권,75-79,70-79,고령,11,0,1.0,0.0,0.0,0.0,,0.0,0,0.0,0.0
28720,인천광역시,옹진군,수도권,80+,80+,고령,18,0,1.0,0.0,0.0,0.0,,0.0,0,0.0,0.0
29110,광주광역시,동구,기타 지역,00-09,00-09,아동청소년,27,3,0.888889,40.1,1.4852,0.0,8.18,40.1,0,2.4e-05,0.02028
29110,광주광역시,동구,기타 지역,10-14,10-19,아동청소년,141,4,0.971631,23.5,0.1667,0.0,4.145,23.5,0,1.4e-05,0.011885
29110,광주광역시,동구,기타 지역,15-19,10-19,아동청소년,50,8,0.84,107.98,2.1596,0.0,5.55,107.98,0,6.4e-05,0.05461
29110,광주광역시,동구,기타 지역,20-24,20-29,청년,15,1,0.933333,6.93,0.462,0.0,6.93,6.93,0,4e-06,0.003505
29110,광주광역시,동구,기타 지역,25-29,20-29,청년,8,0,1.0,0.0,0.0,0.0,,0.0,0,0.0,0.0
29110,광주광역시,동구,기타 지역,30-34,30-39,청년,20,0,1.0,0.0,0.0,0.0,,0.0,0,0.0,0.0
29110,광주광역시,동구,기타 지역,35-39,30-39,청년,55,1,0.981818,8.11,0.1475,0.0,8.11,8.11,0,5e-06,0.004102
29110,광주광역시,동구,기타 지역,40-44,40-49,중장년,47,8,0.829787,1672.06,35.5757,0.0,8.385,1672.06,0,0.000989,0.845628
29110,광주광역시,동구,기타 지역,45-49,40-49,중장년,48,7,0.854167,44.48,0.9267,0.0,5.55,44.48,0,2.6e-05,0.022495
29110,광주광역시,동구,기타 지역,50-54,50-59,중장년,17,4,0.764706,32.33,1.9018,0.0,6.875,32.33,0,1.9e-05,0.016351
29110,광주광역시,동구,기타 지역,55-59,50-59,중장년,10,2,0.8,7.35,0.735,0.0,3.675,7.35,0,4e-06,0.003717
29110,광주광역시,동구,기타 지역,60-64,60-69,중장년,29,2,0.931034,20.36,0.7021,0.0,10.18,20.36,0,1.2e-05,0.010297
29110,광주광역시,동구,기타 지역,65-69,60-69,고령,17,0,1.0,0.0,0.0,0.0,,0.0,0,0.0,0.0
29110,광주광역시,동구,기타 지역,70-74,70-79,고령,34,1,0.970588,10.6,0.3118,0.0,10.6,10.6,0,6e-06,0.005361
29110,광주광역시,동구,기타 지역,75-79,70-79,고령,9,1,0.888889,3.5,0.3889,0.0,3.5,3.5,0,2e-06,0.00177
29110,광주광역시,동구,기타 지역,80+,80+,고령,42,0,1.0,0.0,0.0,0.0,,0.0,0,0.0,0.0
29140,광주광역시,서구,기타 지역,00-09,00-09,아동청소년,18,0,1.0,0.0,0.0,0.0,,0.0,0,0.0,0.0
29140,광주광역시,서구,기타 지역,10-14,10-19,아동청소년,15,1,0.933333,16.77,1.118,0.0,16.77,16.77,0,1e-05,0.023944
29140,광주광역시,서구,기타 지역,15-19,10-19,아동청소년,7,0,1.0,0.0,0.0,0.0,,0.0,0,0.0,0.0
29140,광주광역시,서구,기타 지역,20-24,20-29,청년,4,0,1.0,0.0,0.0,0.0,,0.0,0,0.0,0.0
29140,광주광역시,서구,기타 지역,25-29,20-29,청년,5,2,0.6,11.47,2.294,0.0,5.735,11.47,0,7e-06,0.016377
29140,광주광역시,서구,기타 지역,30-34,30-39,청년,8,0,1.0,0.0,0.0,0.0,,0.0,0,0.0,0.0
29140,광주광역시,서구,기타 지역,35-39,30-39,청년,11,2,0.818182,11.04,1.0036,0.0,5.52,11.04,0,7e-06,0.015763
29140,광주광역시,서구,기타 지역,40-44,40-49,중장년,12,2,0.833333,7.64,0.6367,0.0,3.82,7.64,0,5e-06,0.010908
29140,광주광역시,서구,기타 지역,45-49,40-49,중장년,11,2,0.818182,93.88,8.5345,0.0,46.94,93.88,0,5.6e-05,0.134042
29140,광주광역시,서구,기타 지역,50-54,50-59,중장년,8,2,0.75,30.14,3.7675,0.0,15.07,30.14,0,1.8e-05,0.043034
29140,광주광역시,서구,기타 지역,55-59,50-59,중장년,7,3,0.571429,464.02,66.2886,0.0,12.46,464.02,0,0.000275,0.662526
29140,광주광역시,서구,기타 지역,60-64,60-69,중장년,11,3,0.727273,11.7,1.0636,0.0,4.12,11.7,0,7e-06,0.016705
29140,광주광역시,서구,기타 지역,65-69,60-69,고령,4,0,1.0,0.0,0.0,0.0,,0.0,0,0.0,0.0
29140,광주광역시,서구,기타 지역,75-79,70-79,고령,10,3,0.7,34.91,3.491,0.0,14.07,34.91,0,2.1e-05,0.049844
29140,광주광역시,서구,기타 지역,80+,80+,고령,15,1,0.933333,18.81,1.254,0.0,18.81,18.81,0,1.1e-05,0.026857
29155,광주광역시,남구,기타 지역,00-09,00-09,아동청소년,16,0,1.0,0.0,0.0,0.0,,0.0,0,0.0,0.0
29155,광주광역시,남구,기타 지역,10-14,10-19,아동청소년,10,0,1.0,0.0,0.0,0.0,,0.0,0,0.0,0.0
29155,광주광역시,남구,기타 지역,15-19,10-19,아동청소년,4,0,1.0,0.0,0.0,0.0,,0.0,0,0.0,0.0
29155,광주광역시,남구,기타 지역,20-24,20-29,청년,21,4,0.809524,20.21,0.9624,0.0,5.0,20.21,0,1.2e-05,0.25463
29155,광주광역시,남구,기타 지역,25-29,20-29,청년,15,2,0.866667,11.65,0.7767,0.0,5.825,11.65,0,7e-06,0.146781
29155,광주광역시,남구,기타 지역,30-34,30-39,청년,11,0,1.0,0.0,0.0,0.0,,0.0,0,0.0,0.0
29155,광주광역시,남구,기타 지역,35-39,30-39,청년,23,1,0.956522,8.03,0.3491,0.0,8.03,8.03,0,5e-06,0.101172
29155,광주광역시,남구,기타 지역,40-44,40-49,중장년,20,1,0.95,7.72,0.386,0.0,7.72,7.72,0,5e-06,0.097266
29155,광주광역시,남구,기타 지역,45-49,40-49,중장년,20,2,0.9,12.58,0.629,0.0,6.29,12.58,0,7e-06,0.158498
29155,광주광역시,남구,기타 지역,50-54,50-59,중장년,34,3,0.911765,15.42,0.4535,0.0,5.0,15.42,0,9e-06,0.19428
29155,광주광역시,남구,기타 지역,55-59,50-59,중장년,5,0,1.0,0.0,0.0,0.0,,0.0,0,0.0,0.0
29155,광주광역시,남구,기타 지역,60-64,60-69,중장년,4,0,1.0,0.0,0.0,0.0,,0.0,0,0.0,0.0
29155,광주광역시,남구,기타 지역,65-69,60-69,고령,13,1,0.923077,3.76,0.2892,0.0,3.76,3.76,0,2e-06,0.047373
29155,광주광역시,남구,기타 지역,70-74,70-79,고령,9,0,1.0,0.0,0.0,0.0,,0.0,0,0.0,0.0
29155,광주광역시,남구,기타 지역,75-79,70-79,고령,5,0,1.0,0.0,0.0,0.0,,0.0,0,0.0,0.0
29155,광주광역시,남구,기타 지역,80+,80+,고령,9,0,1.0,0.0,0.0,0.0,,0.0,0,0.0,0.0
29170,광주광역시,북구,기타 지역,00-09,00-09,아동청소년,7,1,0.857143,15.23,2.1757,0.0,15.23,15.23,0,9e-06,0.028234
29170,광주광역시,북구,기타 지역,10-14,10-19,아동청소년,18,5,0.722222,35.81,1.9894,0.0,4.39,35.81,0,2.1e-05,0.066386
29170,광주광역시,북구,기타 지역,15-19,10-19,아동청소년,9,2,0.777778,12.43,1.3811,0.0,6.215,12.43,0,7e-06,0.023043
29170,광주광역시,북구,기타 지역,20-24,20-29,청년,33,10,0.69697,55.88,1.6933,0.0,5.07,55.88,0,3.3e-05,0.103593
29170,광주광역시,북구,기타 지역,25-29,20-29,청년,22,2,0.909091,6.99,0.3177,0.0,3.495,6.99,0,4e-06,0.012958
29170,광주광역시,북구,기타 지역,30-34,30-39,청년,33,3,0.909091,11.52,0.3491,0.0,4.11,11.52,0,7e-06,0.021356
29170,광주광역시,북구,기타 지역,35-39,30-39,청년,7,1,0.857143,20.65,2.95,0.0,20.65,20.65,0,1.2e-05,0.038282
29170,광주광역시,북구,기타 지역,40-44,40-49,중장년,54,12,0.777778,142.37,2.6365,0.0,6.245,142.37,0,8.4e-05,0.263932
29170,광주광역시,북구,기타 지역,45-49,40-49,중장년,33,6,0.818182,42.58,1.2903,0.0,5.52,42.58,0,2.5e-05,0.078937
29170,광주광역시,북구,기타 지역,50-54,50-59,중장년,18,3,0.833333,27.41,1.5228,0.0,8.82,27.41,0,1.6e-05,0.050814
29170,광주광역시,북구,기타 지역,55-59,50-59,중장년,13,2,0.846154,9.82,0.7554,0.0,4.91,9.82,0,6e-06,0.018205
29170,광주광역시,북구,기타 지역,60-64,60-69,중장년,48,9,0.8125,67.31,1.4023,0.0,4.61,67.31,0,4e-05,0.124782
29170,광주광역시,북구,기타 지역,65-69,60-69,고령,32,10,0.6875,91.42,2.8569,0.0,4.965,91.42,0,5.4e-05,0.169478
29170,광주광역시,북구,기타 지역,70-74,70-79,고령,23,0,1.0,0.0,0.0,0.0,,0.0,0,0.0,0.0
29170,광주광역시,북구,기타 지역,75-79,70-79,고령,28,0,1.0,0.0,0.0,0.0,,0.0,0,0.0,0.0
29170,광주광역시,북구,기타 지역,80+,80+,고령,8,0,1.0,0.0,0.0,0.0,,0.0,0,0.0,0.0
29200,광주광역시,광산구,기타 지역,00-09,00-09,아동청소년,7,2,0.714286,21.3,3.0429,0.0,10.65,21.3,0,1.3e-05,0.025308
29200,광주광역시,광산구,기타 지역,10-14,10-19,아동청소년,18,3,0.833333,11.96,0.6644,0.0,4.0,11.96,0,7e-06,0.01421
29200,광주광역시,광산구,기타 지역,15-19,10-19,아동청소년,4,3,0.25,20.33,5.0825,6.045,8.1,20.33,0,1.2e-05,0.024155
29200,광주광역시,광산구,기타 지역,20-24,20-29,청년,8,5,0.375,69.74,8.7175,4.465,5.75,69.74,0,4.1e-05,0.082862
29200,광주광역시,광산구,기타 지역,25-29,20-29,청년,3,1,0.666667,4.0,1.3333,0.0,4.0,4.0,0,2e-06,0.004753
29200,광주광역시,광산구,기타 지역,30-34,30-39,청년,21,5,0.761905,39.45,1.8786,0.0,6.0,39.45,0,2.3e-05,0.046873
29200,광주광역시,광산구,기타 지역,35-39,30-39,청년,6,0,1.0,0.0,0.0,0.0,,0.0,0,0.0,0.0
29200,광주광역시,광산구,기타 지역,40-44,40-49,중장년,22,12,0.454545,178.15,8.0977,4.37,6.18,178.15,0,0.000105,0.21167
29200,광주광역시,광산구,기타 지역,45-49,40-49,중장년,19,6,0.684211,41.3,2.1737,0.0,6.54,41.3,0,2.4e-05,0.049071
29200,광주광역시,광산구,기타 지역,50-54,50-59,중장년,22,8,0.636364,143.62,6.5282,0.0,7.555,143.62,0,8.5e-05,0.170643
29200,광주광역시,광산구,기타 지역,55-59,50-59,중장년,7,5,0.285714,82.76,11.8229,4.83,5.76,82.76,0,4.9e-05,0.098332
29200,광주광역시,광산구,기타 지역,60-64,60-69,중장년,12,3,0.75,63.84,5.32,0.0,6.0,63.84,0,3.8e-05,0.075852
29200,광주광역시,광산구,기타 지역,65-69,60-69,고령,12,7,0.416667,70.49,5.8742,3.105,6.86,70.49,0,4.2e-05,0.083753
29200,광주광역시,광산구,기타 지역,70-74,70-79,고령,8,1,0.875,4.0,0.5,0.0,4.0,4.0,0,2e-06,0.004753
29200,광주광역시,광산구,기타 지역,75-79,70-79,고령,5,3,0.4,21.27,4.254,3.33,5.88,21.27,0,1.3e-05,0.025272
29200,광주광역시,광산구,기타 지역,80+,80+,고령,19,7,0.631579,69.43,3.6542,0.0,4.97,69.43,0,4.1e-05,0.082494
30110,대전광역시,동구,기타 지역,00-09,00-09,아동청소년,22,12,0.454545,106.8,4.8545,5.385,8.59,106.8,0,6.3e-05,0.034702
30110,대전광역시,동구,기타 지역,10-14,10-19,아동청소년,40,20,0.5,193.12,4.828,1.725,8.84,193.12,0,0.000114,0.06275
30110,대전광역시,동구,기타 지역,15-19,10-19,아동청소년,6,3,0.5,25.54,4.2567,3.465,8.0,25.54,0,1.5e-05,0.008299
30110,대전광역시,동구,기타 지역,20-24,20-29,청년,38,18,0.526316,140.42,3.6953,0.0,6.715,140.42,0,8.3e-05,0.045627
30110,대전광역시,동구,기타 지역,25-29,20-29,청년,5,2,0.6,9.98,1.996,0.0,4.99,9.98,0,6e-06,0.003243
30110,대전광역시,동구,기타 지역,30-34,30-39,청년,23,10,0.565217,121.95,5.3022,0.0,7.045,121.95,0,7.2e-05,0.039625
30110,대전광역시,동구,기타 지역,35-39,30-39,청년,19,13,0.315789,597.7,31.4579,6.48,12.06,597.7,0,0.000354,0.19421
30110,대전광역시,동구,기타 지역,40-44,40-49,중장년,30,16,0.466667,180.43,6.0143,3.48,7.32,180.43,0,0.000107,0.058627
30110,대전광역시,동구,기타 지역,45-49,40-49,중장년,35,25,0.285714,260.88,7.4537,7.84,8.65,260.88,0,0.000154,0.084768
30110,대전광역시,동구,기타 지역,50-54,50-59,중장년,38,23,0.394737,302.37,7.9571,3.915,7.44,302.37,0,0.000179,0.098249
30110,대전광역시,동구,기타 지역,55-59,50-59,중장년,4,3,0.25,29.38,7.345,8.43,8.47,29.38,0,1.7e-05,0.009546
30110,대전광역시,동구,기타 지역,60-64,60-69,중장년,7,4,0.428571,30.95,4.4214,5.22,7.795,30.95,0,1.8e-05,0.010057
30110,대전광역시,동구,기타 지역,65-69,60-69,고령,44,32,0.272727,278.35,6.3261,5.475,8.035,278.35,0,0.000165,0.090444
30110,대전광역시,동구,기타 지역,70-74,70-79,고령,4,1,0.75,8.12,2.03,0.0,8.12,8.12,0,5e-06,0.002638
30110,대전광역시,동구,기타 지역,75-79,70-79,고령,15,8,0.466667,765.1,51.0067,7.32,11.085,765.1,0,0.000453,0.248604
30110,대전광역시,동구,기타 지역,80+,80+,고령,12,3,0.75,26.5,2.2083,0.0,8.18,26.5,0,1.6e-05,0.008611
30140,대전광역시,중구,기타 지역,00-09,00-09,아동청소년,18,3,0.833333,27.71,1.5394,0.0,8.86,27.71,0,1.6e-05,0.027073
30140,대전광역시,중구,기타 지역,10-14,10-19,아동청소년,20,6,0.7,41.33,2.0665,0.0,6.54,41.33,0,2.4e-05,0.04038
30140,대전광역시,중구,기타 지역,15-19,10-19,아동청소년,14,7,0.5,69.45,4.9607,2.055,5.59,69.45,0,4.1e-05,0.067854
30140,대전광역시,중구,기타 지역,20-24,20-29,청년,34,18,0.470588,93.17,2.7403,3.525,4.645,93.17,0,5.5e-05,0.091029
30140,대전광역시,중구,기타 지역,25-29,20-29,청년,7,2,0.714286,14.38,2.0543,0.0,7.19,14.38,0,9e-06,0.01405
30140,대전광역시,중구,기타 지역,30-34,30-39,청년,36,12,0.666667,66.85,1.8569,0.0,4.78,66.85,0,4e-05,0.065314
30140,대전광역시,중구,기타 지역,35-39,30-39,청년,23,8,0.652174,72.97,3.1726,0.0,6.05,72.97,0,4.3e-05,0.071293
30140,대전광역시,중구,기타 지역,40-44,40-49,중장년,37,14,0.621622,103.84,2.8065,0.0,6.375,103.84,0,6.1e-05,0.101454
30140,대전광역시,중구,기타 지역,45-49,40-49,중장년,49,19,0.612245,144.98,2.9588,0.0,7.23,144.98,0,8.6e-05,0.141648
30140,대전광역시,중구,기타 지역,50-54,50-59,중장년,39,17,0.564103,231.32,5.9313,0.0,6.77,231.32,0,0.000137,0.226004
30140,대전광역시,중구,기타 지역,55-59,50-59,중장년,8,6,0.25,31.75,3.9688,4.81,5.065,31.75,0,1.9e-05,0.03102
30140,대전광역시,중구,기타 지역,60-64,60-69,중장년,25,8,0.68,67.15,2.686,0.0,5.505,67.15,0,4e-05,0.065607
30140,대전광역시,중구,기타 지역,65-69,60-69,고령,22,7,0.681818,32.41,1.4732,0.0,4.28,32.41,0,1.9e-05,0.031665
30140,대전광역시,중구,기타 지역,70-74,70-79,고령,18,1,0.944444,4.0,0.2222,0.0,4.0,4.0,0,2e-06,0.003908
30140,대전광역시,중구,기타 지역,75-79,70-79,고령,9,1,0.888889,7.16,0.7956,0.0,7.16,7.16,0,4e-06,0.006995
30140,대전광역시,중구,기타 지역,80+,80+,고령,21,2,0.904762,15.05,0.7167,0.0,7.525,15.05,0,9e-06,0.014704
30170,대전광역시,서구,기타 지역,00-09,00-09,아동청소년,14,8,0.428571,286.64,20.4743,7.455,19.16,286.64,0,0.00017,0.006139
30170,대전광역시,서구,기타 지역,10-14,10-19,아동청소년,12,5,0.583333,54.21,4.5175,0.0,10.33,54.21,0,3.2e-05,0.001161
30170,대전광역시,서구,기타 지역,15-19,10-19,아동청소년,9,3,0.666667,3356.31,372.9233,0.0,6.58,3356.31,0,0.001986,0.071886
30170,대전광역시,서구,기타 지역,20-24,20-29,청년,28,21,0.25,2379.05,84.9661,11.405,12.49,2379.05,0,0.001408,0.050955
30170,대전광역시,서구,기타 지역,25-29,20-29,청년,16,10,0.375,3232.96,202.06,10.73,20.08,3232.96,0,0.001913,0.069244
30170,대전광역시,서구,기타 지역,30-34,30-39,청년,17,8,0.529412,3665.78,215.6341,0.0,11.57,3665.78,0,0.002169,0.078514
30170,대전광역시,서구,기타 지역,35-39,30-39,청년,43,24,0.44186,5781.2,134.4465,6.0,22.11,5781.2,0,0.003421,0.123822
30170,대전광역시,서구,기타 지역,40-44,40-49,중장년,20,18,0.1,10479.76,523.988,12.595,15.865,10479.76,0,0.0062,0.224457
30170,대전광역시,서구,기타 지역,45-49,40-49,중장년,25,17,0.32,242.8,9.712,7.66,9.24,242.8,0,0.000144,0.0052
30170,대전광역시,서구,기타 지역,50-54,50-59,중장년,20,13,0.35,3826.39,191.3195,9.085,20.74,3826.39,0,0.002264,0.081954
30170,대전광역시,서구,기타 지역,55-59,50-59,중장년,8,8,0.0,3682.95,460.3688,6.89,6.89,3682.95,0,0.002179,0.078882
30170,대전광역시,서구,기타 지역,60-64,60-69,중장년,4,1,0.75,3289.87,822.4675,0.0,3289.87,3289.87,0,0.001946,0.070463
30170,대전광역시,서구,기타 지역,65-69,60-69,고령,21,14,0.333333,6294.89,299.7567,4.98,6.35,6294.89,0,0.003724,0.134825
30170,대전광역시,서구,기타 지역,70-74,70-79,고령,11,2,0.818182,54.14,4.9218,0.0,27.07,54.14,0,3.2e-05,0.00116
30170,대전광역시,서구,기타 지역,75-79,70-79,고령,7,2,0.714286,33.58,4.7971,0.0,16.79,33.58,0,2e-05,0.000719
30170,대전광역시,서구,기타 지역,80+,80+,고령,9,3,0.666667,28.93,3.2144,0.0,11.26,28.93,0,1.7e-05,0.00062
30200,대전광역시,유성구,기타 지역,00-09,00-09,아동청소년,15,6,0.6,64.92,4.328,0.0,11.04,64.92,0,3.8e-05,0.013903
30200,대전광역시,유성구,기타 지역,10-14,10-19,아동청소년,10,5,0.5,57.97,5.797,3.64,12.57,57.97,0,3.4e-05,0.012415
30200,대전광역시,유성구,기타 지역,15-19,10-19,아동청소년,8,4,0.5,31.61,3.9512,2.14,8.695,31.61,0,1.9e-05,0.00677
30200,대전광역시,유성구,기타 지역,20-24,20-29,청년,14,8,0.428571,92.52,6.6086,6.515,10.055,92.52,0,5.5e-05,0.019814
30200,대전광역시,유성구,기타 지역,25-29,20-29,청년,21,7,0.666667,100.58,4.7895,0.0,12.6,100.58,0,6e-05,0.02154
30200,대전광역시,유성구,기타 지역,30-34,30-39,청년,23,10,0.565217,161.66,7.0287,0.0,6.67,161.66,0,9.6e-05,0.034621
30200,대전광역시,유성구,기타 지역,35-39,30-39,청년,28,14,0.5,259.92,9.2829,1.645,11.82,259.92,0,0.000154,0.055664
30200,대전광역시,유성구,기타 지역,40-44,40-49,중장년,34,10,0.705882,2847.38,83.7465,0.0,18.0,2847.38,0,0.001685,0.609793
30200,대전광역시,유성구,기타 지역,45-49,40-49,중장년,16,7,0.5625,94.64,5.915,0.0,7.47,94.64,0,5.6e-05,0.020268
30200,대전광역시,유성구,기타 지역,50-54,50-59,중장년,20,13,0.35,180.28,9.014,6.97,11.65,180.28,0,0.000107,0.038609
30200,대전광역시,유성구,기타 지역,55-59,50-59,중장년,6,4,0.333333,98.01,16.335,6.845,12.51,98.01,0,5.8e-05,0.02099
30200,대전광역시,유성구,기타 지역,60-64,60-69,중장년,10,6,0.4,92.71,9.271,9.155,15.83,92.71,0,5.5e-05,0.019855
30200,대전광역시,유성구,기타 지역,65-69,60-69,고령,15,8,0.466667,54.51,3.634,3.0,5.07,54.51,0,3.2e-05,0.011674
30200,대전광역시,유성구,기타 지역,70-74,70-79,고령,25,11,0.56,169.81,6.7924,0.0,12.18,169.81,0,0.0001,0.036366
30200,대전광역시,유성구,기타 지역,75-79,70-79,고령,53,29,0.45283,362.9,6.8472,7.03,10.52,362.9,0,0.000215,0.077718
30200,대전광역시,유성구,기타 지역,80+,80+,고령,2,0,1.0,0.0,0.0,0.0,,0.0,0,0.0,0.0
30230,대전광역시,대덕구,기타 지역,00-09,00-09,아동청소년,5,3,0.4,33.04,6.608,8.79,12.07,33.04,0,2e-05,0.006011
30230,대전광역시,대덕구,기타 지역,10-14,10-19,아동청소년,36,15,0.583333,512.09,14.2247,0.0,8.96,512.09,0,0.000303,0.093169
30230,대전광역시,대덕구,기타 지역,15-19,10-19,아동청소년,7,5,0.285714,32.05,4.5786,5.45,6.0,32.05,0,1.9e-05,0.005831
30230,대전광역시,대덕구,기타 지역,20-24,20-29,청년,49,22,0.55102,230.26,4.6992,0.0,5.09,230.26,0,0.000136,0.041893
30230,대전광역시,대덕구,기타 지역,25-29,20-29,청년,12,6,0.5,33.11,2.7592,1.62,5.66,33.11,0,2e-05,0.006024
30230,대전광역시,대덕구,기타 지역,30-34,30-39,청년,30,13,0.566667,94.13,3.1377,0.0,5.47,94.13,0,5.6e-05,0.017126
30230,대전광역시,대덕구,기타 지역,35-39,30-39,청년,38,20,0.473684,3583.96,94.3147,3.175,7.21,3583.96,0,0.00212,0.652062
30230,대전광역시,대덕구,기타 지역,40-44,40-49,중장년,55,26,0.527273,266.37,4.8431,0.0,8.09,266.37,0,0.000158,0.048463
30230,대전광역시,대덕구,기타 지역,45-49,40-49,중장년,19,12,0.368421,101.99,5.3679,4.0,5.69,101.99,0,6e-05,0.018556
30230,대전광역시,대덕구,기타 지역,50-54,50-59,중장년,24,18,0.25,274.8,11.45,4.385,9.475,274.8,0,0.000163,0.049997
30230,대전광역시,대덕구,기타 지역,55-59,50-59,중장년,11,7,0.363636,37.81,3.4373,4.24,5.21,37.81,0,2.2e-05,0.006879
30230,대전광역시,대덕구,기타 지역,60-64,60-69,중장년,7,3,0.571429,92.26,13.18,0.0,30.13,92.26,0,5.5e-05,0.016786
30230,대전광역시,대덕구,기타 지역,65-69,60-69,고령,8,6,0.25,32.03,4.0038,4.53,5.2,32.03,0,1.9e-05,0.005828
30230,대전광역시,대덕구,기타 지역,70-74,70-79,고령,23,10,0.565217,121.3,5.2739,0.0,5.6,121.3,0,7.2e-05,0.022069
30230,대전광역시,대덕구,기타 지역,75-79,70-79,고령,5,2,0.6,14.39,2.878,0.0,7.195,14.39,0,9e-06,0.002618
30230,대전광역시,대덕구,기타 지역,80+,80+,고령,15,4,0.733333,36.76,2.4507,0.0,8.255,36.76,0,2.2e-05,0.006688
31110,울산광역시,중구,기타 지역,00-09,00-09,아동청소년,20,3,0.85,23.77,1.1885,0.0,8.1,23.77,0,1.4e-05,0.031221
31110,울산광역시,중구,기타 지역,10-14,10-19,아동청소년,13,0,1.0,0.0,0.0,0.0,,0.0,0,0.0,0.0
31110,울산광역시,중구,기타 지역,15-19,10-19,아동청소년,3,1,0.666667,6.08,2.0267,0.0,6.08,6.08,0,4e-06,0.007986
31110,울산광역시,중구,기타 지역,20-24,20-29,청년,26,11,0.576923,80.93,3.1127,0.0,4.17,80.93,0,4.8e-05,0.106299
31110,울산광역시,중구,기타 지역,25-29,20-29,청년,18,4,0.777778,46.76,2.5978,0.0,5.355,46.76,0,2.8e-05,0.061418
31110,울산광역시,중구,기타 지역,30-34,30-39,청년,13,1,0.923077,4.27,0.3285,0.0,4.27,4.27,0,3e-06,0.005609
31110,울산광역시,중구,기타 지역,35-39,30-39,청년,22,6,0.727273,76.64,3.4836,0.0,8.595,76.64,0,4.5e-05,0.100665
31110,울산광역시,중구,기타 지역,40-44,40-49,중장년,39,11,0.717949,72.33,1.8546,0.0,6.0,72.33,0,4.3e-05,0.095004
31110,울산광역시,중구,기타 지역,45-49,40-49,중장년,34,9,0.735294,124.63,3.6656,0.0,6.96,124.63,0,7.4e-05,0.163698
31110,울산광역시,중구,기타 지역,50-54,50-59,중장년,14,5,0.642857,59.91,4.2793,0.0,3.83,59.91,0,3.5e-05,0.07869
31110,울산광역시,중구,기타 지역,55-59,50-59,중장년,21,8,0.619048,45.08,2.1467,0.0,4.185,45.08,0,2.7e-05,0.059211
31110,울산광역시,중구,기타 지역,60-64,60-69,중장년,4,2,0.5,8.88,2.22,2.175,4.44,8.88,0,5e-06,0.011664
31110,울산광역시,중구,기타 지역,65-69,60-69,고령,21,5,0.761905,23.03,1.0967,0.0,4.29,23.03,0,1.4e-05,0.030249
31110,울산광역시,중구,기타 지역,70-74,70-79,고령,6,1,0.833333,39.75,6.625,0.0,39.75,39.75,0,2.4e-05,0.052211
31110,울산광역시,중구,기타 지역,75-79,70-79,고령,5,2,0.6,113.74,22.748,0.0,56.87,113.74,0,6.7e-05,0.149394
31110,울산광역시,중구,기타 지역,80+,80+,고령,18,4,0.777778,35.54,1.9744,0.0,8.625,35.54,0,2.1e-05,0.046681
31140,울산광역시,남구,기타 지역,00-09,00-09,아동청소년,5,1,0.8,6.93,1.386,0.0,6.93,6.93,0,4e-06,0.00439
31140,울산광역시,남구,기타 지역,10-14,10-19,아동청소년,17,6,0.647059,44.72,2.6306,0.0,5.345,44.72,0,2.6e-05,0.028329
31140,울산광역시,남구,기타 지역,15-19,10-19,아동청소년,32,12,0.625,292.44,9.1388,0.0,5.78,292.44,0,0.000173,0.185252
31140,울산광역시,남구,기타 지역,20-24,20-29,청년,44,17,0.613636,164.61,3.7411,0.0,5.3,164.61,0,9.7e-05,0.104275
31140,울산광역시,남구,기타 지역,25-29,20-29,청년,7,2,0.714286,7.8,1.1143,0.0,3.9,7.8,0,5e-06,0.004941
31140,울산광역시,남구,기타 지역,30-34,30-39,청년,3,1,0.666667,4.38,1.46,0.0,4.38,4.38,0,3e-06,0.002775
31140,울산광역시,남구,기타 지역,35-39,30-39,청년,35,15,0.571429,225.29,6.4369,0.0,11.44,225.29,0,0.000133,0.142714
31140,울산광역시,남구,기타 지역,40-44,40-49,중장년,54,20,0.62963,149.19,2.7628,0.0,6.645,149.19,0,8.8e-05,0.094507
31140,울산광역시,남구,기타 지역,45-49,40-49,중장년,24,13,0.458333,209.17,8.7154,4.62,7.42,209.17,0,0.000124,0.132503
31140,울산광역시,남구,기타 지역,50-54,50-59,중장년,32,11,0.65625,80.87,2.5272,0.0,8.84,80.87,0,4.8e-05,0.051229
31140,울산광역시,남구,기타 지역,55-59,50-59,중장년,14,10,0.285714,146.59,10.4707,4.89,7.195,146.59,0,8.7e-05,0.09286
31140,울산광역시,남구,기타 지역,60-64,60-69,중장년,14,5,0.642857,51.18,3.6557,0.0,6.0,51.18,0,3e-05,0.032421
31140,울산광역시,남구,기타 지역,65-69,60-69,고령,14,6,0.571429,37.17,2.655,0.0,6.06,37.17,0,2.2e-05,0.023546
31140,울산광역시,남구,기타 지역,70-74,70-79,고령,13,3,0.769231,95.7,7.3615,0.0,35.73,95.7,0,5.7e-05,0.060623
31140,울산광역시,남구,기타 지역,75-79,70-79,고령,15,1,0.933333,55.57,3.7047,0.0,55.57,55.57,0,3.3e-05,0.035202
31140,울산광역시,남구,기타 지역,80+,80+,고령,13,2,0.846154,7.0,0.5385,0.0,3.5,7.0,0,4e-06,0.004434
31170,울산광역시,동구,기타 지역,00-09,00-09,아동청소년,6,1,0.833333,3.77,0.6283,0.0,3.77,3.77,0,2e-06,0.014256
31170,울산광역시,동구,기타 지역,10-14,10-19,아동청소년,10,1,0.9,3.4,0.34,0.0,3.4,3.4,0,2e-06,0.012857
31170,울산광역시,동구,기타 지역,15-19,10-19,아동청소년,16,2,0.875,15.4,0.9625,0.0,7.7,15.4,0,9e-06,0.058234
31170,울산광역시,동구,기타 지역,20-24,20-29,청년,8,3,0.625,12.2,1.525,0.0,4.03,12.2,0,7e-06,0.046133
31170,울산광역시,동구,기타 지역,25-29,20-29,청년,14,2,0.857143,10.84,0.7743,0.0,5.42,10.84,0,6e-06,0.040991
31170,울산광역시,동구,기타 지역,30-34,30-39,청년,5,3,0.4,16.53,3.306,3.7,4.02,16.53,0,1e-05,0.062507
31170,울산광역시,동구,기타 지역,35-39,30-39,청년,16,3,0.8125,33.59,2.0994,0.0,9.29,33.59,0,2e-05,0.127018
31170,울산광역시,동구,기타 지역,40-44,40-49,중장년,16,2,0.875,27.61,1.7256,0.0,13.805,27.61,0,1.6e-05,0.104405
31170,울산광역시,동구,기타 지역,45-49,40-49,중장년,21,9,0.571429,75.64,3.6019,0.0,8.29,75.64,0,4.5e-05,0.286028
31170,울산광역시,동구,기타 지역,50-54,50-59,중장년,12,3,0.75,20.78,1.7317,0.0,6.75,20.78,0,1.2e-05,0.078578
31170,울산광역시,동구,기타 지역,55-59,50-59,중장년,1,0,1.0,0.0,0.0,0.0,,0.0,0,0.0,0.0
31170,울산광역시,동구,기타 지역,60-64,60-69,중장년,18,2,0.888889,24.84,1.38,0.0,12.42,24.84,0,1.5e-05,0.093931
31170,울산광역시,동구,기타 지역,65-69,60-69,고령,8,3,0.625,19.85,2.4812,0.0,4.47,19.85,0,1.2e-05,0.075061
31170,울산광역시,동구,기타 지역,70-74,70-79,고령,10,0,1.0,0.0,0.0,0.0,,0.0,0,0.0,0.0
31170,울산광역시,동구,기타 지역,75-79,70-79,고령,12,0,1.0,0.0,0.0,0.0,,0.0,0,0.0,0.0
31170,울산광역시,동구,기타 지역,80+,80+,고령,3,0,1.0,0.0,0.0,0.0,,0.0,0,0.0,0.0
31200,울산광역시,북구,기타 지역,00-09,00-09,아동청소년,10,2,0.8,28.69,2.869,0.0,14.345,28.69,0,1.7e-05,0.04794
31200,울산광역시,북구,기타 지역,10-14,10-19,아동청소년,44,6,0.863636,48.48,1.1018,0.0,8.335,48.48,0,2.9e-05,0.081008
31200,울산광역시,북구,기타 지역,15-19,10-19,아동청소년,8,2,0.75,10.21,1.2763,0.0,5.105,10.21,0,6e-06,0.01706
31200,울산광역시,북구,기타 지역,20-24,20-29,청년,31,14,0.548387,131.83,4.2526,0.0,6.49,131.83,0,7.8e-05,0.220282
31200,울산광역시,북구,기타 지역,25-29,20-29,청년,8,2,0.75,27.05,3.3812,0.0,13.525,27.05,0,1.6e-05,0.045199
31200,울산광역시,북구,기타 지역,30-34,30-39,청년,16,5,0.6875,34.45,2.1531,0.0,5.58,34.45,0,2e-05,0.057564
31200,울산광역시,북구,기타 지역,35-39,30-39,청년,12,4,0.666667,39.36,3.28,0.0,8.36,39.36,0,2.3e-05,0.065769
31200,울산광역시,북구,기타 지역,40-44,40-49,중장년,31,6,0.806452,42.65,1.3758,0.0,7.395,42.65,0,2.5e-05,0.071266
31200,울산광역시,북구,기타 지역,45-49,40-49,중장년,17,1,0.941176,5.8,0.3412,0.0,5.8,5.8,0,3e-06,0.009692
31200,울산광역시,북구,기타 지역,50-54,50-59,중장년,24,10,0.583333,80.35,3.3479,0.0,8.705,80.35,0,4.8e-05,0.134261
31200,울산광역시,북구,기타 지역,55-59,50-59,중장년,25,8,0.68,32.71,1.3084,0.0,3.92,32.71,0,1.9e-05,0.054657
31200,울산광역시,북구,기타 지역,60-64,60-69,중장년,12,1,0.916667,12.97,1.0808,0.0,12.97,12.97,0,8e-06,0.021672
31200,울산광역시,북구,기타 지역,65-69,60-69,고령,34,13,0.617647,82.93,2.4391,0.0,4.0,82.93,0,4.9e-05,0.138572
31200,울산광역시,북구,기타 지역,70-74,70-79,고령,6,0,1.0,0.0,0.0,0.0,,0.0,0,0.0,0.0
31200,울산광역시,북구,기타 지역,75-79,70-79,고령,6,1,0.833333,9.17,1.5283,0.0,9.17,9.17,0,5e-06,0.015323
31200,울산광역시,북구,기타 지역,80+,80+,고령,7,2,0.714286,11.81,1.6871,0.0,5.905,11.81,0,7e-06,0.019734
31710,울산광역시,울주군,기타 지역,00-09,00-09,아동청소년,10,2,0.8,7.81,0.781,0.0,3.905,7.81,0,5e-06,0.007113
31710,울산광역시,울주군,기타 지역,10-14,10-19,아동청소년,22,4,0.818182,28.55,1.2977,0.0,5.345,28.55,0,1.7e-05,0.026
31710,울산광역시,울주군,기타 지역,15-19,10-19,아동청소년,12,3,0.75,16.25,1.3542,0.0,4.4,16.25,0,1e-05,0.014799
31710,울산광역시,울주군,기타 지역,20-24,20-29,청년,26,10,0.615385,52.83,2.0319,0.0,4.4,52.83,0,3.1e-05,0.048112
31710,울산광역시,울주군,기타 지역,25-29,20-29,청년,13,6,0.538462,34.8,2.6769,0.0,5.2,34.8,0,2.1e-05,0.031692
31710,울산광역시,울주군,기타 지역,30-34,30-39,청년,40,19,0.525,105.9,2.6475,0.0,5.79,105.9,0,6.3e-05,0.096443
31710,울산광역시,울주군,기타 지역,35-39,30-39,청년,5,4,0.2,45.98,9.196,5.5,5.53,45.98,0,2.7e-05,0.041874
31710,울산광역시,울주군,기타 지역,40-44,40-49,중장년,24,11,0.541667,71.48,2.9783,0.0,5.0,71.48,0,4.2e-05,0.065097
31710,울산광역시,울주군,기타 지역,45-49,40-49,중장년,18,8,0.555556,567.14,31.5078,0.0,5.32,567.14,0,0.000336,0.516493
31710,울산광역시,울주군,기타 지역,50-54,50-59,중장년,14,7,0.5,44.92,3.2086,2.0,6.86,44.92,0,2.7e-05,0.040909
31710,울산광역시,울주군,기타 지역,55-59,50-59,중장년,14,10,0.285714,43.11,3.0793,4.0,4.185,43.11,0,2.6e-05,0.03926
31710,울산광역시,울주군,기타 지역,60-64,60-69,중장년,2,1,0.5,5.07,2.535,2.535,5.07,5.07,0,3e-06,0.004617
31710,울산광역시,울주군,기타 지역,65-69,60-69,고령,11,5,0.545455,28.05,2.55,0.0,6.14,28.05,0,1.7e-05,0.025545
31710,울산광역시,울주군,기타 지역,70-74,70-79,고령,4,0,1.0,0.0,0.0,0.0,,0.0,0,0.0,0.0
31710,울산광역시,울주군,기타 지역,75-79,70-79,고령,9,5,0.444444,40.32,4.48,3.11,7.62,40.32,0,2.4e-05,0.036719
31710,울산광역시,울주군,기타 지역,80+,80+,고령,3,1,0.666667,5.85,1.95,0.0,5.85,5.85,0,3e-06,0.005328
36110,세종특별자치시,세종특별자치시,기타 지역,00-09,00-09,아동청소년,2,0,1.0,0.0,0.0,0.0,,0.0,0,0.0,0.0
36110,세종특별자치시,세종특별자치시,기타 지역,10-14,10-19,아동청소년,37,14,0.621622,1441.86,38.9692,0.0,13.25,1441.86,0,0.000853,0.232794
36110,세종특별자치시,세종특별자치시,기타 지역,15-19,10-19,아동청소년,6,3,0.5,2708.11,451.3517,2.615,6.9,2708.11,0,0.001602,0.437236
36110,세종특별자치시,세종특별자치시,기타 지역,20-24,20-29,청년,34,23,0.323529,257.63,7.5774,4.415,5.43,257.63,0,0.000152,0.041595
36110,세종특별자치시,세종특별자치시,기타 지역,25-29,20-29,청년,6,5,0.166667,33.55,5.5917,4.215,4.43,33.55,0,2e-05,0.005417
36110,세종특별자치시,세종특별자치시,기타 지역,30-34,30-39,청년,55,28,0.490909,268.69,4.8853,3.22,8.66,268.69,0,0.000159,0.043381
36110,세종특별자치시,세종특별자치시,기타 지역,35-39,30-39,청년,5,4,0.2,105.9,21.18,25.82,30.285,105.9,0,6.3e-05,0.017098
36110,세종특별자치시,세종특별자치시,기타 지역,40-44,40-49,중장년,14,10,0.285714,92.71,6.6221,6.855,8.34,92.71,0,5.5e-05,0.014968
36110,세종특별자치시,세종특별자치시,기타 지역,45-49,40-49,중장년,16,12,0.25,158.85,9.9281,5.25,7.49,158.85,0,9.4e-05,0.025647
36110,세종특별자치시,세종특별자치시,기타 지역,50-54,50-59,중장년,27,17,0.37037,288.08,10.6696,4.36,6.35,288.08,0,0.00017,0.046512
36110,세종특별자치시,세종특별자치시,기타 지역,55-59,50-59,중장년,19,17,0.105263,162.16,8.5347,4.36,4.55,162.16,0,9.6e-05,0.026181
36110,세종특별자치시,세종특별자치시,기타 지역,60-64,60-69,중장년,28,14,0.5,182.09,6.5032,1.585,5.635,182.09,0,0.000108,0.029399
36110,세종특별자치시,세종특별자치시,기타 지역,65-69,60-69,고령,20,16,0.2,164.58,8.229,4.54,5.12,164.58,0,9.7e-05,0.026572
36110,세종특별자치시,세종특별자치시,기타 지역,70-74,70-79,고령,18,9,0.5,97.89,5.4383,2.185,8.21,97.89,0,5.8e-05,0.015805
36110,세종특별자치시,세종특별자치시,기타 지역,75-79,70-79,고령,4,1,0.75,3.53,0.8825,0.0,3.53,3.53,0,2e-06,0.00057
36110,세종특별자치시,세종특별자치시,기타 지역,80+,80+,고령,13,4,0.692308,228.08,17.5446,0.0,37.67,228.08,0,0.000135,0.036824
41111,경기도,수원시 장안구,수도권,00-09,00-09,아동청소년,7,0,1.0,0.0,0.0,0.0,,0.0,0,0.0,0.0
41111,경기도,수원시 장안구,수도권,10-14,10-19,아동청소년,14,3,0.785714,27.16,1.94,0.0,9.16,27.16,0,1.6e-05,0.050045
41111,경기도,수원시 장안구,수도권,15-19,10-19,아동청소년,4,0,1.0,0.0,0.0,0.0,,0.0,0,0.0,0.0
41111,경기도,수원시 장안구,수도권,20-24,20-29,청년,24,6,0.75,26.45,1.1021,0.0,4.0,26.45,0,1.6e-05,0.048737
41111,경기도,수원시 장안구,수도권,25-29,20-29,청년,10,3,0.7,14.36,1.436,0.0,4.62,14.36,0,8e-06,0.02646
41111,경기도,수원시 장안구,수도권,30-34,30-39,청년,20,4,0.8,24.14,1.207,0.0,4.66,24.14,0,1.4e-05,0.04448
41111,경기도,수원시 장안구,수도권,35-39,30-39,청년,18,9,0.5,134.86,7.4922,2.0,6.49,134.86,0,8e-05,0.248494
41111,경기도,수원시 장안구,수도권,40-44,40-49,중장년,33,12,0.636364,91.32,2.7673,0.0,5.165,91.32,0,5.4e-05,0.168267
41111,경기도,수원시 장안구,수도권,45-49,40-49,중장년,17,7,0.588235,64.38,3.7871,0.0,8.0,64.38,0,3.8e-05,0.118627
41111,경기도,수원시 장안구,수도권,50-54,50-59,중장년,24,7,0.708333,41.12,1.7133,0.0,4.01,41.12,0,2.4e-05,0.075768
41111,경기도,수원시 장안구,수도권,55-59,50-59,중장년,20,7,0.65,45.02,2.251,0.0,4.0,45.02,0,2.7e-05,0.082954
41111,경기도,수원시 장안구,수도권,60-64,60-69,중장년,14,3,0.785714,15.41,1.1007,0.0,5.0,15.41,0,9e-06,0.028395
41111,경기도,수원시 장안구,수도권,65-69,60-69,고령,4,0,1.0,0.0,0.0,0.0,,0.0,0,0.0,0.0
41111,경기도,수원시 장안구,수도권,70-74,70-79,고령,16,5,0.6875,46.31,2.8944,0.0,6.86,46.31,0,2.7e-05,0.085331
41111,경기도,수원시 장안구,수도권,75-79,70-79,고령,1,0,1.0,0.0,0.0,0.0,,0.0,0,0.0,0.0
41111,경기도,수원시 장안구,수도권,80+,80+,고령,15,1,0.933333,12.18,0.812,0.0,12.18,12.18,0,7e-06,0.022443
41113,경기도,수원시 권선구,수도권,00-09,00-09,아동청소년,34,4,0.882353,31.0,0.9118,0.0,8.335,31.0,0,1.8e-05,0.050584
41113,경기도,수원시 권선구,수도권,10-14,10-19,아동청소년,19,3,0.842105,22.92,1.2063,0.0,5.64,22.92,0,1.4e-05,0.0374
41113,경기도,수원시 권선구,수도권,15-19,10-19,아동청소년,13,3,0.769231,14.43,1.11,0.0,4.41,14.43,0,9e-06,0.023546
41113,경기도,수원시 권선구,수도권,20-24,20-29,청년,30,15,0.5,101.2,3.3733,1.79,4.46,101.2,0,6e-05,0.165133
41113,경기도,수원시 권선구,수도권,25-29,20-29,청년,17,6,0.647059,43.89,2.5818,0.0,5.465,43.89,0,2.6e-05,0.071617
41113,경기도,수원시 권선구,수도권,30-34,30-39,청년,14,5,0.642857,29.21,2.0864,0.0,3.52,29.21,0,1.7e-05,0.047663
41113,경기도,수원시 권선구,수도권,35-39,30-39,청년,16,5,0.6875,43.81,2.7381,0.0,8.0,43.81,0,2.6e-05,0.071487
41113,경기도,수원시 권선구,수도권,40-44,40-49,중장년,24,3,0.875,24.1,1.0042,0.0,7.1,24.1,0,1.4e-05,0.039325
41113,경기도,수원시 권선구,수도권,45-49,40-49,중장년,55,14,0.745455,96.96,1.7629,0.0,6.0,96.96,0,5.7e-05,0.158214
41113,경기도,수원시 권선구,수도권,50-54,50-59,중장년,11,2,0.818182,12.1,1.1,0.0,6.05,12.1,0,7e-06,0.019744
41113,경기도,수원시 권선구,수도권,55-59,50-59,중장년,31,15,0.516129,84.31,2.7197,0.0,5.43,84.31,0,5e-05,0.137573
41113,경기도,수원시 권선구,수도권,60-64,60-69,중장년,24,10,0.583333,63.07,2.6279,0.0,4.88,63.07,0,3.7e-05,0.102914
41113,경기도,수원시 권선구,수도권,65-69,60-69,고령,18,7,0.611111,33.39,1.855,0.0,4.11,33.39,0,2e-05,0.054484
41113,경기도,수원시 권선구,수도권,70-74,70-79,고령,3,1,0.666667,4.15,1.3833,0.0,4.15,4.15,0,2e-06,0.006772
41113,경기도,수원시 권선구,수도권,75-79,70-79,고령,12,1,0.916667,4.18,0.3483,0.0,4.18,4.18,0,2e-06,0.006821
41113,경기도,수원시 권선구,수도권,80+,80+,고령,13,1,0.923077,4.12,0.3169,0.0,4.12,4.12,0,2e-06,0.006723
41115,경기도,수원시 팔달구,수도권,00-09,00-09,아동청소년,15,1,0.933333,6.93,0.462,0.0,6.93,6.93,0,4e-06,0.002112
41115,경기도,수원시 팔달구,수도권,10-14,10-19,아동청소년,60,9,0.85,58.32,0.972,0.0,4.0,58.32,0,3.5e-05,0.017774
41115,경기도,수원시 팔달구,수도권,15-19,10-19,아동청소년,28,4,0.857143,21.8,0.7786,0.0,4.0,21.8,0,1.3e-05,0.006644
41115,경기도,수원시 팔달구,수도권,20-24,20-29,청년,26,5,0.807692,31.44,1.2092,0.0,5.07,31.44,0,1.9e-05,0.009582
41115,경기도,수원시 팔달구,수도권,25-29,20-29,청년,32,6,0.8125,31.08,0.9712,0.0,4.83,31.08,0,1.8e-05,0.009472
41115,경기도,수원시 팔달구,수도권,30-34,30-39,청년,56,7,0.875,50.08,0.8943,0.0,5.27,50.08,0,3e-05,0.015263
41115,경기도,수원시 팔달구,수도권,35-39,30-39,청년,19,3,0.842105,12.79,0.6732,0.0,4.19,12.79,0,8e-06,0.003898
41115,경기도,수원시 팔달구,수도권,40-44,40-49,중장년,33,10,0.69697,67.74,2.0527,0.0,4.305,67.74,0,4e-05,0.020645
41115,경기도,수원시 팔달구,수도권,45-49,40-49,중장년,42,10,0.761905,75.02,1.7862,0.0,5.99,75.02,0,4.4e-05,0.022863
41115,경기도,수원시 팔달구,수도권,50-54,50-59,중장년,28,4,0.857143,21.86,0.7807,0.0,4.735,21.86,0,1.3e-05,0.006662
41115,경기도,수원시 팔달구,수도권,55-59,50-59,중장년,55,18,0.672727,2763.9,50.2527,0.0,6.895,2763.9,0,0.001635,0.842339
41115,경기도,수원시 팔달구,수도권,60-64,60-69,중장년,35,3,0.914286,18.85,0.5386,0.0,4.32,18.85,0,1.1e-05,0.005745
41115,경기도,수원시 팔달구,수도권,65-69,60-69,고령,39,6,0.846154,31.87,0.8172,0.0,4.645,31.87,0,1.9e-05,0.009713
41115,경기도,수원시 팔달구,수도권,70-74,70-79,고령,18,1,0.944444,70.29,3.905,0.0,70.29,70.29,0,4.2e-05,0.021422
41115,경기도,수원시 팔달구,수도권,75-79,70-79,고령,16,3,0.8125,19.25,1.2031,0.0,5.21,19.25,0,1.1e-05,0.005867
41115,경기도,수원시 팔달구,수도권,80+,80+,고령,31,0,1.0,0.0,0.0,0.0,,0.0,0,0.0,0.0
41117,경기도,수원시 영통구,수도권,00-09,00-09,아동청소년,14,1,0.928571,7.55,0.5393,0.0,7.55,7.55,0,4e-06,0.006446
41117,경기도,수원시 영통구,수도권,10-14,10-19,아동청소년,12,2,0.833333,34.35,2.8625,0.0,17.175,34.35,0,2e-05,0.029326
41117,경기도,수원시 영통구,수도권,15-19,10-19,아동청소년,7,3,0.571429,67.22,9.6029,0.0,6.1,67.22,0,4e-05,0.057388
41117,경기도,수원시 영통구,수도권,20-24,20-29,청년,38,23,0.394737,217.5,5.7237,4.0,4.6,217.5,0,0.000129,0.185686
41117,경기도,수원시 영통구,수도권,25-29,20-29,청년,15,8,0.466667,60.71,4.0473,4.13,5.88,60.71,0,3.6e-05,0.05183
41117,경기도,수원시 영통구,수도권,30-34,30-39,청년,20,9,0.55,59.75,2.9875,0.0,4.78,59.75,0,3.5e-05,0.05101
41117,경기도,수원시 영통구,수도권,35-39,30-39,청년,44,18,0.590909,174.76,3.9718,0.0,8.4,174.76,0,0.000103,0.149198
41117,경기도,수원시 영통구,수도권,40-44,40-49,중장년,20,4,0.8,22.48,1.124,0.0,5.855,22.48,0,1.3e-05,0.019192
41117,경기도,수원시 영통구,수도권,45-49,40-49,중장년,38,19,0.5,203.75,5.3618,1.615,7.63,203.75,0,0.000121,0.173948
41117,경기도,수원시 영통구,수도권,50-54,50-59,중장년,26,8,0.692308,76.33,2.9358,0.0,8.0,76.33,0,4.5e-05,0.065165
41117,경기도,수원시 영통구,수도권,55-59,50-59,중장년,13,7,0.461538,61.58,4.7369,4.0,6.0,61.58,0,3.6e-05,0.052573
41117,경기도,수원시 영통구,수도권,60-64,60-69,중장년,19,6,0.684211,48.31,2.5426,0.0,4.01,48.31,0,2.9e-05,0.041244
41117,경기도,수원시 영통구,수도권,65-69,60-69,고령,27,10,0.62963,56.29,2.0848,0.0,4.15,56.29,0,3.3e-05,0.048056
41117,경기도,수원시 영통구,수도권,70-74,70-79,고령,9,0,1.0,0.0,0.0,0.0,,0.0,0,0.0,0.0
41117,경기도,수원시 영통구,수도권,75-79,70-79,고령,4,4,0.0,70.8,17.7,10.375,10.375,70.8,0,4.2e-05,0.060444
41117,경기도,수원시 영통구,수도권,80+,80+,고령,21,2,0.904762,9.95,0.4738,0.0,4.975,9.95,0,6e-06,0.008495
41131,경기도,성남시 수정구,수도권,00-09,00-09,아동청소년,1,0,1.0,0.0,0.0,0.0,,0.0,0,0.0,0.0
41131,경기도,성남시 수정구,수도권,10-14,10-19,아동청소년,21,6,0.714286,62.98,2.999,0.0,4.6,62.98,0,3.7e-05,0.078571
41131,경기도,성남시 수정구,수도권,15-19,10-19,아동청소년,23,3,0.869565,19.48,0.847,0.0,5.22,19.48,0,1.2e-05,0.024302
41131,경기도,성남시 수정구,수도권,20-24,20-29,청년,23,9,0.608696,70.1,3.0478,0.0,6.15,70.1,0,4.1e-05,0.087453
41131,경기도,성남시 수정구,수도권,25-29,20-29,청년,8,1,0.875,3.07,0.3838,0.0,3.07,3.07,0,2e-06,0.00383
41131,경기도,성남시 수정구,수도권,30-34,30-39,청년,28,5,0.821429,29.28,1.0457,0.0,4.18,29.28,0,1.7e-05,0.036528
41131,경기도,성남시 수정구,수도권,35-39,30-39,청년,11,3,0.727273,58.68,5.3345,0.0,18.64,58.68,0,3.5e-05,0.073206
41131,경기도,성남시 수정구,수도권,40-44,40-49,중장년,39,12,0.692308,206.83,5.3033,0.0,7.03,206.83,0,0.000122,0.258031
41131,경기도,성남시 수정구,수도권,45-49,40-49,중장년,15,4,0.733333,14.91,0.994,0.0,3.715,14.91,0,9e-06,0.018601
41131,경기도,성남시 수정구,수도권,50-54,50-59,중장년,16,3,0.8125,20.99,1.3119,0.0,8.61,20.99,0,1.2e-05,0.026186
41131,경기도,성남시 수정구,수도권,55-59,50-59,중장년,24,10,0.583333,61.19,2.5496,0.0,5.77,61.19,0,3.6e-05,0.076338
41131,경기도,성남시 수정구,수도권,60-64,60-69,중장년,16,4,0.75,22.52,1.4075,0.0,6.0,22.52,0,1.3e-05,0.028095
41131,경기도,성남시 수정구,수도권,65-69,60-69,고령,29,11,0.62069,56.32,1.9421,0.0,5.02,56.32,0,3.3e-05,0.070262
41131,경기도,성남시 수정구,수도권,70-74,70-79,고령,77,19,0.753247,134.94,1.7525,0.0,4.51,134.94,0,8e-05,0.168345
41131,경기도,성남시 수정구,수도권,75-79,70-79,고령,5,0,1.0,0.0,0.0,0.0,,0.0,0,0.0,0.0
41131,경기도,성남시 수정구,수도권,80+,80+,고령,31,4,0.870968,40.28,1.2994,0.0,8.535,40.28,0,2.4e-05,0.050251
41133,경기도,성남시 중원구,수도권,00-09,00-09,아동청소년,12,0,1.0,0.0,0.0,0.0,,0.0,0,0.0,0.0
41133,경기도,성남시 중원구,수도권,10-14,10-19,아동청소년,16,3,0.8125,68.85,4.3031,0.0,5.1,68.85,0,4.1e-05,0.257576
41133,경기도,성남시 중원구,수도권,15-19,10-19,아동청소년,10,3,0.7,15.01,1.501,0.0,5.4,15.01,0,9e-06,0.056154
41133,경기도,성남시 중원구,수도권,20-24,20-29,청년,8,2,0.75,28.73,3.5912,0.0,14.365,28.73,0,1.7e-05,0.107482
41133,경기도,성남시 중원구,수도권,25-29,20-29,청년,9,2,0.777778,11.47,1.2744,0.0,5.735,11.47,0,7e-06,0.042911
41133,경기도,성남시 중원구,수도권,30-34,30-39,청년,19,0,1.0,0.0,0.0,0.0,,0.0,0,0.0,0.0
41133,경기도,성남시 중원구,수도권,35-39,30-39,청년,15,3,0.8,70.39,4.6927,0.0,12.33,70.39,0,4.2e-05,0.263337
41133,경기도,성남시 중원구,수도권,40-44,40-49,중장년,28,5,0.821429,25.1,0.8964,0.0,5.4,25.1,0,1.5e-05,0.093902
41133,경기도,성남시 중원구,수도권,45-49,40-49,중장년,7,0,1.0,0.0,0.0,0.0,,0.0,0,0.0,0.0
41133,경기도,성남시 중원구,수도권,50-54,50-59,중장년,18,4,0.777778,31.95,1.775,0.0,8.06,31.95,0,1.9e-05,0.119529
41133,경기도,성남시 중원구,수도권,55-59,50-59,중장년,5,2,0.6,9.8,1.96,0.0,4.9,9.8,0,6e-06,0.036663
41133,경기도,성남시 중원구,수도권,60-64,60-69,중장년,6,0,1.0,0.0,0.0,0.0,,0.0,0,0.0,0.0
41133,경기도,성남시 중원구,수도권,65-69,60-69,고령,5,0,1.0,0.0,0.0,0.0,,0.0,0,0.0,0.0
41133,경기도,성남시 중원구,수도권,70-74,70-79,고령,6,0,1.0,0.0,0.0,0.0,,0.0,0,0.0,0.0
41133,경기도,성남시 중원구,수도권,75-79,70-79,고령,23,0,1.0,0.0,0.0,0.0,,0.0,0,0.0,0.0
41133,경기도,성남시 중원구,수도권,80+,80+,고령,16,1,0.9375,6.0,0.375,0.0,6.0,6.0,0,4e-06,0.022447
41135,경기도,성남시 분당구,수도권,00-09,00-09,아동청소년,14,5,0.642857,40.08,2.8629,0.0,8.0,40.08,0,2.4e-05,0.028829
41135,경기도,성남시 분당구,수도권,10-14,10-19,아동청소년,10,3,0.7,30.68,3.068,0.0,10.1,30.68,0,1.8e-05,0.022068
41135,경기도,성남시 분당구,수도권,15-19,10-19,아동청소년,11,3,0.727273,250.52,22.7745,0.0,4.0,250.52,0,0.000148,0.180197
41135,경기도,성남시 분당구,수도권,20-24,20-29,청년,29,11,0.62069,78.61,2.7107,0.0,4.65,78.61,0,4.7e-05,0.056543
41135,경기도,성남시 분당구,수도권,25-29,20-29,청년,27,10,0.62963,53.53,1.9826,0.0,4.57,53.53,0,3.2e-05,0.038504
41135,경기도,성남시 분당구,수도권,30-34,30-39,청년,39,9,0.769231,74.77,1.9172,0.0,6.21,74.77,0,4.4e-05,0.053781
41135,경기도,성남시 분당구,수도권,35-39,30-39,청년,11,4,0.636364,54.24,4.9309,0.0,11.785,54.24,0,3.2e-05,0.039014
41135,경기도,성남시 분당구,수도권,40-44,40-49,중장년,42,16,0.619048,120.85,2.8774,0.0,6.0,120.85,0,7.2e-05,0.086926
41135,경기도,성남시 분당구,수도권,45-49,40-49,중장년,32,17,0.46875,184.79,5.7747,3.59,9.53,184.79,0,0.000109,0.132918
41135,경기도,성남시 분당구,수도권,50-54,50-59,중장년,18,9,0.5,86.55,4.8083,1.5,5.44,86.55,0,5.1e-05,0.062255
41135,경기도,성남시 분당구,수도권,55-59,50-59,중장년,38,21,0.447368,116.82,3.0742,3.28,4.52,116.82,0,6.9e-05,0.084027
41135,경기도,성남시 분당구,수도권,60-64,60-69,중장년,15,4,0.733333,89.19,5.946,0.0,4.34,89.19,0,5.3e-05,0.064153
41135,경기도,성남시 분당구,수도권,65-69,60-69,고령,31,9,0.709677,68.85,2.221,0.0,4.97,68.85,0,4.1e-05,0.049523
41135,경기도,성남시 분당구,수도권,70-74,70-79,고령,6,0,1.0,0.0,0.0,0.0,,0.0,0,0.0,0.0
41135,경기도,성남시 분당구,수도권,75-79,70-79,고령,6,1,0.833333,121.34,20.2233,0.0,121.34,121.34,0,7.2e-05,0.087279
41135,경기도,성남시 분당구,수도권,80+,80+,고령,11,3,0.727273,19.44,1.7673,0.0,4.0,19.44,0,1.2e-05,0.013983
41150,경기도,의정부시,수도권,00-09,00-09,아동청소년,6,1,0.833333,4.67,0.7783,0.0,4.67,4.67,0,3e-06,0.00348
41150,경기도,의정부시,수도권,10-14,10-19,아동청소년,22,10,0.545455,72.92,3.3145,0.0,4.845,72.92,0,4.3e-05,0.054343
41150,경기도,의정부시,수도권,15-19,10-19,아동청소년,22,13,0.409091,470.31,21.3777,4.0,5.19,470.31,0,0.000278,0.350496
41150,경기도,의정부시,수도권,20-24,20-29,청년,48,22,0.541667,139.18,2.8996,0.0,4.67,139.18,0,8.2e-05,0.103723
41150,경기도,의정부시,수도권,25-29,20-29,청년,23,11,0.521739,102.05,4.437,0.0,4.51,102.05,0,6e-05,0.076052
41150,경기도,의정부시,수도권,30-34,30-39,청년,29,8,0.724138,66.21,2.2831,0.0,5.625,66.21,0,3.9e-05,0.049343
41150,경기도,의정부시,수도권,35-39,30-39,청년,4,3,0.25,24.0,6.0,4.87,5.74,24.0,0,1.4e-05,0.017886
41150,경기도,의정부시,수도권,40-44,40-49,중장년,43,16,0.627907,111.31,2.5886,0.0,5.505,111.31,0,6.6e-05,0.082953
41150,경기도,의정부시,수도권,45-49,40-49,중장년,14,7,0.5,49.32,3.5229,2.055,7.25,49.32,0,2.9e-05,0.036755
41150,경기도,의정부시,수도권,50-54,50-59,중장년,10,3,0.7,91.61,9.161,0.0,6.05,91.61,0,5.4e-05,0.068272
41150,경기도,의정부시,수도권,55-59,50-59,중장년,6,5,0.166667,19.64,3.2733,4.0,4.0,19.64,0,1.2e-05,0.014637
41150,경기도,의정부시,수도권,60-64,60-69,중장년,6,2,0.666667,29.58,4.93,0.0,14.79,29.58,0,1.8e-05,0.022044
41150,경기도,의정부시,수도권,65-69,60-69,고령,15,8,0.466667,68.32,4.5547,3.72,4.195,68.32,0,4e-05,0.050915
41150,경기도,의정부시,수도권,70-74,70-79,고령,9,1,0.888889,7.81,0.8678,0.0,7.81,7.81,0,5e-06,0.00582
41150,경기도,의정부시,수도권,75-79,70-79,고령,15,6,0.6,84.91,5.6607,0.0,8.145,84.91,0,5e-05,0.063279
41150,경기도,의정부시,수도권,80+,80+,고령,8,0,1.0,0.0,0.0,0.0,,0.0,0,0.0,0.0
41171,경기도,안양시 만안구,수도권,00-09,00-09,아동청소년,19,1,0.947368,6.37,0.3353,0.0,6.37,6.37,0,4e-06,0.012969
41171,경기도,안양시 만안구,수도권,10-14,10-19,아동청소년,9,2,0.777778,7.75,0.8611,0.0,3.875,7.75,0,5e-06,0.015778
41171,경기도,안양시 만안구,수도권,15-19,10-19,아동청소년,9,1,0.888889,6.25,0.6944,0.0,6.25,6.25,0,4e-06,0.012724
41171,경기도,안양시 만안구,수도권,20-24,20-29,청년,23,6,0.73913,84.96,3.6939,0.0,9.55,84.96,0,5e-05,0.172971
41171,경기도,안양시 만안구,수도권,25-29,20-29,청년,14,5,0.642857,48.71,3.4793,0.0,6.25,48.71,0,2.9e-05,0.099169
41171,경기도,안양시 만안구,수도권,30-34,30-39,청년,51,11,0.784314,73.71,1.4453,0.0,6.42,73.71,0,4.4e-05,0.150067
41171,경기도,안양시 만안구,수도권,35-39,30-39,청년,20,5,0.75,60.39,3.0195,0.0,6.94,60.39,0,3.6e-05,0.122949
41171,경기도,안양시 만안구,수도권,40-44,40-49,중장년,47,5,0.893617,31.97,0.6802,0.0,5.78,31.97,0,1.9e-05,0.065088
41171,경기도,안양시 만안구,수도권,45-49,40-49,중장년,37,12,0.675676,89.48,2.4184,0.0,6.68,89.48,0,5.3e-05,0.182174
41171,경기도,안양시 만안구,수도권,50-54,50-59,중장년,22,6,0.727273,38.44,1.7473,0.0,6.675,38.44,0,2.3e-05,0.078261
41171,경기도,안양시 만안구,수도권,55-59,50-59,중장년,17,1,0.941176,4.0,0.2353,0.0,4.0,4.0,0,2e-06,0.008144
41171,경기도,안양시 만안구,수도권,60-64,60-69,중장년,11,3,0.727273,13.29,1.2082,0.0,4.88,13.29,0,8e-06,0.027057
41171,경기도,안양시 만안구,수도권,65-69,60-69,고령,11,3,0.727273,14.19,1.29,0.0,5.03,14.19,0,8e-06,0.02889
41171,경기도,안양시 만안구,수도권,70-74,70-79,고령,25,1,0.96,6.51,0.2604,0.0,6.51,6.51,0,4e-06,0.013254
41171,경기도,안양시 만안구,수도권,75-79,70-79,고령,12,0,1.0,0.0,0.0,0.0,,0.0,0,0.0,0.0
41171,경기도,안양시 만안구,수도권,80+,80+,고령,21,1,0.952381,5.16,0.2457,0.0,5.16,5.16,0,3e-06,0.010505
41173,경기도,안양시 동안구,수도권,00-09,00-09,아동청소년,11,0,1.0,0.0,0.0,0.0,,0.0,0,0.0,0.0
41173,경기도,안양시 동안구,수도권,10-14,10-19,아동청소년,51,9,0.823529,45.17,0.8857,0.0,4.37,45.17,0,2.7e-05,0.008648
41173,경기도,안양시 동안구,수도권,15-19,10-19,아동청소년,51,10,0.803922,630.35,12.3598,0.0,6.575,630.35,0,0.000373,0.120681
41173,경기도,안양시 동안구,수도권,20-24,20-29,청년,72,16,0.777778,86.94,1.2075,0.0,4.19,86.94,0,5.1e-05,0.016645
41173,경기도,안양시 동안구,수도권,25-29,20-29,청년,31,15,0.516129,857.25,27.6532,0.0,4.89,857.25,0,0.000507,0.164121
41173,경기도,안양시 동안구,수도권,30-34,30-39,청년,11,4,0.636364,15.59,1.4173,0.0,3.7,15.59,0,9e-06,0.002985
41173,경기도,안양시 동안구,수도권,35-39,30-39,청년,23,8,0.652174,3135.18,136.3122,0.0,5.085,3135.18,0,0.001855,0.600233
41173,경기도,안양시 동안구,수도권,40-44,40-49,중장년,36,10,0.722222,55.28,1.5356,0.0,4.48,55.28,0,3.3e-05,0.010583
41173,경기도,안양시 동안구,수도권,45-49,40-49,중장년,51,10,0.803922,75.95,1.4892,0.0,6.165,75.95,0,4.5e-05,0.014541
41173,경기도,안양시 동안구,수도권,50-54,50-59,중장년,23,9,0.608696,50.26,2.1852,0.0,4.42,50.26,0,3e-05,0.009622
41173,경기도,안양시 동안구,수도권,55-59,50-59,중장년,29,11,0.62069,73.25,2.5259,0.0,4.0,73.25,0,4.3e-05,0.014024
41173,경기도,안양시 동안구,수도권,60-64,60-69,중장년,31,8,0.741935,39.84,1.2852,0.0,5.455,39.84,0,2.4e-05,0.007627
41173,경기도,안양시 동안구,수도권,65-69,60-69,고령,30,6,0.8,26.08,0.8693,0.0,4.33,26.08,0,1.5e-05,0.004993
41173,경기도,안양시 동안구,수도권,70-74,70-79,고령,47,14,0.702128,114.59,2.4381,0.0,5.415,114.59,0,6.8e-05,0.021938
41173,경기도,안양시 동안구,수도권,75-79,70-79,고령,19,1,0.947368,4.0,0.2105,0.0,4.0,4.0,0,2e-06,0.000766
41173,경기도,안양시 동안구,수도권,80+,80+,고령,27,2,0.925926,13.54,0.5015,0.0,6.77,13.54,0,8e-06,0.002592
41192,경기도,부천시 원미구,수도권,00-09,00-09,아동청소년,5,0,1.0,0.0,0.0,0.0,,0.0,0,0.0,0.0
41192,경기도,부천시 원미구,수도권,10-14,10-19,아동청소년,14,2,0.857143,8.0,0.5714,0.0,4.0,8.0,0,5e-06,0.032078
41192,경기도,부천시 원미구,수도권,15-19,10-19,아동청소년,5,0,1.0,0.0,0.0,0.0,,0.0,0,0.0,0.0
41192,경기도,부천시 원미구,수도권,20-24,20-29,청년,16,6,0.625,26.85,1.6781,0.0,4.31,26.85,0,1.6e-05,0.107663
41192,경기도,부천시 원미구,수도권,25-29,20-29,청년,11,4,0.636364,31.81,2.8918,0.0,7.735,31.81,0,1.9e-05,0.127551
41192,경기도,부천시 원미구,수도권,30-34,30-39,청년,2,0,1.0,0.0,0.0,0.0,,0.0,0,0.0,0.0
41192,경기도,부천시 원미구,수도권,35-39,30-39,청년,29,5,0.827586,46.1,1.5897,0.0,8.0,46.1,0,2.7e-05,0.184851
41192,경기도,부천시 원미구,수도권,40-44,40-49,중장년,15,3,0.8,25.14,1.676,0.0,9.01,25.14,0,1.5e-05,0.100806
41192,경기도,부천시 원미구,수도권,45-49,40-49,중장년,16,3,0.8125,46.63,2.9144,0.0,13.1,46.63,0,2.8e-05,0.186976
41192,경기도,부천시 원미구,수도권,50-54,50-59,중장년,2,0,1.0,0.0,0.0,0.0,,0.0,0,0.0,0.0
41192,경기도,부천시 원미구,수도권,55-59,50-59,중장년,5,4,0.2,20.94,4.188,4.91,5.02,20.94,0,1.2e-05,0.083965
41192,경기도,부천시 원미구,수도권,60-64,60-69,중장년,2,0,1.0,0.0,0.0,0.0,,0.0,0,0.0,0.0
41192,경기도,부천시 원미구,수도권,65-69,60-69,고령,18,7,0.611111,33.83,1.8794,0.0,4.22,33.83,0,2e-05,0.135651
41192,경기도,부천시 원미구,수도권,70-74,70-79,고령,15,0,1.0,0.0,0.0,0.0,,0.0,0,0.0,0.0
41192,경기도,부천시 원미구,수도권,75-79,70-79,고령,7,1,0.857143,4.38,0.6257,0.0,4.38,4.38,0,3e-06,0.017563
41192,경기도,부천시 원미구,수도권,80+,80+,고령,13,1,0.923077,5.71,0.4392,0.0,5.71,5.71,0,3e-06,0.022896
41194,경기도,부천시 소사구,수도권,00-09,00-09,아동청소년,8,0,1.0,0.0,0.0,0.0,,0.0,0,0.0,0.0
41194,경기도,부천시 소사구,수도권,10-14,10-19,아동청소년,30,3,0.9,11.73,0.391,0.0,4.2,11.73,0,7e-06,0.025898
41194,경기도,부천시 소사구,수도권,15-19,10-19,아동청소년,13,4,0.692308,21.26,1.6354,0.0,5.0,21.26,0,1.3e-05,0.046939
41194,경기도,부천시 소사구,수도권,20-24,20-29,청년,41,11,0.731707,85.55,2.0866,0.0,4.89,85.55,0,5.1e-05,0.188881
41194,경기도,부천시 소사구,수도권,25-29,20-29,청년,31,9,0.709677,115.94,3.74,0.0,5.0,115.94,0,6.9e-05,0.255978
41194,경기도,부천시 소사구,수도권,30-34,30-39,청년,11,1,0.909091,5.3,0.4818,0.0,5.3,5.3,0,3e-06,0.011702
41194,경기도,부천시 소사구,수도권,35-39,30-39,청년,28,3,0.892857,37.66,1.345,0.0,4.0,37.66,0,2.2e-05,0.083148
41194,경기도,부천시 소사구,수도권,40-44,40-49,중장년,41,7,0.829268,54.74,1.3351,0.0,5.25,54.74,0,3.2e-05,0.120858
41194,경기도,부천시 소사구,수도권,45-49,40-49,중장년,15,4,0.733333,21.05,1.4033,0.0,5.105,21.05,0,1.2e-05,0.046475
41194,경기도,부천시 소사구,수도권,50-54,50-59,중장년,26,7,0.730769,39.59,1.5227,0.0,5.8,39.59,0,2.3e-05,0.087409
41194,경기도,부천시 소사구,수도권,55-59,50-59,중장년,16,7,0.5625,39.76,2.485,0.0,5.86,39.76,0,2.4e-05,0.087784
41194,경기도,부천시 소사구,수도권,60-64,60-69,중장년,9,4,0.555556,20.35,2.2611,0.0,5.08,20.35,0,1.2e-05,0.04493
41194,경기도,부천시 소사구,수도권,65-69,60-69,고령,6,0,1.0,0.0,0.0,0.0,,0.0,0,0.0,0.0
41194,경기도,부천시 소사구,수도권,70-74,70-79,고령,15,0,1.0,0.0,0.0,0.0,,0.0,0,0.0,0.0
41194,경기도,부천시 소사구,수도권,75-79,70-79,고령,5,0,1.0,0.0,0.0,0.0,,0.0,0,0.0,0.0
41194,경기도,부천시 소사구,수도권,80+,80+,고령,12,0,1.0,0.0,0.0,0.0,,0.0,0,0.0,0.0
41196,경기도,부천시 오정구,수도권,00-09,00-09,아동청소년,36,6,0.833333,640.56,17.7933,0.0,7.005,640.56,0,0.000379,0.397247
41196,경기도,부천시 오정구,수도권,10-14,10-19,아동청소년,59,9,0.847458,66.09,1.1202,0.0,5.51,66.09,0,3.9e-05,0.040986
41196,경기도,부천시 오정구,수도권,15-19,10-19,아동청소년,17,1,0.941176,4.01,0.2359,0.0,4.01,4.01,0,2e-06,0.002487
41196,경기도,부천시 오정구,수도권,20-24,20-29,청년,50,12,0.76,76.44,1.5288,0.0,5.13,76.44,0,4.5e-05,0.047405
41196,경기도,부천시 오정구,수도권,25-29,20-29,청년,20,3,0.85,21.56,1.078,0.0,5.23,21.56,0,1.3e-05,0.013371
41196,경기도,부천시 오정구,수도권,30-34,30-39,청년,18,4,0.777778,28.72,1.5956,0.0,5.035,28.72,0,1.7e-05,0.017811
41196,경기도,부천시 오정구,수도권,35-39,30-39,청년,31,8,0.741935,118.21,3.8132,0.0,6.59,118.21,0,7e-05,0.073309
41196,경기도,부천시 오정구,수도권,40-44,40-49,중장년,35,9,0.742857,65.59,1.874,0.0,6.5,65.59,0,3.9e-05,0.040676
41196,경기도,부천시 오정구,수도권,45-49,40-49,중장년,59,23,0.610169,151.75,2.572,0.0,6.98,151.75,0,9e-05,0.094109
41196,경기도,부천시 오정구,수도권,50-54,50-59,중장년,24,4,0.833333,24.91,1.0379,0.0,5.66,24.91,0,1.5e-05,0.015448
41196,경기도,부천시 오정구,수도권,55-59,50-59,중장년,31,9,0.709677,38.83,1.2526,0.0,4.0,38.83,0,2.3e-05,0.024081
41196,경기도,부천시 오정구,수도권,60-64,60-69,중장년,30,10,0.666667,108.14,3.6047,0.0,8.48,108.14,0,6.4e-05,0.067064
41196,경기도,부천시 오정구,수도권,65-69,60-69,고령,65,11,0.830769,57.65,0.8869,0.0,4.81,57.65,0,3.4e-05,0.035752
41196,경기도,부천시 오정구,수도권,70-74,70-79,고령,38,11,0.710526,116.53,3.0666,0.0,6.62,116.53,0,6.9e-05,0.072267
41196,경기도,부천시 오정구,수도권,75-79,70-79,고령,34,5,0.852941,42.17,1.2403,0.0,5.5,42.17,0,2.5e-05,0.026152
41196,경기도,부천시 오정구,수도권,80+,80+,고령,35,3,0.914286,51.34,1.4669,0.0,13.65,51.34,0,3e-05,0.031839
41210,경기도,광명시,수도권,00-09,00-09,아동청소년,4,1,0.75,14.5,3.625,0.0,14.5,14.5,0,9e-06,0.009393
41210,경기도,광명시,수도권,10-14,10-19,아동청소년,13,3,0.769231,44.24,3.4031,0.0,12.12,44.24,0,2.6e-05,0.028658
41210,경기도,광명시,수도권,15-19,10-19,아동청소년,11,3,0.727273,16.26,1.4782,0.0,4.0,16.26,0,1e-05,0.010533
41210,경기도,광명시,수도권,20-24,20-29,청년,40,9,0.775,108.7,2.7175,0.0,5.91,108.7,0,6.4e-05,0.070414
41210,경기도,광명시,수도권,25-29,20-29,청년,8,0,1.0,0.0,0.0,0.0,,0.0,0,0.0,0.0
41210,경기도,광명시,수도권,30-34,30-39,청년,12,3,0.75,29.65,2.4708,0.0,6.26,29.65,0,1.8e-05,0.019207
41210,경기도,광명시,수도권,35-39,30-39,청년,46,15,0.673913,252.82,5.4961,0.0,6.7,252.82,0,0.00015,0.163773
41210,경기도,광명시,수도권,40-44,40-49,중장년,22,4,0.818182,760.47,34.5668,0.0,9.03,760.47,0,0.00045,0.492622
41210,경기도,광명시,수도권,45-49,40-49,중장년,18,3,0.833333,67.88,3.7711,0.0,8.54,67.88,0,4e-05,0.043972
41210,경기도,광명시,수도권,50-54,50-59,중장년,23,6,0.73913,52.58,2.2861,0.0,6.625,52.58,0,3.1e-05,0.034061
41210,경기도,광명시,수도권,55-59,50-59,중장년,8,2,0.75,8.51,1.0638,0.0,4.255,8.51,0,5e-06,0.005513
41210,경기도,광명시,수도권,60-64,60-69,중장년,7,2,0.714286,51.07,7.2957,0.0,25.535,51.07,0,3e-05,0.033082
41210,경기도,광명시,수도권,65-69,60-69,고령,15,4,0.733333,50.07,3.338,0.0,10.755,50.07,0,3e-05,0.032435
41210,경기도,광명시,수도권,70-74,70-79,고령,6,0,1.0,0.0,0.0,0.0,,0.0,0,0.0,0.0
41210,경기도,광명시,수도권,75-79,70-79,고령,35,6,0.828571,79.71,2.2774,0.0,4.625,79.71,0,4.7e-05,0.051635
41210,경기도,광명시,수도권,80+,80+,고령,23,2,0.913043,7.26,0.3157,0.0,3.63,7.26,0,4e-06,0.004703
41220,경기도,평택시,수도권,00-09,00-09,아동청소년,70,15,0.785714,2519.35,35.9907,0.0,7.12,2519.35,0,0.001491,0.384771
41220,경기도,평택시,수도권,10-14,10-19,아동청소년,24,10,0.583333,104.96,4.3733,0.0,9.925,104.96,0,6.2e-05,0.01603
41220,경기도,평택시,수도권,15-19,10-19,아동청소년,22,8,0.636364,57.88,2.6309,0.0,6.93,57.88,0,3.4e-05,0.00884
41220,경기도,평택시,수도권,20-24,20-29,청년,27,9,0.666667,87.89,3.2552,0.0,9.78,87.89,0,5.2e-05,0.013423
41220,경기도,평택시,수도권,25-29,20-29,청년,8,1,0.875,8.5,1.0625,0.0,8.5,8.5,0,5e-06,0.001298
41220,경기도,평택시,수도권,30-34,30-39,청년,69,30,0.565217,314.06,4.5516,0.0,7.645,314.06,0,0.000186,0.047965
41220,경기도,평택시,수도권,35-39,30-39,청년,40,15,0.625,208.65,5.2163,0.0,10.28,208.65,0,0.000123,0.031866
41220,경기도,평택시,수도권,40-44,40-49,중장년,99,39,0.606061,355.93,3.5953,0.0,6.53,355.93,0,0.000211,0.05436
41220,경기도,평택시,수도권,45-49,40-49,중장년,34,16,0.529412,203.62,5.9888,0.0,7.49,203.62,0,0.00012,0.031098
41220,경기도,평택시,수도권,50-54,50-59,중장년,46,25,0.456522,269.61,5.8611,4.005,8.42,269.61,0,0.00016,0.041177
41220,경기도,평택시,수도권,55-59,50-59,중장년,23,12,0.478261,136.79,5.9474,3.14,7.685,136.79,0,8.1e-05,0.020891
41220,경기도,평택시,수도권,60-64,60-69,중장년,29,7,0.758621,77.7,2.6793,0.0,4.25,77.7,0,4.6e-05,0.011867
41220,경기도,평택시,수도권,65-69,60-69,고령,15,7,0.533333,64.69,4.3127,0.0,8.41,64.69,0,3.8e-05,0.00988
41220,경기도,평택시,수도권,70-74,70-79,고령,20,5,0.75,2127.43,106.3715,0.0,12.0,2127.43,0,0.001259,0.324915
41220,경기도,평택시,수도권,75-79,70-79,고령,5,0,1.0,0.0,0.0,0.0,,0.0,0,0.0,0.0
41220,경기도,평택시,수도권,80+,80+,고령,9,1,0.888889,10.6,1.1778,0.0,10.6,10.6,0,6e-06,0.001619
41250,경기도,동두천시,수도권,00-09,00-09,아동청소년,34,3,0.911765,28.57,0.8403,0.0,9.71,28.57,0,1.7e-05,0.188208
41250,경기도,동두천시,수도권,10-14,10-19,아동청소년,21,1,0.952381,4.34,0.2067,0.0,4.34,4.34,0,3e-06,0.02859
41250,경기도,동두천시,수도권,15-19,10-19,아동청소년,15,0,1.0,0.0,0.0,0.0,,0.0,0,0.0,0.0
41250,경기도,동두천시,수도권,20-24,20-29,청년,24,1,0.958333,4.02,0.1675,0.0,4.02,4.02,0,2e-06,0.026482
41250,경기도,동두천시,수도권,25-29,20-29,청년,7,0,1.0,0.0,0.0,0.0,,0.0,0,0.0,0.0
41250,경기도,동두천시,수도권,30-34,30-39,청년,18,0,1.0,0.0,0.0,0.0,,0.0,0,0.0,0.0
41250,경기도,동두천시,수도권,35-39,30-39,청년,24,1,0.958333,14.0,0.5833,0.0,14.0,14.0,0,8e-06,0.092227
41250,경기도,동두천시,수도권,40-44,40-49,중장년,49,3,0.938776,21.29,0.4345,0.0,7.06,21.29,0,1.3e-05,0.14025
41250,경기도,동두천시,수도권,45-49,40-49,중장년,21,1,0.952381,6.71,0.3195,0.0,6.71,6.71,0,4e-06,0.044203
41250,경기도,동두천시,수도권,50-54,50-59,중장년,37,4,0.891892,36.0,0.973,0.0,8.0,36.0,0,2.1e-05,0.237154
41250,경기도,동두천시,수도권,55-59,50-59,중장년,5,1,0.8,4.84,0.968,0.0,4.84,4.84,0,3e-06,0.031884
41250,경기도,동두천시,수도권,60-64,60-69,중장년,8,0,1.0,0.0,0.0,0.0,,0.0,0,0.0,0.0
41250,경기도,동두천시,수도권,65-69,60-69,고령,13,2,0.846154,21.52,1.6554,0.0,10.76,21.52,0,1.3e-05,0.141765
41250,경기도,동두천시,수도권,70-74,70-79,고령,13,1,0.923077,6.01,0.4623,0.0,6.01,6.01,0,4e-06,0.039592
41250,경기도,동두천시,수도권,75-79,70-79,고령,20,0,1.0,0.0,0.0,0.0,,0.0,0,0.0,0.0
41250,경기도,동두천시,수도권,80+,80+,고령,18,1,0.944444,4.5,0.25,0.0,4.5,4.5,0,3e-06,0.029644
41271,경기도,안산시 상록구,수도권,00-09,00-09,아동청소년,7,1,0.857143,10.66,1.5229,0.0,10.66,10.66,0,6e-06,0.025417
41271,경기도,안산시 상록구,수도권,10-14,10-19,아동청소년,53,11,0.792453,98.48,1.8581,0.0,5.19,98.48,0,5.8e-05,0.234812
41271,경기도,안산시 상록구,수도권,15-19,10-19,아동청소년,34,6,0.823529,28.23,0.8303,0.0,4.86,28.23,0,1.7e-05,0.06731
41271,경기도,안산시 상록구,수도권,20-24,20-29,청년,27,13,0.518519,90.34,3.3459,0.0,4.23,90.34,0,5.3e-05,0.215403
41271,경기도,안산시 상록구,수도권,25-29,20-29,청년,24,8,0.666667,44.01,1.8338,0.0,4.445,44.01,0,2.6e-05,0.104936
41271,경기도,안산시 상록구,수도권,30-34,30-39,청년,11,0,1.0,0.0,0.0,0.0,,0.0,0,0.0,0.0
41271,경기도,안산시 상록구,수도권,35-39,30-39,청년,6,1,0.833333,6.26,1.0433,0.0,6.26,6.26,0,4e-06,0.014926
41271,경기도,안산시 상록구,수도권,40-44,40-49,중장년,10,2,0.8,19.2,1.92,0.0,9.6,19.2,0,1.1e-05,0.04578
41271,경기도,안산시 상록구,수도권,45-49,40-49,중장년,8,1,0.875,7.96,0.995,0.0,7.96,7.96,0,5e-06,0.018979
41271,경기도,안산시 상록구,수도권,50-54,50-59,중장년,51,10,0.803922,57.1,1.1196,0.0,5.365,57.1,0,3.4e-05,0.136147
41271,경기도,안산시 상록구,수도권,55-59,50-59,중장년,10,4,0.6,18.04,1.804,0.0,4.68,18.04,0,1.1e-05,0.043014
41271,경기도,안산시 상록구,수도권,60-64,60-69,중장년,14,5,0.642857,21.76,1.5543,0.0,4.44,21.76,0,1.3e-05,0.051884
41271,경기도,안산시 상록구,수도권,65-69,60-69,고령,11,3,0.727273,11.23,1.0209,0.0,3.86,11.23,0,7e-06,0.026776
41271,경기도,안산시 상록구,수도권,70-74,70-79,고령,7,0,1.0,0.0,0.0,0.0,,0.0,0,0.0,0.0
41271,경기도,안산시 상록구,수도권,75-79,70-79,고령,7,1,0.857143,6.13,0.8757,0.0,6.13,6.13,0,4e-06,0.014616
41271,경기도,안산시 상록구,수도권,80+,80+,고령,25,0,1.0,0.0,0.0,0.0,,0.0,0,0.0,0.0
41273,경기도,안산시 단원구,수도권,00-09,00-09,아동청소년,13,1,0.923077,2609.94,200.7646,0.0,2609.94,2609.94,0,0.001544,0.880463
41273,경기도,안산시 단원구,수도권,10-14,10-19,아동청소년,17,7,0.588235,52.16,3.0682,0.0,4.11,52.16,0,3.1e-05,0.017596
41273,경기도,안산시 단원구,수도권,15-19,10-19,아동청소년,11,1,0.909091,4.0,0.3636,0.0,4.0,4.0,0,2e-06,0.001349
41273,경기도,안산시 단원구,수도권,20-24,20-29,청년,33,6,0.818182,42.1,1.2758,0.0,6.425,42.1,0,2.5e-05,0.014202
41273,경기도,안산시 단원구,수도권,25-29,20-29,청년,11,3,0.727273,13.84,1.2582,0.0,4.11,13.84,0,8e-06,0.004669
41273,경기도,안산시 단원구,수도권,30-34,30-39,청년,37,7,0.810811,36.65,0.9905,0.0,5.21,36.65,0,2.2e-05,0.012364
41273,경기도,안산시 단원구,수도권,35-39,30-39,청년,28,4,0.857143,36.95,1.3196,0.0,7.075,36.95,0,2.2e-05,0.012465
41273,경기도,안산시 단원구,수도권,40-44,40-49,중장년,23,7,0.695652,61.08,2.6557,0.0,4.45,61.08,0,3.6e-05,0.020605
41273,경기도,안산시 단원구,수도권,45-49,40-49,중장년,24,6,0.75,36.61,1.5254,0.0,5.975,36.61,0,2.2e-05,0.01235
41273,경기도,안산시 단원구,수도권,50-54,50-59,중장년,8,3,0.625,19.5,2.4375,0.0,6.28,19.5,0,1.2e-05,0.006578
41273,경기도,안산시 단원구,수도권,55-59,50-59,중장년,5,3,0.4,14.75,2.95,3.72,4.07,14.75,0,9e-06,0.004976
41273,경기도,안산시 단원구,수도권,60-64,60-69,중장년,11,0,1.0,0.0,0.0,0.0,,0.0,0,0.0,0.0
41273,경기도,안산시 단원구,수도권,65-69,60-69,고령,4,1,0.75,4.11,1.0275,0.0,4.11,4.11,0,2e-06,0.001387
41273,경기도,안산시 단원구,수도권,70-74,70-79,고령,20,5,0.75,22.04,1.102,0.0,4.0,22.04,0,1.3e-05,0.007435
41273,경기도,안산시 단원구,수도권,75-79,70-79,고령,11,1,0.909091,6.55,0.5955,0.0,6.55,6.55,0,4e-06,0.00221
41273,경기도,안산시 단원구,수도권,80+,80+,고령,12,1,0.916667,4.0,0.3333,0.0,4.0,4.0,0,2e-06,0.001349
41281,경기도,고양시 덕양구,수도권,00-09,00-09,아동청소년,1,0,1.0,0.0,0.0,0.0,,0.0,0,0.0,0.0
41281,경기도,고양시 덕양구,수도권,10-14,10-19,아동청소년,20,4,0.8,53.21,2.6605,0.0,5.895,53.21,0,3.1e-05,0.098277
41281,경기도,고양시 덕양구,수도권,15-19,10-19,아동청소년,12,2,0.833333,6.89,0.5742,0.0,3.445,6.89,0,4e-06,0.012726
41281,경기도,고양시 덕양구,수도권,20-24,20-29,청년,14,2,0.857143,15.81,1.1293,0.0,7.905,15.81,0,9e-06,0.0292
41281,경기도,고양시 덕양구,수도권,25-29,20-29,청년,17,4,0.764706,28.91,1.7006,0.0,5.265,28.91,0,1.7e-05,0.053396
41281,경기도,고양시 덕양구,수도권,30-34,30-39,청년,16,5,0.6875,43.34,2.7088,0.0,6.0,43.34,0,2.6e-05,0.080047
41281,경기도,고양시 덕양구,수도권,35-39,30-39,청년,15,4,0.733333,26.26,1.7507,0.0,7.0,26.26,0,1.6e-05,0.048501
41281,경기도,고양시 덕양구,수도권,40-44,40-49,중장년,74,22,0.702703,152.85,2.0655,0.0,5.385,152.85,0,9e-05,0.282308
41281,경기도,고양시 덕양구,수도권,45-49,40-49,중장년,21,5,0.761905,35.67,1.6986,0.0,7.25,35.67,0,2.1e-05,0.065881
41281,경기도,고양시 덕양구,수도권,50-54,50-59,중장년,31,13,0.580645,92.73,2.9913,0.0,7.06,92.73,0,5.5e-05,0.171269
41281,경기도,고양시 덕양구,수도권,55-59,50-59,중장년,4,2,0.5,6.61,1.6525,1.54,3.305,6.61,0,4e-06,0.012208
41281,경기도,고양시 덕양구,수도권,60-64,60-69,중장년,10,0,1.0,0.0,0.0,0.0,,0.0,0,0.0,0.0
41281,경기도,고양시 덕양구,수도권,65-69,60-69,고령,21,7,0.666667,28.0,1.3333,0.0,4.0,28.0,0,1.7e-05,0.051715
41281,경기도,고양시 덕양구,수도권,70-74,70-79,고령,15,2,0.866667,9.08,0.6053,0.0,4.54,9.08,0,5e-06,0.01677
41281,경기도,고양시 덕양구,수도권,75-79,70-79,고령,2,0,1.0,0.0,0.0,0.0,,0.0,0,0.0,0.0
41281,경기도,고양시 덕양구,수도권,80+,80+,고령,34,2,0.941176,42.07,1.2374,0.0,21.035,42.07,0,2.5e-05,0.077702
41285,경기도,고양시 일산동구,수도권,00-09,00-09,아동청소년,10,0,1.0,0.0,0.0,0.0,,0.0,0,0.0,0.0
41285,경기도,고양시 일산동구,수도권,10-14,10-19,아동청소년,44,3,0.931818,11.07,0.2516,0.0,3.99,11.07,0,7e-06,0.038845
41285,경기도,고양시 일산동구,수도권,15-19,10-19,아동청소년,7,1,0.857143,4.47,0.6386,0.0,4.47,4.47,0,3e-06,0.015685
41285,경기도,고양시 일산동구,수도권,20-24,20-29,청년,22,6,0.727273,26.28,1.1945,0.0,4.435,26.28,0,1.6e-05,0.092217
41285,경기도,고양시 일산동구,수도권,25-29,20-29,청년,19,9,0.526316,38.67,2.0353,0.0,4.08,38.67,0,2.3e-05,0.135694
41285,경기도,고양시 일산동구,수도권,30-34,30-39,청년,16,4,0.75,25.21,1.5756,0.0,4.07,25.21,0,1.5e-05,0.088462
41285,경기도,고양시 일산동구,수도권,35-39,30-39,청년,23,7,0.695652,44.45,1.9326,0.0,4.0,44.45,0,2.6e-05,0.155976
41285,경기도,고양시 일산동구,수도권,40-44,40-49,중장년,18,4,0.777778,20.4,1.1333,0.0,4.67,20.4,0,1.2e-05,0.071584
41285,경기도,고양시 일산동구,수도권,45-49,40-49,중장년,17,5,0.705882,20.8,1.2235,0.0,4.0,20.8,0,1.2e-05,0.072988
41285,경기도,고양시 일산동구,수도권,50-54,50-59,중장년,11,1,0.909091,4.43,0.4027,0.0,4.43,4.43,0,3e-06,0.015545
41285,경기도,고양시 일산동구,수도권,55-59,50-59,중장년,22,11,0.5,44.43,2.0195,1.525,4.0,44.43,0,2.6e-05,0.155906
41285,경기도,고양시 일산동구,수도권,60-64,60-69,중장년,4,1,0.75,4.19,1.0475,0.0,4.19,4.19,0,2e-06,0.014703
41285,경기도,고양시 일산동구,수도권,65-69,60-69,고령,17,7,0.588235,35.13,2.0665,0.0,4.0,35.13,0,2.1e-05,0.123272
41285,경기도,고양시 일산동구,수도권,70-74,70-79,고령,13,0,1.0,0.0,0.0,0.0,,0.0,0,0.0,0.0
41285,경기도,고양시 일산동구,수도권,75-79,70-79,고령,5,1,0.8,5.45,1.09,0.0,5.45,5.45,0,3e-06,0.019124
41285,경기도,고양시 일산동구,수도권,80+,80+,고령,10,0,1.0,0.0,0.0,0.0,,0.0,0,0.0,0.0
41287,경기도,고양시 일산서구,수도권,00-09,00-09,아동청소년,6,0,1.0,0.0,0.0,0.0,,0.0,0,0.0,0.0
41287,경기도,고양시 일산서구,수도권,10-14,10-19,아동청소년,17,1,0.941176,6.0,0.3529,0.0,6.0,6.0,0,4e-06,0.004253
41287,경기도,고양시 일산서구,수도권,15-19,10-19,아동청소년,14,5,0.642857,27.99,1.9993,0.0,6.0,27.99,0,1.7e-05,0.019841
41287,경기도,고양시 일산서구,수도권,20-24,20-29,청년,12,2,0.833333,19.75,1.6458,0.0,9.875,19.75,0,1.2e-05,0.014
41287,경기도,고양시 일산서구,수도권,25-29,20-29,청년,9,4,0.555556,26.55,2.95,0.0,5.98,26.55,0,1.6e-05,0.01882
41287,경기도,고양시 일산서구,수도권,30-34,30-39,청년,9,1,0.888889,22.74,2.5267,0.0,22.74,22.74,0,1.3e-05,0.016119
41287,경기도,고양시 일산서구,수도권,35-39,30-39,청년,10,3,0.7,19.93,1.993,0.0,5.62,19.93,0,1.2e-05,0.014127
41287,경기도,고양시 일산서구,수도권,40-44,40-49,중장년,23,6,0.73913,33.57,1.4596,0.0,4.19,33.57,0,2e-05,0.023796
41287,경기도,고양시 일산서구,수도권,45-49,40-49,중장년,11,2,0.818182,283.1,25.7364,0.0,141.55,283.1,0,0.000167,0.200673
41287,경기도,고양시 일산서구,수도권,50-54,50-59,중장년,16,4,0.75,16.51,1.0319,0.0,4.01,16.51,0,1e-05,0.011703
41287,경기도,고양시 일산서구,수도권,55-59,50-59,중장년,8,2,0.75,9.15,1.1438,0.0,4.575,9.15,0,5e-06,0.006486
41287,경기도,고양시 일산서구,수도권,60-64,60-69,중장년,17,3,0.823529,18.94,1.1141,0.0,6.0,18.94,0,1.1e-05,0.013425
41287,경기도,고양시 일산서구,수도권,65-69,60-69,고령,15,9,0.4,217.9,14.5267,4.73,6.0,217.9,0,0.000129,0.154457
41287,경기도,고양시 일산서구,수도권,70-74,70-79,고령,22,5,0.772727,42.82,1.9464,0.0,5.27,42.82,0,2.5e-05,0.030353
41287,경기도,고양시 일산서구,수도권,75-79,70-79,고령,10,1,0.9,12.33,1.233,0.0,12.33,12.33,0,7e-06,0.00874
41287,경기도,고양시 일산서구,수도권,80+,80+,고령,10,1,0.9,653.47,65.347,0.0,653.47,653.47,0,0.000387,0.463208
41290,경기도,과천시,수도권,00-09,00-09,아동청소년,29,2,0.931034,12.12,0.4179,0.0,6.06,12.12,0,7e-06,0.03039
41290,경기도,과천시,수도권,10-14,10-19,아동청소년,34,2,0.941176,19.15,0.5632,0.0,9.575,19.15,0,1.1e-05,0.048018
41290,경기도,과천시,수도권,15-19,10-19,아동청소년,12,3,0.75,18.25,1.5208,0.0,6.23,18.25,0,1.1e-05,0.045761
41290,경기도,과천시,수도권,20-24,20-29,청년,22,0,1.0,0.0,0.0,0.0,,0.0,0,0.0,0.0
41290,경기도,과천시,수도권,25-29,20-29,청년,9,1,0.888889,3.38,0.3756,0.0,3.38,3.38,0,2e-06,0.008475
41290,경기도,과천시,수도권,30-34,30-39,청년,11,0,1.0,0.0,0.0,0.0,,0.0,0,0.0,0.0
41290,경기도,과천시,수도권,35-39,30-39,청년,19,1,0.947368,20.51,1.0795,0.0,20.51,20.51,0,1.2e-05,0.051428
41290,경기도,과천시,수도권,40-44,40-49,중장년,28,6,0.785714,32.52,1.1614,0.0,4.585,32.52,0,1.9e-05,0.081543
41290,경기도,과천시,수도권,45-49,40-49,중장년,31,10,0.677419,159.67,5.1506,0.0,7.595,159.67,0,9.4e-05,0.400366
41290,경기도,과천시,수도권,50-54,50-59,중장년,18,0,1.0,0.0,0.0,0.0,,0.0,0,0.0,0.0
41290,경기도,과천시,수도권,55-59,50-59,중장년,9,4,0.555556,22.78,2.5311,0.0,5.16,22.78,0,1.3e-05,0.05712
41290,경기도,과천시,수도권,60-64,60-69,중장년,15,3,0.8,13.22,0.8813,0.0,4.06,13.22,0,8e-06,0.033149
41290,경기도,과천시,수도권,65-69,60-69,고령,19,3,0.842105,14.8,0.7789,0.0,3.66,14.8,0,9e-06,0.03711
41290,경기도,과천시,수도권,70-74,70-79,고령,20,0,1.0,0.0,0.0,0.0,,0.0,0,0.0,0.0
41290,경기도,과천시,수도권,75-79,70-79,고령,7,1,0.857143,5.19,0.7414,0.0,5.19,5.19,0,3e-06,0.013014
41290,경기도,과천시,수도권,80+,80+,고령,25,2,0.92,77.22,3.0888,0.0,38.61,77.22,0,4.6e-05,0.193626
41310,경기도,구리시,수도권,00-09,00-09,아동청소년,17,1,0.941176,10.0,0.5882,0.0,10.0,10.0,0,6e-06,0.024829
41310,경기도,구리시,수도권,10-14,10-19,아동청소년,28,1,0.964286,4.19,0.1496,0.0,4.19,4.19,0,2e-06,0.010403
41310,경기도,구리시,수도권,15-19,10-19,아동청소년,39,2,0.948718,14.3,0.3667,0.0,7.15,14.3,0,8e-06,0.035505
41310,경기도,구리시,수도권,20-24,20-29,청년,36,10,0.722222,82.18,2.2828,0.0,4.375,82.18,0,4.9e-05,0.204042
41310,경기도,구리시,수도권,25-29,20-29,청년,7,0,1.0,0.0,0.0,0.0,,0.0,0,0.0,0.0
41310,경기도,구리시,수도권,30-34,30-39,청년,16,3,0.8125,24.17,1.5106,0.0,6.35,24.17,0,1.4e-05,0.060011
41310,경기도,구리시,수도권,35-39,30-39,청년,35,6,0.828571,77.73,2.2209,0.0,15.535,77.73,0,4.6e-05,0.192993
41310,경기도,구리시,수도권,40-44,40-49,중장년,41,8,0.804878,45.48,1.1093,0.0,5.535,45.48,0,2.7e-05,0.112921
41310,경기도,구리시,수도권,45-49,40-49,중장년,19,3,0.842105,30.07,1.5826,0.0,7.96,30.07,0,1.8e-05,0.07466
41310,경기도,구리시,수도권,50-54,50-59,중장년,15,2,0.866667,20.65,1.3767,0.0,10.325,20.65,0,1.2e-05,0.051271
41310,경기도,구리시,수도권,60-64,60-69,중장년,18,2,0.888889,16.83,0.935,0.0,8.415,16.83,0,1e-05,0.041787
41310,경기도,구리시,수도권,65-69,60-69,고령,15,4,0.733333,20.1,1.34,0.0,4.05,20.1,0,1.2e-05,0.049906
41310,경기도,구리시,수도권,70-74,70-79,고령,18,0,1.0,0.0,0.0,0.0,,0.0,0,0.0,0.0
41310,경기도,구리시,수도권,75-79,70-79,고령,13,5,0.615385,49.56,3.8123,0.0,7.4,49.56,0,2.9e-05,0.123051
41310,경기도,구리시,수도권,80+,80+,고령,31,1,0.967742,7.5,0.2419,0.0,7.5,7.5,0,4e-06,0.018622
41360,경기도,남양주시,수도권,00-09,00-09,아동청소년,3,2,0.333333,36.86,12.2867,10.0,18.43,36.86,0,2.2e-05,0.008672
41360,경기도,남양주시,수도권,10-14,10-19,아동청소년,40,8,0.8,35.82,0.8955,0.0,4.4,35.82,0,2.1e-05,0.008427
41360,경기도,남양주시,수도권,15-19,10-19,아동청소년,17,9,0.470588,56.33,3.3135,3.86,4.74,56.33,0,3.3e-05,0.013252
41360,경기도,남양주시,수도권,20-24,20-29,청년,31,14,0.548387,99.05,3.1952,0.0,4.93,99.05,0,5.9e-05,0.023302
41360,경기도,남양주시,수도권,25-29,20-29,청년,11,2,0.818182,7.7,0.7,0.0,3.85,7.7,0,5e-06,0.001811
41360,경기도,남양주시,수도권,30-34,30-39,청년,34,17,0.5,107.34,3.1571,1.6,5.17,107.34,0,6.4e-05,0.025252
41360,경기도,남양주시,수도권,35-39,30-39,청년,37,12,0.675676,152.22,4.1141,0.0,4.365,152.22,0,9e-05,0.035811
41360,경기도,남양주시,수도권,40-44,40-49,중장년,43,18,0.581395,103.38,2.4042,0.0,5.155,103.38,0,6.1e-05,0.024321
41360,경기도,남양주시,수도권,45-49,40-49,중장년,18,6,0.666667,43.86,2.4367,0.0,6.62,43.86,0,2.6e-05,0.010318
41360,경기도,남양주시,수도권,50-54,50-59,중장년,37,9,0.756757,75.33,2.0359,0.0,4.28,75.33,0,4.5e-05,0.017722
41360,경기도,남양주시,수도권,55-59,50-59,중장년,9,5,0.444444,36.91,4.1011,3.55,4.26,36.91,0,2.2e-05,0.008683
41360,경기도,남양주시,수도권,60-64,60-69,중장년,21,7,0.666667,33.19,1.5805,0.0,5.01,33.19,0,2e-05,0.007808
41360,경기도,남양주시,수도권,65-69,60-69,고령,26,8,0.692308,84.86,3.2638,0.0,4.035,84.86,0,5e-05,0.019964
41360,경기도,남양주시,수도권,70-74,70-79,고령,16,2,0.875,13.33,0.8331,0.0,6.665,13.33,0,8e-06,0.003136
41360,경기도,남양주시,수도권,75-79,70-79,고령,20,10,0.5,3358.52,167.926,1.5,5.705,3358.52,0,0.001987,0.79011
41360,경기도,남양주시,수도권,80+,80+,고령,13,1,0.923077,6.0,0.4615,0.0,6.0,6.0,0,4e-06,0.001412
41370,경기도,오산시,수도권,00-09,00-09,아동청소년,16,4,0.75,1491.08,93.1925,0.0,9.075,1491.08,0,0.000882,0.501834
41370,경기도,오산시,수도권,10-14,10-19,아동청소년,34,2,0.941176,26.85,0.7897,0.0,13.425,26.85,0,1.6e-05,0.009037
41370,경기도,오산시,수도권,15-19,10-19,아동청소년,11,2,0.818182,440.32,40.0291,0.0,220.16,440.32,0,0.000261,0.148193
41370,경기도,오산시,수도권,20-24,20-29,청년,29,14,0.517241,125.2,4.3172,0.0,6.04,125.2,0,7.4e-05,0.042137
41370,경기도,오산시,수도권,25-29,20-29,청년,12,6,0.5,351.52,29.2933,1.88,5.7,351.52,0,0.000208,0.118307
41370,경기도,오산시,수도권,30-34,30-39,청년,19,4,0.789474,24.79,1.3047,0.0,5.075,24.79,0,1.5e-05,0.008343
41370,경기도,오산시,수도권,35-39,30-39,청년,57,9,0.842105,151.04,2.6498,0.0,5.27,151.04,0,8.9e-05,0.050834
41370,경기도,오산시,수도권,40-44,40-49,중장년,27,8,0.703704,73.87,2.7359,0.0,5.03,73.87,0,4.4e-05,0.024862
41370,경기도,오산시,수도권,45-49,40-49,중장년,22,3,0.863636,65.14,2.9609,0.0,12.0,65.14,0,3.9e-05,0.021923
41370,경기도,오산시,수도권,50-54,50-59,중장년,10,3,0.7,84.07,8.407,0.0,10.45,84.07,0,5e-05,0.028294
41370,경기도,오산시,수도권,55-59,50-59,중장년,4,4,0.0,71.97,17.9925,5.73,5.73,71.97,0,4.3e-05,0.024222
41370,경기도,오산시,수도권,60-64,60-69,중장년,5,2,0.6,19.72,3.944,0.0,9.86,19.72,0,1.2e-05,0.006637
41370,경기도,오산시,수도권,65-69,60-69,고령,7,2,0.714286,9.44,1.3486,0.0,4.72,9.44,0,6e-06,0.003177
41370,경기도,오산시,수도권,70-74,70-79,고령,5,2,0.6,29.11,5.822,0.0,14.555,29.11,0,1.7e-05,0.009797
41370,경기도,오산시,수도권,75-79,70-79,고령,6,0,1.0,0.0,0.0,0.0,,0.0,0,0.0,0.0
41370,경기도,오산시,수도권,80+,80+,고령,18,2,0.888889,7.14,0.3967,0.0,3.57,7.14,0,4e-06,0.002403
41390,경기도,시흥시,수도권,10-14,10-19,아동청소년,15,2,0.866667,7.86,0.524,0.0,3.93,7.86,0,5e-06,0.007141
41390,경기도,시흥시,수도권,15-19,10-19,아동청소년,3,2,0.333333,13.93,4.6433,5.25,6.965,13.93,0,8e-06,0.012656
41390,경기도,시흥시,수도권,20-24,20-29,청년,39,17,0.564103,187.6,4.8103,0.0,7.38,187.6,0,0.000111,0.170439
41390,경기도,시흥시,수도권,25-29,20-29,청년,10,1,0.9,3.0,0.3,0.0,3.0,3.0,0,2e-06,0.002726
41390,경기도,시흥시,수도권,30-34,30-39,청년,15,4,0.733333,24.86,1.6573,0.0,4.305,24.86,0,1.5e-05,0.022586
41390,경기도,시흥시,수도권,35-39,30-39,청년,22,8,0.636364,123.02,5.5918,0.0,12.94,123.02,0,7.3e-05,0.111766
41390,경기도,시흥시,수도권,40-44,40-49,중장년,31,16,0.483871,258.3,8.3323,3.69,5.225,258.3,0,0.000153,0.234671
41390,경기도,시흥시,수도권,45-49,40-49,중장년,36,7,0.805556,53.88,1.4967,0.0,5.21,53.88,0,3.2e-05,0.048951
41390,경기도,시흥시,수도권,50-54,50-59,중장년,18,7,0.611111,45.94,2.5522,0.0,4.0,45.94,0,2.7e-05,0.041737
41390,경기도,시흥시,수도권,55-59,50-59,중장년,7,3,0.571429,31.79,4.5414,0.0,10.5,31.79,0,1.9e-05,0.028882
41390,경기도,시흥시,수도권,60-64,60-69,중장년,14,5,0.642857,43.01,3.0721,0.0,5.8,43.01,0,2.5e-05,0.039075
41390,경기도,시흥시,수도권,65-69,60-69,고령,16,7,0.5625,38.71,2.4194,0.0,4.63,38.71,0,2.3e-05,0.035169
41390,경기도,시흥시,수도권,70-74,70-79,고령,18,4,0.777778,119.0,6.6111,0.0,10.0,119.0,0,7e-05,0.108114
41390,경기도,시흥시,수도권,75-79,70-79,고령,34,12,0.647059,149.79,4.4056,0.0,9.55,149.79,0,8.9e-05,0.136087
41390,경기도,시흥시,수도권,80+,80+,고령,5,0,1.0,0.0,0.0,0.0,,0.0,0,0.0,0.0
41410,경기도,군포시,수도권,00-09,00-09,아동청소년,28,1,0.964286,3.22,0.115,0.0,3.22,3.22,0,2e-06,0.00296
41410,경기도,군포시,수도권,10-14,10-19,아동청소년,31,4,0.870968,16.34,0.5271,0.0,4.075,16.34,0,1e-05,0.01502
41410,경기도,군포시,수도권,15-19,10-19,아동청소년,23,1,0.956522,4.45,0.1935,0.0,4.45,4.45,0,3e-06,0.00409
41410,경기도,군포시,수도권,20-24,20-29,청년,50,20,0.6,614.49,12.2898,0.0,4.0,614.49,0,0.000364,0.564841
41410,경기도,군포시,수도권,25-29,20-29,청년,17,5,0.705882,67.89,3.9935,0.0,6.3,67.89,0,4e-05,0.062405
41410,경기도,군포시,수도권,30-34,30-39,청년,15,3,0.8,19.04,1.2693,0.0,6.0,19.04,0,1.1e-05,0.017502
41410,경기도,군포시,수도권,35-39,30-39,청년,16,4,0.75,46.95,2.9344,0.0,8.805,46.95,0,2.8e-05,0.043157
41410,경기도,군포시,수도권,40-44,40-49,중장년,58,16,0.724138,114.58,1.9755,0.0,5.515,114.58,0,6.8e-05,0.105322
41410,경기도,군포시,수도권,45-49,40-49,중장년,18,5,0.722222,36.19,2.0106,0.0,6.23,36.19,0,2.1e-05,0.033266
41410,경기도,군포시,수도권,50-54,50-59,중장년,8,3,0.625,20.76,2.595,0.0,7.57,20.76,0,1.2e-05,0.019083
41410,경기도,군포시,수도권,55-59,50-59,중장년,3,2,0.333333,10.14,3.38,3.33,5.07,10.14,0,6e-06,0.009321
41410,경기도,군포시,수도권,60-64,60-69,중장년,28,6,0.785714,40.95,1.4625,0.0,6.24,40.95,0,2.4e-05,0.037641
41410,경기도,군포시,수도권,65-69,60-69,고령,8,4,0.5,47.67,5.9588,3.3,12.435,47.67,0,2.8e-05,0.043818
41410,경기도,군포시,수도권,70-74,70-79,고령,17,4,0.764706,17.05,1.0029,0.0,3.84,17.05,0,1e-05,0.015672
41410,경기도,군포시,수도권,75-79,70-79,고령,29,2,0.931034,28.18,0.9717,0.0,14.09,28.18,0,1.7e-05,0.025903
41410,경기도,군포시,수도권,80+,80+,고령,18,0,1.0,0.0,0.0,0.0,,0.0,0,0.0,0.0
41430,경기도,의왕시,수도권,00-09,00-09,아동청소년,13,0,1.0,0.0,0.0,0.0,,0.0,0,0.0,0.0
41430,경기도,의왕시,수도권,10-14,10-19,아동청소년,25,4,0.84,18.2,0.728,0.0,4.54,18.2,0,1.1e-05,0.007883
41430,경기도,의왕시,수도권,15-19,10-19,아동청소년,99,8,0.919192,93.27,0.9421,0.0,4.895,93.27,0,5.5e-05,0.040399
41430,경기도,의왕시,수도권,20-24,20-29,청년,35,6,0.828571,32.17,0.9191,0.0,4.885,32.17,0,1.9e-05,0.013934
41430,경기도,의왕시,수도권,25-29,20-29,청년,32,8,0.75,1790.44,55.9512,0.0,5.665,1790.44,0,0.001059,0.775505
41430,경기도,의왕시,수도권,30-34,30-39,청년,35,5,0.857143,26.78,0.7651,0.0,5.46,26.78,0,1.6e-05,0.011599
41430,경기도,의왕시,수도권,35-39,30-39,청년,36,7,0.805556,42.05,1.1681,0.0,4.02,42.05,0,2.5e-05,0.018213
41430,경기도,의왕시,수도권,40-44,40-49,중장년,53,9,0.830189,51.48,0.9713,0.0,6.0,51.48,0,3e-05,0.022298
41430,경기도,의왕시,수도권,45-49,40-49,중장년,85,12,0.858824,81.89,0.9634,0.0,5.805,81.89,0,4.8e-05,0.03547
41430,경기도,의왕시,수도권,50-54,50-59,중장년,21,6,0.714286,26.97,1.2843,0.0,4.345,26.97,0,1.6e-05,0.011682
41430,경기도,의왕시,수도권,55-59,50-59,중장년,20,5,0.75,21.03,1.0515,0.0,4.0,21.03,0,1.2e-05,0.009109
41430,경기도,의왕시,수도권,60-64,60-69,중장년,53,7,0.867925,101.1,1.9075,0.0,5.23,101.1,0,6e-05,0.04379
41430,경기도,의왕시,수도권,65-69,60-69,고령,12,2,0.833333,9.82,0.8183,0.0,4.91,9.82,0,6e-06,0.004253
41430,경기도,의왕시,수도권,70-74,70-79,고령,23,2,0.913043,9.5,0.413,0.0,4.75,9.5,0,6e-06,0.004115
41430,경기도,의왕시,수도권,75-79,70-79,고령,35,0,1.0,0.0,0.0,0.0,,0.0,0,0.0,0.0
41430,경기도,의왕시,수도권,80+,80+,고령,49,1,0.979592,4.04,0.0824,0.0,4.04,4.04,0,2e-06,0.00175
41450,경기도,하남시,수도권,00-09,00-09,아동청소년,7,0,1.0,0.0,0.0,0.0,,0.0,0,0.0,0.0
41450,경기도,하남시,수도권,10-14,10-19,아동청소년,22,2,0.909091,19.11,0.8686,0.0,9.555,19.11,0,1.1e-05,0.046381
41450,경기도,하남시,수도권,15-19,10-19,아동청소년,11,1,0.909091,7.47,0.6791,0.0,7.47,7.47,0,4e-06,0.01813
41450,경기도,하남시,수도권,20-24,20-29,청년,21,6,0.714286,75.52,3.5962,0.0,10.045,75.52,0,4.5e-05,0.183292
41450,경기도,하남시,수도권,25-29,20-29,청년,18,3,0.833333,25.59,1.4217,0.0,6.0,25.59,0,1.5e-05,0.062109
41450,경기도,하남시,수도권,30-34,30-39,청년,37,7,0.810811,31.83,0.8603,0.0,4.28,31.83,0,1.9e-05,0.077254
41450,경기도,하남시,수도권,35-39,30-39,청년,25,2,0.92,45.13,1.8052,0.0,22.565,45.13,0,2.7e-05,0.109534
41450,경기도,하남시,수도권,40-44,40-49,중장년,46,8,0.826087,47.29,1.028,0.0,4.475,47.29,0,2.8e-05,0.114776
41450,경기도,하남시,수도권,45-49,40-49,중장년,22,3,0.863636,25.21,1.1459,0.0,5.9,25.21,0,1.5e-05,0.061186
41450,경기도,하남시,수도권,50-54,50-59,중장년,30,11,0.633333,82.76,2.7587,0.0,4.85,82.76,0,4.9e-05,0.200864
41450,경기도,하남시,수도권,55-59,50-59,중장년,3,2,0.333333,7.07,2.3567,3.02,3.535,7.07,0,4e-06,0.017159
41450,경기도,하남시,수도권,60-64,60-69,중장년,16,0,1.0,0.0,0.0,0.0,,0.0,0,0.0,0.0
41450,경기도,하남시,수도권,65-69,60-69,고령,11,3,0.727273,22.4,2.0364,0.0,6.04,22.4,0,1.3e-05,0.054366
41450,경기도,하남시,수도권,70-74,70-79,고령,21,2,0.904762,9.22,0.439,0.0,4.61,9.22,0,5e-06,0.022378
41450,경기도,하남시,수도권,75-79,70-79,고령,23,2,0.913043,13.42,0.5835,0.0,6.71,13.42,0,8e-06,0.032571
41450,경기도,하남시,수도권,80+,80+,고령,13,0,1.0,0.0,0.0,0.0,,0.0,0,0.0,0.0
41461,경기도,용인시 처인구,수도권,00-09,00-09,아동청소년,18,2,0.888889,25.26,1.4033,0.0,12.63,25.26,0,1.5e-05,0.007352
41461,경기도,용인시 처인구,수도권,10-14,10-19,아동청소년,29,8,0.724138,40.04,1.3807,0.0,3.94,40.04,0,2.4e-05,0.011654
41461,경기도,용인시 처인구,수도권,15-19,10-19,아동청소년,15,3,0.8,24.83,1.6553,0.0,7.42,24.83,0,1.5e-05,0.007227
41461,경기도,용인시 처인구,수도권,20-24,20-29,청년,40,18,0.55,142.09,3.5522,0.0,5.455,142.09,0,8.4e-05,0.041357
41461,경기도,용인시 처인구,수도권,25-29,20-29,청년,25,13,0.48,82.03,3.2812,4.39,5.51,82.03,0,4.9e-05,0.023876
41461,경기도,용인시 처인구,수도권,30-34,30-39,청년,15,3,0.8,11.22,0.748,0.0,3.32,11.22,0,7e-06,0.003266
41461,경기도,용인시 처인구,수도권,35-39,30-39,청년,43,15,0.651163,2466.16,57.3526,0.0,8.65,2466.16,0,0.001459,0.717806
41461,경기도,용인시 처인구,수도권,40-44,40-49,중장년,46,12,0.73913,158.54,3.4465,0.0,5.68,158.54,0,9.4e-05,0.046145
41461,경기도,용인시 처인구,수도권,45-49,40-49,중장년,28,8,0.714286,57.71,2.0611,0.0,6.5,57.71,0,3.4e-05,0.016797
41461,경기도,용인시 처인구,수도권,50-54,50-59,중장년,26,4,0.846154,118.71,4.5658,0.0,11.975,118.71,0,7e-05,0.034552
41461,경기도,용인시 처인구,수도권,55-59,50-59,중장년,9,6,0.333333,37.28,4.1422,3.86,5.07,37.28,0,2.2e-05,0.010851
41461,경기도,용인시 처인구,수도권,60-64,60-69,중장년,13,3,0.769231,23.21,1.7854,0.0,5.12,23.21,0,1.4e-05,0.006756
41461,경기도,용인시 처인구,수도권,65-69,60-69,고령,22,4,0.818182,28.28,1.2855,0.0,7.1,28.28,0,1.7e-05,0.008231
41461,경기도,용인시 처인구,수도권,70-74,70-79,고령,25,3,0.88,23.53,0.9412,0.0,6.0,23.53,0,1.4e-05,0.006849
41461,경기도,용인시 처인구,수도권,75-79,70-79,고령,46,9,0.804348,118.18,2.5691,0.0,11.62,118.18,0,7e-05,0.034398
41461,경기도,용인시 처인구,수도권,80+,80+,고령,35,3,0.914286,78.62,2.2463,0.0,6.03,78.62,0,4.7e-05,0.022883
41463,경기도,용인시 기흥구,수도권,00-09,00-09,아동청소년,6,2,0.666667,14.68,2.4467,0.0,7.34,14.68,0,9e-06,0.007587
41463,경기도,용인시 기흥구,수도권,10-14,10-19,아동청소년,37,15,0.594595,139.01,3.757,0.0,6.61,139.01,0,8.2e-05,0.071842
41463,경기도,용인시 기흥구,수도권,15-19,10-19,아동청소년,15,6,0.6,25.99,1.7327,0.0,4.425,25.99,0,1.5e-05,0.013432
41463,경기도,용인시 기흥구,수도권,20-24,20-29,청년,57,35,0.385965,350.87,6.1556,4.0,6.0,350.87,0,0.000208,0.181334
41463,경기도,용인시 기흥구,수도권,25-29,20-29,청년,40,19,0.525,150.62,3.7655,0.0,5.14,150.62,0,8.9e-05,0.077842
41463,경기도,용인시 기흥구,수도권,30-34,30-39,청년,13,7,0.461538,33.69,2.5915,3.71,4.17,33.69,0,2e-05,0.017411
41463,경기도,용인시 기흥구,수도권,35-39,30-39,청년,20,10,0.5,144.46,7.223,1.5,9.98,144.46,0,8.5e-05,0.074659
41463,경기도,용인시 기흥구,수도권,40-44,40-49,중장년,38,14,0.631579,94.97,2.4992,0.0,4.795,94.97,0,5.6e-05,0.049082
41463,경기도,용인시 기흥구,수도권,45-49,40-49,중장년,30,14,0.533333,111.31,3.7103,0.0,9.2,111.31,0,6.6e-05,0.057526
41463,경기도,용인시 기흥구,수도권,50-54,50-59,중장년,18,3,0.833333,42.55,2.3639,0.0,10.38,42.55,0,2.5e-05,0.02199
41463,경기도,용인시 기흥구,수도권,55-59,50-59,중장년,17,10,0.411765,66.19,3.8935,4.27,4.975,66.19,0,3.9e-05,0.034208
41463,경기도,용인시 기흥구,수도권,60-64,60-69,중장년,25,14,0.44,182.38,7.2952,4.0,6.0,182.38,0,0.000108,0.094256
41463,경기도,용인시 기흥구,수도권,65-69,60-69,고령,17,6,0.647059,80.84,4.7553,0.0,7.285,80.84,0,4.8e-05,0.041779
41463,경기도,용인시 기흥구,수도권,70-74,70-79,고령,19,6,0.684211,42.27,2.2247,0.0,4.61,42.27,0,2.5e-05,0.021846
41463,경기도,용인시 기흥구,수도권,75-79,70-79,고령,14,7,0.5,438.02,31.2871,2.675,10.22,438.02,0,0.000259,0.226374
41463,경기도,용인시 기흥구,수도권,80+,80+,고령,10,1,0.9,17.09,1.709,0.0,17.09,17.09,0,1e-05,0.008832
41465,경기도,용인시 수지구,수도권,00-09,00-09,아동청소년,20,4,0.8,53.93,2.6965,0.0,9.125,53.93,0,3.2e-05,0.019804
41465,경기도,용인시 수지구,수도권,10-14,10-19,아동청소년,41,12,0.707317,86.93,2.1202,0.0,4.9,86.93,0,5.1e-05,0.031922
41465,경기도,용인시 수지구,수도권,15-19,10-19,아동청소년,35,13,0.628571,102.71,2.9346,0.0,8.16,102.71,0,6.1e-05,0.037716
41465,경기도,용인시 수지구,수도권,20-24,20-29,청년,53,26,0.509434,301.7,5.6925,0.0,6.47,301.7,0,0.000179,0.110787
41465,경기도,용인시 수지구,수도권,25-29,20-29,청년,17,7,0.588235,42.3,2.4882,0.0,4.94,42.3,0,2.5e-05,0.015533
41465,경기도,용인시 수지구,수도권,30-34,30-39,청년,14,3,0.785714,78.63,5.6164,0.0,15.98,78.63,0,4.7e-05,0.028874
41465,경기도,용인시 수지구,수도권,35-39,30-39,청년,60,19,0.683333,334.19,5.5698,0.0,9.57,334.19,0,0.000198,0.122718
41465,경기도,용인시 수지구,수도권,40-44,40-49,중장년,39,13,0.666667,311.78,7.9944,0.0,7.51,311.78,0,0.000184,0.114489
41465,경기도,용인시 수지구,수도권,45-49,40-49,중장년,25,9,0.64,568.76,22.7504,0.0,10.0,568.76,0,0.000337,0.208854
41465,경기도,용인시 수지구,수도권,50-54,50-59,중장년,30,11,0.633333,187.9,6.2633,0.0,7.2,187.9,0,0.000111,0.068999
41465,경기도,용인시 수지구,수도권,55-59,50-59,중장년,26,16,0.384615,223.22,8.5854,3.5,6.11,223.22,0,0.000132,0.081969
41465,경기도,용인시 수지구,수도권,60-64,60-69,중장년,25,5,0.8,101.91,4.0764,0.0,5.84,101.91,0,6e-05,0.037422
41465,경기도,용인시 수지구,수도권,65-69,60-69,고령,43,18,0.581395,130.8,3.0419,0.0,4.975,130.8,0,7.7e-05,0.048031
41465,경기도,용인시 수지구,수도권,70-74,70-79,고령,15,3,0.8,24.88,1.6587,0.0,9.29,24.88,0,1.5e-05,0.009136
41465,경기도,용인시 수지구,수도권,75-79,70-79,고령,28,10,0.642857,104.46,3.7307,0.0,8.055,104.46,0,6.2e-05,0.038359
41465,경기도,용인시 수지구,수도권,80+,80+,고령,43,5,0.883721,69.14,1.6079,0.0,8.48,69.14,0,4.1e-05,0.025389
41480,경기도,파주시,수도권,00-09,00-09,아동청소년,9,3,0.666667,22.97,2.5522,0.0,7.87,22.97,0,1.4e-05,0.015686
41480,경기도,파주시,수도권,10-14,10-19,아동청소년,18,5,0.722222,48.59,2.6994,0.0,10.14,48.59,0,2.9e-05,0.033183
41480,경기도,파주시,수도권,15-19,10-19,아동청소년,9,4,0.555556,20.36,2.2622,0.0,5.18,20.36,0,1.2e-05,0.013904
41480,경기도,파주시,수도권,20-24,20-29,청년,41,22,0.463415,154.11,3.7588,3.49,4.5,154.11,0,9.1e-05,0.105243
41480,경기도,파주시,수도권,25-29,20-29,청년,24,7,0.708333,27.49,1.1454,0.0,3.53,27.49,0,1.6e-05,0.018773
41480,경기도,파주시,수도권,30-34,30-39,청년,22,11,0.5,60.96,2.7709,1.53,4.28,60.96,0,3.6e-05,0.04163
41480,경기도,파주시,수도권,35-39,30-39,청년,2,0,1.0,0.0,0.0,0.0,,0.0,0,0.0,0.0
41480,경기도,파주시,수도권,40-44,40-49,중장년,13,4,0.692308,797.97,61.3823,0.0,4.315,797.97,0,0.000472,0.544942
41480,경기도,파주시,수도권,45-49,40-49,중장년,23,4,0.826087,19.1,0.8304,0.0,4.525,19.1,0,1.1e-05,0.013044
41480,경기도,파주시,수도권,50-54,50-59,중장년,34,9,0.735294,142.12,4.18,0.0,5.23,142.12,0,8.4e-05,0.097055
41480,경기도,파주시,수도권,55-59,50-59,중장년,27,10,0.62963,45.29,1.6774,0.0,4.275,45.29,0,2.7e-05,0.030929
41480,경기도,파주시,수도권,60-64,60-69,중장년,11,6,0.454545,36.91,3.3555,3.73,4.43,36.91,0,2.2e-05,0.025206
41480,경기도,파주시,수도권,65-69,60-69,고령,18,10,0.444444,39.85,2.2139,3.085,3.54,39.85,0,2.4e-05,0.027214
41480,경기도,파주시,수도권,70-74,70-79,고령,11,1,0.909091,3.89,0.3536,0.0,3.89,3.89,0,2e-06,0.002657
41480,경기도,파주시,수도권,75-79,70-79,고령,19,6,0.684211,44.71,2.3532,0.0,5.46,44.71,0,2.6e-05,0.030533
41480,경기도,파주시,수도권,80+,80+,고령,7,0,1.0,0.0,0.0,0.0,,0.0,0,0.0,0.0
41500,경기도,이천시,수도권,00-09,00-09,아동청소년,9,0,1.0,0.0,0.0,0.0,,0.0,0,0.0,0.0
41500,경기도,이천시,수도권,10-14,10-19,아동청소년,39,3,0.923077,11.53,0.2956,0.0,3.84,11.53,0,7e-06,0.029636
41500,경기도,이천시,수도권,15-19,10-19,아동청소년,21,1,0.952381,3.08,0.1467,0.0,3.08,3.08,0,2e-06,0.007917
41500,경기도,이천시,수도권,20-24,20-29,청년,37,8,0.783784,124.28,3.3589,0.0,7.445,124.28,0,7.4e-05,0.319437
41500,경기도,이천시,수도권,25-29,20-29,청년,13,3,0.769231,14.11,1.0854,0.0,4.11,14.11,0,8e-06,0.036267
41500,경기도,이천시,수도권,30-34,30-39,청년,29,4,0.862069,35.68,1.2303,0.0,7.395,35.68,0,2.1e-05,0.091708
41500,경기도,이천시,수도권,35-39,30-39,청년,65,8,0.876923,51.04,0.7852,0.0,6.225,51.04,0,3e-05,0.131188
41500,경기도,이천시,수도권,40-44,40-49,중장년,33,7,0.787879,52.53,1.5918,0.0,6.0,52.53,0,3.1e-05,0.135018
41500,경기도,이천시,수도권,45-49,40-49,중장년,29,4,0.862069,27.08,0.9338,0.0,7.265,27.08,0,1.6e-05,0.069604
41500,경기도,이천시,수도권,50-54,50-59,중장년,26,5,0.807692,23.47,0.9027,0.0,4.98,23.47,0,1.4e-05,0.060325
41500,경기도,이천시,수도권,55-59,50-59,중장년,10,6,0.4,34.83,3.483,3.505,5.045,34.83,0,2.1e-05,0.089523
41500,경기도,이천시,수도권,60-64,60-69,중장년,4,0,1.0,0.0,0.0,0.0,,0.0,0,0.0,0.0
41500,경기도,이천시,수도권,65-69,60-69,고령,15,2,0.866667,11.43,0.762,0.0,5.715,11.43,0,7e-06,0.029379
41500,경기도,이천시,수도권,70-74,70-79,고령,23,0,1.0,0.0,0.0,0.0,,0.0,0,0.0,0.0
41500,경기도,이천시,수도권,75-79,70-79,고령,10,0,1.0,0.0,0.0,0.0,,0.0,0,0.0,0.0
41500,경기도,이천시,수도권,80+,80+,고령,18,0,1.0,0.0,0.0,0.0,,0.0,0,0.0,0.0
41550,경기도,안성시,수도권,00-09,00-09,아동청소년,26,1,0.961538,5.52,0.2123,0.0,5.52,5.52,0,3e-06,0.002738
41550,경기도,안성시,수도권,10-14,10-19,아동청소년,34,3,0.911765,21.28,0.6259,0.0,4.81,21.28,0,1.3e-05,0.010556
41550,경기도,안성시,수도권,15-19,10-19,아동청소년,9,1,0.888889,4.75,0.5278,0.0,4.75,4.75,0,3e-06,0.002356
41550,경기도,안성시,수도권,20-24,20-29,청년,19,5,0.736842,22.01,1.1584,0.0,4.0,22.01,0,1.3e-05,0.010918
41550,경기도,안성시,수도권,25-29,20-29,청년,4,0,1.0,0.0,0.0,0.0,,0.0,0,0.0,0.0
41550,경기도,안성시,수도권,30-34,30-39,청년,3,1,0.666667,5.43,1.81,0.0,5.43,5.43,0,3e-06,0.002693
41550,경기도,안성시,수도권,35-39,30-39,청년,28,6,0.785714,43.38,1.5493,0.0,4.535,43.38,0,2.6e-05,0.021518
41550,경기도,안성시,수도권,40-44,40-49,중장년,19,6,0.684211,1630.29,85.8047,0.0,4.06,1630.29,0,0.000965,0.808672
41550,경기도,안성시,수도권,45-49,40-49,중장년,5,1,0.8,4.0,0.8,0.0,4.0,4.0,0,2e-06,0.001984
41550,경기도,안성시,수도권,50-54,50-59,중장년,7,0,1.0,0.0,0.0,0.0,,0.0,0,0.0,0.0
41550,경기도,안성시,수도권,55-59,50-59,중장년,7,2,0.714286,230.5,32.9286,0.0,115.25,230.5,0,0.000136,0.114335
41550,경기도,안성시,수도권,60-64,60-69,중장년,3,1,0.666667,5.64,1.88,0.0,5.64,5.64,0,3e-06,0.002798
41550,경기도,안성시,수도권,65-69,60-69,고령,7,1,0.857143,3.67,0.5243,0.0,3.67,3.67,0,2e-06,0.00182
41550,경기도,안성시,수도권,70-74,70-79,고령,23,7,0.695652,39.54,1.7191,0.0,5.69,39.54,0,2.3e-05,0.019613
41550,경기도,안성시,수도권,75-79,70-79,고령,6,0,1.0,0.0,0.0,0.0,,0.0,0,0.0,0.0
41550,경기도,안성시,수도권,80+,80+,고령,14,0,1.0,0.0,0.0,0.0,,0.0,0,0.0,0.0
41570,경기도,김포시,수도권,00-09,00-09,아동청소년,9,0,1.0,0.0,0.0,0.0,,0.0,0,0.0,0.0
41570,경기도,김포시,수도권,10-14,10-19,아동청소년,26,6,0.769231,35.51,1.3658,0.0,3.865,35.51,0,2.1e-05,0.036469
41570,경기도,김포시,수도권,15-19,10-19,아동청소년,14,1,0.928571,6.0,0.4286,0.0,6.0,6.0,0,4e-06,0.006162
41570,경기도,김포시,수도권,20-24,20-29,청년,32,10,0.6875,61.36,1.9175,0.0,4.625,61.36,0,3.6e-05,0.063017
41570,경기도,김포시,수도권,25-29,20-29,청년,9,5,0.444444,41.4,4.6,4.0,6.0,41.4,0,2.4e-05,0.042518
41570,경기도,김포시,수도권,30-34,30-39,청년,15,2,0.866667,26.91,1.794,0.0,13.455,26.91,0,1.6e-05,0.027637
41570,경기도,김포시,수도권,35-39,30-39,청년,23,8,0.652174,483.33,21.0143,0.0,17.775,483.33,0,0.000286,0.49638
41570,경기도,김포시,수도권,40-44,40-49,중장년,22,10,0.545455,81.3,3.6955,0.0,5.725,81.3,0,4.8e-05,0.083495
41570,경기도,김포시,수도권,45-49,40-49,중장년,15,2,0.866667,44.01,2.934,0.0,22.005,44.01,0,2.6e-05,0.045198
41570,경기도,김포시,수도권,50-54,50-59,중장년,18,7,0.611111,45.85,2.5472,0.0,5.99,45.85,0,2.7e-05,0.047088
41570,경기도,김포시,수도권,55-59,50-59,중장년,7,6,0.142857,22.9,3.2714,3.64,3.76,22.9,0,1.4e-05,0.023518
41570,경기도,김포시,수도권,60-64,60-69,중장년,23,7,0.695652,26.55,1.1543,0.0,3.7,26.55,0,1.6e-05,0.027267
41570,경기도,김포시,수도권,65-69,60-69,고령,5,2,0.6,8.39,1.678,0.0,4.195,8.39,0,5e-06,0.008617
41570,경기도,김포시,수도권,70-74,70-79,고령,25,3,0.88,23.57,0.9428,0.0,8.0,23.57,0,1.4e-05,0.024206
41570,경기도,김포시,수도권,75-79,70-79,고령,28,6,0.785714,57.02,2.0364,0.0,9.075,57.02,0,3.4e-05,0.05856
41570,경기도,김포시,수도권,80+,80+,고령,14,2,0.857143,9.61,0.6864,0.0,4.805,9.61,0,6e-06,0.009869
41590,경기도,화성시,수도권,00-09,00-09,아동청소년,6,2,0.666667,18.34,3.0567,0.0,9.17,18.34,0,1.1e-05,0.006141
41590,경기도,화성시,수도권,10-14,10-19,아동청소년,11,3,0.727273,32.06,2.9145,0.0,12.0,32.06,0,1.9e-05,0.010736
41590,경기도,화성시,수도권,20-24,20-29,청년,16,7,0.5625,84.29,5.2681,0.0,6.0,84.29,0,5e-05,0.028225
41590,경기도,화성시,수도권,25-29,20-29,청년,3,2,0.333333,12.0,4.0,4.0,6.0,12.0,0,7e-06,0.004018
41590,경기도,화성시,수도권,30-34,30-39,청년,2,0,1.0,0.0,0.0,0.0,,0.0,0,0.0,0.0
41590,경기도,화성시,수도권,35-39,30-39,청년,9,4,0.555556,2720.35,302.2611,0.0,30.73,2720.35,0,0.00161,0.91094
41590,경기도,화성시,수도권,40-44,40-49,중장년,15,4,0.733333,28.34,1.8893,0.0,5.37,28.34,0,1.7e-05,0.00949
41590,경기도,화성시,수도권,45-49,40-49,중장년,3,1,0.666667,4.28,1.4267,0.0,4.28,4.28,0,3e-06,0.001433
41590,경기도,화성시,수도권,50-54,50-59,중장년,3,3,0.0,19.52,6.5067,7.16,7.16,19.52,0,1.2e-05,0.006536
41590,경기도,화성시,수도권,55-59,50-59,중장년,1,1,0.0,5.7,5.7,5.7,5.7,5.7,0,3e-06,0.001909
41590,경기도,화성시,수도권,60-64,60-69,중장년,4,2,0.5,10.02,2.505,2.01,5.01,10.02,0,6e-06,0.003355
41590,경기도,화성시,수도권,65-69,60-69,고령,1,0,1.0,0.0,0.0,0.0,,0.0,0,0.0,0.0
41590,경기도,화성시,수도권,70-74,70-79,고령,5,2,0.6,10.55,2.11,0.0,5.275,10.55,0,6e-06,0.003533
41590,경기도,화성시,수도권,75-79,70-79,고령,4,2,0.5,7.94,1.985,1.78,3.97,7.94,0,5e-06,0.002659
41590,경기도,화성시,수도권,80+,80+,고령,2,1,0.5,32.92,16.46,16.46,32.92,32.92,0,1.9e-05,0.011024
41591,경기도,화성시 만세구,수도권,00-09,00-09,아동청소년,17,1,0.941176,8.58,0.5047,0.0,8.58,8.58,0,5e-06,0.007236
41591,경기도,화성시 만세구,수도권,10-14,10-19,아동청소년,14,2,0.857143,25.99,1.8564,0.0,12.995,25.99,0,1.5e-05,0.021919
41591,경기도,화성시 만세구,수도권,15-19,10-19,아동청소년,12,1,0.916667,3.54,0.295,0.0,3.54,3.54,0,2e-06,0.002986
41591,경기도,화성시 만세구,수도권,20-24,20-29,청년,10,3,0.7,31.56,3.156,0.0,9.46,31.56,0,1.9e-05,0.026617
41591,경기도,화성시 만세구,수도권,25-29,20-29,청년,6,1,0.833333,4.71,0.785,0.0,4.71,4.71,0,3e-06,0.003972
41591,경기도,화성시 만세구,수도권,30-34,30-39,청년,19,2,0.894737,9.47,0.4984,0.0,4.735,9.47,0,6e-06,0.007987
41591,경기도,화성시 만세구,수도권,35-39,30-39,청년,23,6,0.73913,52.18,2.2687,0.0,5.96,52.18,0,3.1e-05,0.044007
41591,경기도,화성시 만세구,수도권,40-44,40-49,중장년,36,11,0.694444,253.8,7.05,0.0,10.31,253.8,0,0.00015,0.214047
41591,경기도,화성시 만세구,수도권,45-49,40-49,중장년,14,1,0.928571,17.04,1.2171,0.0,17.04,17.04,0,1e-05,0.014371
41591,경기도,화성시 만세구,수도권,50-54,50-59,중장년,18,5,0.722222,32.06,1.7811,0.0,6.46,32.06,0,1.9e-05,0.027038
41591,경기도,화성시 만세구,수도권,55-59,50-59,중장년,11,7,0.363636,33.29,3.0264,4.0,4.16,33.29,0,2e-05,0.028076
41591,경기도,화성시 만세구,수도권,60-64,60-69,중장년,10,2,0.8,10.36,1.036,0.0,5.18,10.36,0,6e-06,0.008737
41591,경기도,화성시 만세구,수도권,65-69,60-69,고령,32,10,0.6875,615.17,19.2241,0.0,6.0,615.17,0,0.000364,0.518816
41591,경기도,화성시 만세구,수도권,70-74,70-79,고령,18,2,0.888889,39.3,2.1833,0.0,19.65,39.3,0,2.3e-05,0.033144
41591,경기도,화성시 만세구,수도권,75-79,70-79,고령,19,4,0.789474,35.67,1.8774,0.0,6.88,35.67,0,2.1e-05,0.030083
41591,경기도,화성시 만세구,수도권,80+,80+,고령,22,2,0.909091,13.0,0.5909,0.0,6.5,13.0,0,8e-06,0.010964
41593,경기도,화성시 효행구,수도권,00-09,00-09,아동청소년,18,0,1.0,0.0,0.0,0.0,,0.0,0,0.0,0.0
41593,경기도,화성시 효행구,수도권,10-14,10-19,아동청소년,16,0,1.0,0.0,0.0,0.0,,0.0,0,0.0,0.0
41593,경기도,화성시 효행구,수도권,15-19,10-19,아동청소년,11,3,0.727273,15.74,1.4309,0.0,4.51,15.74,0,9e-06,0.058292
41593,경기도,화성시 효행구,수도권,20-24,20-29,청년,23,7,0.695652,29.17,1.2683,0.0,4.0,29.17,0,1.7e-05,0.108029
41593,경기도,화성시 효행구,수도권,25-29,20-29,청년,5,1,0.8,4.1,0.82,0.0,4.1,4.1,0,2e-06,0.015184
41593,경기도,화성시 효행구,수도권,30-34,30-39,청년,41,6,0.853659,51.25,1.25,0.0,5.955,51.25,0,3e-05,0.189801
41593,경기도,화성시 효행구,수도권,35-39,30-39,청년,6,0,1.0,0.0,0.0,0.0,,0.0,0,0.0,0.0
41593,경기도,화성시 효행구,수도권,40-44,40-49,중장년,17,5,0.705882,105.91,6.23,0.0,6.57,105.91,0,6.3e-05,0.39223
41593,경기도,화성시 효행구,수도권,45-49,40-49,중장년,16,2,0.875,10.34,0.6462,0.0,5.17,10.34,0,6e-06,0.038293
41593,경기도,화성시 효행구,수도권,50-54,50-59,중장년,8,3,0.625,18.38,2.2975,0.0,4.19,18.38,0,1.1e-05,0.068069
41593,경기도,화성시 효행구,수도권,55-59,50-59,중장년,1,0,1.0,0.0,0.0,0.0,,0.0,0,0.0,0.0
41593,경기도,화성시 효행구,수도권,60-64,60-69,중장년,9,2,0.777778,8.06,0.8956,0.0,4.03,8.06,0,5e-06,0.02985
41593,경기도,화성시 효행구,수도권,65-69,60-69,고령,15,2,0.866667,10.02,0.668,0.0,5.01,10.02,0,6e-06,0.037108
41593,경기도,화성시 효행구,수도권,70-74,70-79,고령,6,0,1.0,0.0,0.0,0.0,,0.0,0,0.0,0.0
41593,경기도,화성시 효행구,수도권,75-79,70-79,고령,9,3,0.666667,17.05,1.8944,0.0,6.01,17.05,0,1e-05,0.063143
41593,경기도,화성시 효행구,수도권,80+,80+,고령,6,0,1.0,0.0,0.0,0.0,,0.0,0,0.0,0.0
41595,경기도,화성시 병점구,수도권,00-09,00-09,아동청소년,16,3,0.8125,37.09,2.3181,0.0,10.0,37.09,0,2.2e-05,0.094821
41595,경기도,화성시 병점구,수도권,10-14,10-19,아동청소년,16,2,0.875,8.13,0.5081,0.0,4.065,8.13,0,5e-06,0.020784
41595,경기도,화성시 병점구,수도권,15-19,10-19,아동청소년,10,2,0.8,62.57,6.257,0.0,31.285,62.57,0,3.7e-05,0.15996
41595,경기도,화성시 병점구,수도권,20-24,20-29,청년,22,7,0.681818,33.13,1.5059,0.0,4.5,33.13,0,2e-05,0.084697
41595,경기도,화성시 병점구,수도권,25-29,20-29,청년,18,5,0.722222,26.56,1.4756,0.0,4.45,26.56,0,1.6e-05,0.067901
41595,경기도,화성시 병점구,수도권,30-34,30-39,청년,6,1,0.833333,4.27,0.7117,0.0,4.27,4.27,0,3e-06,0.010916
41595,경기도,화성시 병점구,수도권,35-39,30-39,청년,10,3,0.7,13.62,1.362,0.0,4.64,13.62,0,8e-06,0.03482
41595,경기도,화성시 병점구,수도권,40-44,40-49,중장년,30,7,0.766667,29.86,0.9953,0.0,4.11,29.86,0,1.8e-05,0.076337
41595,경기도,화성시 병점구,수도권,45-49,40-49,중장년,30,7,0.766667,48.34,1.6113,0.0,5.17,48.34,0,2.9e-05,0.123581
41595,경기도,화성시 병점구,수도권,50-54,50-59,중장년,5,1,0.8,4.0,0.8,0.0,4.0,4.0,0,2e-06,0.010226
41595,경기도,화성시 병점구,수도권,55-59,50-59,중장년,9,5,0.444444,71.58,7.9533,3.39,6.0,71.58,0,4.2e-05,0.182994
41595,경기도,화성시 병점구,수도권,60-64,60-69,중장년,11,2,0.818182,10.33,0.9391,0.0,5.165,10.33,0,6e-06,0.026409
41595,경기도,화성시 병점구,수도권,65-69,60-69,고령,18,7,0.611111,29.75,1.6528,0.0,4.37,29.75,0,1.8e-05,0.076056
41595,경기도,화성시 병점구,수도권,70-74,70-79,고령,21,2,0.904762,11.93,0.5681,0.0,5.965,11.93,0,7e-06,0.030499
41595,경기도,화성시 병점구,수도권,75-79,70-79,고령,12,0,1.0,0.0,0.0,0.0,,0.0,0,0.0,0.0
41595,경기도,화성시 병점구,수도권,80+,80+,고령,16,0,1.0,0.0,0.0,0.0,,0.0,0,0.0,0.0
41597,경기도,화성시 동탄구,수도권,00-09,00-09,아동청소년,15,4,0.733333,28.08,1.872,0.0,5.625,28.08,0,1.7e-05,0.06245
41597,경기도,화성시 동탄구,수도권,10-14,10-19,아동청소년,18,1,0.944444,8.44,0.4689,0.0,8.44,8.44,0,5e-06,0.018771
41597,경기도,화성시 동탄구,수도권,15-19,10-19,아동청소년,2,0,1.0,0.0,0.0,0.0,,0.0,0,0.0,0.0
41597,경기도,화성시 동탄구,수도권,20-24,20-29,청년,18,9,0.5,45.38,2.5211,1.555,4.41,45.38,0,2.7e-05,0.100925
41597,경기도,화성시 동탄구,수도권,25-29,20-29,청년,12,5,0.583333,32.85,2.7375,0.0,4.93,32.85,0,1.9e-05,0.073058
41597,경기도,화성시 동탄구,수도권,30-34,30-39,청년,11,2,0.818182,33.92,3.0836,0.0,16.96,33.92,0,2e-05,0.075438
41597,경기도,화성시 동탄구,수도권,35-39,30-39,청년,23,12,0.478261,59.79,2.5996,3.0,5.035,59.79,0,3.5e-05,0.132973
41597,경기도,화성시 동탄구,수도권,40-44,40-49,중장년,17,5,0.705882,43.68,2.5694,0.0,8.94,43.68,0,2.6e-05,0.097144
41597,경기도,화성시 동탄구,수도권,45-49,40-49,중장년,24,10,0.583333,73.63,3.0679,0.0,7.245,73.63,0,4.4e-05,0.163753
41597,경기도,화성시 동탄구,수도권,50-54,50-59,중장년,10,4,0.6,21.72,2.172,0.0,5.95,21.72,0,1.3e-05,0.048305
41597,경기도,화성시 동탄구,수도권,55-59,50-59,중장년,5,2,0.6,8.64,1.728,0.0,4.32,8.64,0,5e-06,0.019215
41597,경기도,화성시 동탄구,수도권,60-64,60-69,중장년,11,4,0.636364,25.56,2.3236,0.0,4.88,25.56,0,1.5e-05,0.056845
41597,경기도,화성시 동탄구,수도권,65-69,60-69,고령,6,4,0.333333,20.34,3.39,3.61,5.085,20.34,0,1.2e-05,0.045236
41597,경기도,화성시 동탄구,수도권,70-74,70-79,고령,13,3,0.769231,31.15,2.3962,0.0,11.5,31.15,0,1.8e-05,0.069278
41597,경기도,화성시 동탄구,수도권,75-79,70-79,고령,12,2,0.833333,11.28,0.94,0.0,5.64,11.28,0,7e-06,0.025087
41597,경기도,화성시 동탄구,수도권,80+,80+,고령,13,1,0.923077,5.18,0.3985,0.0,5.18,5.18,0,3e-06,0.01152
41610,경기도,광주시,수도권,00-09,00-09,아동청소년,24,3,0.875,21.09,0.8788,0.0,8.13,21.09,0,1.2e-05,0.020084
41610,경기도,광주시,수도권,10-14,10-19,아동청소년,29,4,0.862069,19.43,0.67,0.0,4.53,19.43,0,1.1e-05,0.018503
41610,경기도,광주시,수도권,15-19,10-19,아동청소년,11,2,0.818182,8.16,0.7418,0.0,4.08,8.16,0,5e-06,0.007771
41610,경기도,광주시,수도권,20-24,20-29,청년,29,9,0.689655,99.02,3.4145,0.0,4.95,99.02,0,5.9e-05,0.094297
41610,경기도,광주시,수도권,25-29,20-29,청년,11,5,0.545455,30.6,2.7818,0.0,5.91,30.6,0,1.8e-05,0.02914
41610,경기도,광주시,수도권,30-34,30-39,청년,32,8,0.75,53.72,1.6788,0.0,5.34,53.72,0,3.2e-05,0.051158
41610,경기도,광주시,수도권,35-39,30-39,청년,15,3,0.8,449.72,29.9813,0.0,6.0,449.72,0,0.000266,0.428268
41610,경기도,광주시,수도권,40-44,40-49,중장년,52,17,0.673077,161.16,3.0992,0.0,5.06,161.16,0,9.5e-05,0.153473
41610,경기도,광주시,수도권,45-49,40-49,중장년,32,5,0.84375,48.35,1.5109,0.0,6.03,48.35,0,2.9e-05,0.046044
41610,경기도,광주시,수도권,50-54,50-59,중장년,30,5,0.833333,30.65,1.0217,0.0,4.3,30.65,0,1.8e-05,0.029188
41610,경기도,광주시,수도권,55-59,50-59,중장년,9,3,0.666667,13.8,1.5333,0.0,4.45,13.8,0,8e-06,0.013142
41610,경기도,광주시,수도권,60-64,60-69,중장년,25,7,0.72,86.47,3.4588,0.0,6.0,86.47,0,5.1e-05,0.082345
41610,경기도,광주시,수도권,65-69,60-69,고령,12,4,0.666667,17.92,1.4933,0.0,4.075,17.92,0,1.1e-05,0.017065
41610,경기도,광주시,수도권,70-74,70-79,고령,20,1,0.95,6.0,0.3,0.0,6.0,6.0,0,4e-06,0.005714
41610,경기도,광주시,수도권,75-79,70-79,고령,10,1,0.9,4.0,0.4,0.0,4.0,4.0,0,2e-06,0.003809
41610,경기도,광주시,수도권,80+,80+,고령,15,0,1.0,0.0,0.0,0.0,,0.0,0,0.0,0.0
41630,경기도,양주시,수도권,00-09,00-09,아동청소년,20,1,0.95,9.92,0.496,0.0,9.92,9.92,0,6e-06,0.014929
41630,경기도,양주시,수도권,10-14,10-19,아동청소년,44,6,0.863636,68.78,1.5632,0.0,8.355,68.78,0,4.1e-05,0.10351
41630,경기도,양주시,수도권,15-19,10-19,아동청소년,42,5,0.880952,43.74,1.0414,0.0,8.13,43.74,0,2.6e-05,0.065826
41630,경기도,양주시,수도권,20-24,20-29,청년,37,11,0.702703,51.64,1.3957,0.0,4.0,51.64,0,3.1e-05,0.077715
41630,경기도,양주시,수도권,25-29,20-29,청년,13,1,0.923077,3.23,0.2485,0.0,3.23,3.23,0,2e-06,0.004861
41630,경기도,양주시,수도권,30-34,30-39,청년,31,3,0.903226,36.31,1.1713,0.0,13.82,36.31,0,2.1e-05,0.054644
41630,경기도,양주시,수도권,35-39,30-39,청년,35,5,0.857143,38.9,1.1114,0.0,6.0,38.9,0,2.3e-05,0.058542
41630,경기도,양주시,수도권,40-44,40-49,중장년,60,7,0.883333,33.12,0.552,0.0,3.8,33.12,0,2e-05,0.049843
41630,경기도,양주시,수도권,45-49,40-49,중장년,35,7,0.8,37.04,1.0583,0.0,4.0,37.04,0,2.2e-05,0.055743
41630,경기도,양주시,수도권,50-54,50-59,중장년,47,12,0.744681,49.11,1.0449,0.0,4.0,49.11,0,2.9e-05,0.073907
41630,경기도,양주시,수도권,55-59,50-59,중장년,42,13,0.690476,104.11,2.4788,0.0,4.58,104.11,0,6.2e-05,0.156679
41630,경기도,양주시,수도권,60-64,60-69,중장년,46,9,0.804348,139.72,3.0374,0.0,6.0,139.72,0,8.3e-05,0.21027
41630,경기도,양주시,수도권,65-69,60-69,고령,41,7,0.829268,37.96,0.9259,0.0,4.28,37.96,0,2.2e-05,0.057127
41630,경기도,양주시,수도권,70-74,70-79,고령,32,2,0.9375,7.9,0.2469,0.0,3.95,7.9,0,5e-06,0.011889
41630,경기도,양주시,수도권,75-79,70-79,고령,16,1,0.9375,3.0,0.1875,0.0,3.0,3.0,0,2e-06,0.004515
41630,경기도,양주시,수도권,80+,80+,고령,35,0,1.0,0.0,0.0,0.0,,0.0,0,0.0,0.0
41650,경기도,포천시,수도권,00-09,00-09,아동청소년,18,0,1.0,0.0,0.0,0.0,,0.0,0,0.0,0.0
41650,경기도,포천시,수도권,10-14,10-19,아동청소년,30,3,0.9,31.79,1.0597,0.0,10.55,31.79,0,1.9e-05,0.076093
41650,경기도,포천시,수도권,15-19,10-19,아동청소년,4,1,0.75,4.08,1.02,0.0,4.08,4.08,0,2e-06,0.009766
41650,경기도,포천시,수도권,20-24,20-29,청년,22,6,0.727273,44.94,2.0427,0.0,5.315,44.94,0,2.7e-05,0.107569
41650,경기도,포천시,수도권,25-29,20-29,청년,13,1,0.923077,4.47,0.3438,0.0,4.47,4.47,0,3e-06,0.010699
41650,경기도,포천시,수도권,30-34,30-39,청년,9,1,0.888889,10.92,1.2133,0.0,10.92,10.92,0,6e-06,0.026138
41650,경기도,포천시,수도권,35-39,30-39,청년,25,6,0.76,36.29,1.4516,0.0,5.305,36.29,0,2.1e-05,0.086864
41650,경기도,포천시,수도권,40-44,40-49,중장년,43,13,0.697674,88.7,2.0628,0.0,6.3,88.7,0,5.2e-05,0.212313
41650,경기도,포천시,수도권,45-49,40-49,중장년,19,3,0.842105,23.06,1.2137,0.0,7.23,23.06,0,1.4e-05,0.055197
41650,경기도,포천시,수도권,50-54,50-59,중장년,24,5,0.791667,29.86,1.2442,0.0,5.04,29.86,0,1.8e-05,0.071473
41650,경기도,포천시,수도권,55-59,50-59,중장년,7,2,0.714286,13.79,1.97,0.0,6.895,13.79,0,8e-06,0.033008
41650,경기도,포천시,수도권,60-64,60-69,중장년,36,5,0.861111,33.62,0.9339,0.0,5.19,33.62,0,2e-05,0.080473
41650,경기도,포천시,수도권,65-69,60-69,고령,10,3,0.7,16.3,1.63,0.0,4.2,16.3,0,1e-05,0.039016
41650,경기도,포천시,수도권,70-74,70-79,고령,16,2,0.875,60.28,3.7675,0.0,30.14,60.28,0,3.6e-05,0.144286
41650,경기도,포천시,수도권,75-79,70-79,고령,13,2,0.846154,13.93,1.0715,0.0,6.965,13.93,0,8e-06,0.033343
41650,경기도,포천시,수도권,80+,80+,고령,16,1,0.9375,5.75,0.3594,0.0,5.75,5.75,0,3e-06,0.013763
41670,경기도,여주시,수도권,00-09,00-09,아동청소년,32,2,0.9375,22.26,0.6956,0.0,11.13,22.26,0,1.3e-05,0.005485
41670,경기도,여주시,수도권,10-14,10-19,아동청소년,43,1,0.976744,4.45,0.1035,0.0,4.45,4.45,0,3e-06,0.001096
41670,경기도,여주시,수도권,15-19,10-19,아동청소년,4,0,1.0,0.0,0.0,0.0,,0.0,0,0.0,0.0
41670,경기도,여주시,수도권,20-24,20-29,청년,30,2,0.933333,25.38,0.846,0.0,12.69,25.38,0,1.5e-05,0.006254
41670,경기도,여주시,수도권,25-29,20-29,청년,18,5,0.722222,24.3,1.35,0.0,5.02,24.3,0,1.4e-05,0.005988
41670,경기도,여주시,수도권,30-34,30-39,청년,16,1,0.9375,5.02,0.3137,0.0,5.02,5.02,0,3e-06,0.001237
41670,경기도,여주시,수도권,35-39,30-39,청년,23,2,0.913043,6.98,0.3035,0.0,3.49,6.98,0,4e-06,0.00172
41670,경기도,여주시,수도권,40-44,40-49,중장년,44,9,0.795455,123.44,2.8055,0.0,8.08,123.44,0,7.3e-05,0.030416
41670,경기도,여주시,수도권,45-49,40-49,중장년,15,2,0.866667,10.31,0.6873,0.0,5.155,10.31,0,6e-06,0.00254
41670,경기도,여주시,수도권,50-54,50-59,중장년,20,1,0.95,19.32,0.966,0.0,19.32,19.32,0,1.1e-05,0.004761
41670,경기도,여주시,수도권,55-59,50-59,중장년,6,1,0.833333,8.55,1.425,0.0,8.55,8.55,0,5e-06,0.002107
41670,경기도,여주시,수도권,60-64,60-69,중장년,10,0,1.0,0.0,0.0,0.0,,0.0,0,0.0,0.0
41670,경기도,여주시,수도권,65-69,60-69,고령,26,5,0.807692,45.02,1.7315,0.0,4.0,45.02,0,2.7e-05,0.011093
41670,경기도,여주시,수도권,70-74,70-79,고령,8,0,1.0,0.0,0.0,0.0,,0.0,0,0.0,0.0
41670,경기도,여주시,수도권,75-79,70-79,고령,13,1,0.923077,17.0,1.3077,0.0,17.0,17.0,0,1e-05,0.004189
41670,경기도,여주시,수도권,80+,80+,고령,33,1,0.969697,3746.34,113.5255,0.0,3746.34,3746.34,0,0.002217,0.923114
41800,경기도,연천군,수도권,00-09,00-09,아동청소년,23,0,1.0,0.0,0.0,0.0,,0.0,0,0.0,0.0
41800,경기도,연천군,수도권,10-14,10-19,아동청소년,22,1,0.954545,7.27,0.3305,0.0,7.27,7.27,0,4e-06,0.037079
41800,경기도,연천군,수도권,15-19,10-19,아동청소년,3,0,1.0,0.0,0.0,0.0,,0.0,0,0.0,0.0
41800,경기도,연천군,수도권,20-24,20-29,청년,26,2,0.923077,9.91,0.3812,0.0,4.955,9.91,0,6e-06,0.050543
41800,경기도,연천군,수도권,25-29,20-29,청년,38,5,0.868421,35.73,0.9403,0.0,6.01,35.73,0,2.1e-05,0.182231
41800,경기도,연천군,수도권,30-34,30-39,청년,35,4,0.885714,20.09,0.574,0.0,4.965,20.09,0,1.2e-05,0.102463
41800,경기도,연천군,수도권,35-39,30-39,청년,11,1,0.909091,3.37,0.3064,0.0,3.37,3.37,0,2e-06,0.017188
41800,경기도,연천군,수도권,40-44,40-49,중장년,25,2,0.92,13.13,0.5252,0.0,6.565,13.13,0,8e-06,0.066966
41800,경기도,연천군,수도권,45-49,40-49,중장년,24,4,0.833333,25.08,1.045,0.0,6.64,25.08,0,1.5e-05,0.127914
41800,경기도,연천군,수도권,50-54,50-59,중장년,31,5,0.83871,32.75,1.0565,0.0,6.78,32.75,0,1.9e-05,0.167032
41800,경기도,연천군,수도권,55-59,50-59,중장년,5,0,1.0,0.0,0.0,0.0,,0.0,0,0.0,0.0
41800,경기도,연천군,수도권,60-64,60-69,중장년,10,2,0.8,18.0,1.8,0.0,9.0,18.0,0,1.1e-05,0.091804
41800,경기도,연천군,수도권,65-69,60-69,고령,7,2,0.714286,16.64,2.3771,0.0,8.32,16.64,0,1e-05,0.084868
41800,경기도,연천군,수도권,70-74,70-79,고령,23,3,0.869565,14.1,0.613,0.0,4.1,14.1,0,8e-06,0.071913
41800,경기도,연천군,수도권,75-79,70-79,고령,3,0,1.0,0.0,0.0,0.0,,0.0,0,0.0,0.0
41800,경기도,연천군,수도권,80+,80+,고령,8,0,1.0,0.0,0.0,0.0,,0.0,0,0.0,0.0
41820,경기도,가평군,수도권,00-09,00-09,아동청소년,19,1,0.947368,14.93,0.7858,0.0,14.93,14.93,0,9e-06,0.046237
41820,경기도,가평군,수도권,10-14,10-19,아동청소년,17,2,0.882353,34.25,2.0147,0.0,17.125,34.25,0,2e-05,0.10607
41820,경기도,가평군,수도권,15-19,10-19,아동청소년,12,1,0.916667,5.16,0.43,0.0,5.16,5.16,0,3e-06,0.01598
41820,경기도,가평군,수도권,20-24,20-29,청년,38,8,0.789474,36.73,0.9666,0.0,3.85,36.73,0,2.2e-05,0.11375
41820,경기도,가평군,수도권,25-29,20-29,청년,12,1,0.916667,3.3,0.275,0.0,3.3,3.3,0,2e-06,0.01022
41820,경기도,가평군,수도권,30-34,30-39,청년,34,4,0.882353,17.91,0.5268,0.0,4.645,17.91,0,1.1e-05,0.055466
41820,경기도,가평군,수도권,35-39,30-39,청년,13,0,1.0,0.0,0.0,0.0,,0.0,0,0.0,0.0
41820,경기도,가평군,수도권,40-44,40-49,중장년,39,4,0.897436,63.41,1.6259,0.0,9.53,63.41,0,3.8e-05,0.196377
41820,경기도,가평군,수도권,45-49,40-49,중장년,23,3,0.869565,43.72,1.9009,0.0,16.41,43.72,0,2.6e-05,0.135398
41820,경기도,가평군,수도권,50-54,50-59,중장년,4,0,1.0,0.0,0.0,0.0,,0.0,0,0.0,0.0
41820,경기도,가평군,수도권,55-59,50-59,중장년,8,1,0.875,4.51,0.5638,0.0,4.51,4.51,0,3e-06,0.013967
41820,경기도,가평군,수도권,60-64,60-69,중장년,27,6,0.777778,89.81,3.3263,0.0,11.205,89.81,0,5.3e-05,0.278136
41820,경기도,가평군,수도권,65-69,60-69,고령,10,0,1.0,0.0,0.0,0.0,,0.0,0,0.0,0.0
41820,경기도,가평군,수도권,70-74,70-79,고령,6,0,1.0,0.0,0.0,0.0,,0.0,0,0.0,0.0
41820,경기도,가평군,수도권,75-79,70-79,고령,20,0,1.0,0.0,0.0,0.0,,0.0,0,0.0,0.0
41820,경기도,가평군,수도권,80+,80+,고령,27,1,0.962963,9.17,0.3396,0.0,9.17,9.17,0,5e-06,0.028399
41830,경기도,양평군,수도권,00-09,00-09,아동청소년,19,2,0.894737,17.28,0.9095,0.0,8.64,17.28,0,1e-05,0.043244
41830,경기도,양평군,수도권,10-14,10-19,아동청소년,12,1,0.916667,17.41,1.4508,0.0,17.41,17.41,0,1e-05,0.04357
41830,경기도,양평군,수도권,15-19,10-19,아동청소년,15,3,0.8,21.84,1.456,0.0,7.46,21.84,0,1.3e-05,0.054656
41830,경기도,양평군,수도권,20-24,20-29,청년,29,6,0.793103,34.62,1.1938,0.0,4.29,34.62,0,2e-05,0.086639
41830,경기도,양평군,수도권,25-29,20-29,청년,3,1,0.666667,4.66,1.5533,0.0,4.66,4.66,0,3e-06,0.011662
41830,경기도,양평군,수도권,30-34,30-39,청년,5,1,0.8,4.29,0.858,0.0,4.29,4.29,0,3e-06,0.010736
41830,경기도,양평군,수도권,35-39,30-39,청년,22,2,0.909091,13.59,0.6177,0.0,6.795,13.59,0,8e-06,0.03401
41830,경기도,양평군,수도권,40-44,40-49,중장년,49,6,0.877551,50.75,1.0357,0.0,6.865,50.75,0,3e-05,0.127005
41830,경기도,양평군,수도권,45-49,40-49,중장년,10,1,0.9,8.2,0.82,0.0,8.2,8.2,0,5e-06,0.020521
41830,경기도,양평군,수도권,50-54,50-59,중장년,17,2,0.882353,22.85,1.3441,0.0,11.425,22.85,0,1.4e-05,0.057184
41830,경기도,양평군,수도권,55-59,50-59,중장년,2,1,0.5,21.07,10.535,10.535,21.07,21.07,0,1.2e-05,0.052729
41830,경기도,양평군,수도권,60-64,60-69,중장년,10,1,0.9,36.07,3.607,0.0,36.07,36.07,0,2.1e-05,0.090268
41830,경기도,양평군,수도권,65-69,60-69,고령,24,11,0.541667,109.31,4.5546,0.0,6.0,109.31,0,6.5e-05,0.273555
41830,경기도,양평군,수도권,70-74,70-79,고령,14,0,1.0,0.0,0.0,0.0,,0.0,0,0.0,0.0
41830,경기도,양평군,수도권,75-79,70-79,고령,2,0,1.0,0.0,0.0,0.0,,0.0,0,0.0,0.0
41830,경기도,양평군,수도권,80+,80+,고령,38,2,0.947368,37.65,0.9908,0.0,18.825,37.65,0,2.2e-05,0.094222
43111,충청북도,청주시 상당구,기타 지역,00-09,00-09,아동청소년,8,3,0.625,24.96,3.12,0.0,6.77,24.96,0,1.5e-05,0.042867
43111,충청북도,청주시 상당구,기타 지역,10-14,10-19,아동청소년,24,5,0.791667,19.95,0.8312,0.0,3.73,19.95,0,1.2e-05,0.034262
43111,충청북도,청주시 상당구,기타 지역,15-19,10-19,아동청소년,16,2,0.875,7.7,0.4812,0.0,3.85,7.7,0,5e-06,0.013224
43111,충청북도,청주시 상당구,기타 지역,20-24,20-29,청년,28,12,0.571429,83.47,2.9811,0.0,4.11,83.47,0,4.9e-05,0.143353
43111,충청북도,청주시 상당구,기타 지역,25-29,20-29,청년,27,6,0.777778,30.35,1.1241,0.0,4.74,30.35,0,1.8e-05,0.052124
43111,충청북도,청주시 상당구,기타 지역,30-34,30-39,청년,25,6,0.76,36.25,1.45,0.0,4.585,36.25,0,2.1e-05,0.062256
43111,충청북도,청주시 상당구,기타 지역,35-39,30-39,청년,35,9,0.742857,46.91,1.3403,0.0,4.8,46.91,0,2.8e-05,0.080564
43111,충청북도,청주시 상당구,기타 지역,40-44,40-49,중장년,22,3,0.863636,18.71,0.8505,0.0,4.53,18.71,0,1.1e-05,0.032133
43111,충청북도,청주시 상당구,기타 지역,45-49,40-49,중장년,36,7,0.805556,49.85,1.3847,0.0,7.46,49.85,0,2.9e-05,0.085613
43111,충청북도,청주시 상당구,기타 지역,50-54,50-59,중장년,27,6,0.777778,57.37,2.1248,0.0,5.625,57.37,0,3.4e-05,0.098528
43111,충청북도,청주시 상당구,기타 지역,55-59,50-59,중장년,13,3,0.769231,13.26,1.02,0.0,4.37,13.26,0,8e-06,0.022773
43111,충청북도,청주시 상당구,기타 지역,60-64,60-69,중장년,11,2,0.818182,15.87,1.4427,0.0,7.935,15.87,0,9e-06,0.027255
43111,충청북도,청주시 상당구,기타 지역,65-69,60-69,고령,43,15,0.651163,97.32,2.2633,0.0,4.0,97.32,0,5.8e-05,0.167139
43111,충청북도,청주시 상당구,기타 지역,70-74,70-79,고령,33,8,0.757576,80.3,2.4333,0.0,5.555,80.3,0,4.8e-05,0.137909
43111,충청북도,청주시 상당구,기타 지역,75-79,70-79,고령,9,0,1.0,0.0,0.0,0.0,,0.0,0,0.0,0.0
43111,충청북도,청주시 상당구,기타 지역,80+,80+,고령,23,0,1.0,0.0,0.0,0.0,,0.0,0,0.0,0.0
43112,충청북도,청주시 서원구,기타 지역,00-09,00-09,아동청소년,16,1,0.9375,68.6,4.2875,0.0,68.6,68.6,0,4.1e-05,0.018397
43112,충청북도,청주시 서원구,기타 지역,10-14,10-19,아동청소년,29,5,0.827586,50.67,1.7472,0.0,11.41,50.67,0,3e-05,0.013588
43112,충청북도,청주시 서원구,기타 지역,15-19,10-19,아동청소년,24,6,0.75,50.99,2.1246,0.0,5.87,50.99,0,3e-05,0.013674
43112,충청북도,청주시 서원구,기타 지역,20-24,20-29,청년,44,23,0.477273,871.97,19.8175,3.03,5.71,871.97,0,0.000516,0.233842
43112,충청북도,청주시 서원구,기타 지역,25-29,20-29,청년,18,5,0.722222,35.02,1.9456,0.0,3.27,35.02,0,2.1e-05,0.009392
43112,충청북도,청주시 서원구,기타 지역,30-34,30-39,청년,41,12,0.707317,80.31,1.9588,0.0,6.0,80.31,0,4.8e-05,0.021537
43112,충청북도,청주시 서원구,기타 지역,35-39,30-39,청년,24,10,0.583333,1336.83,55.7012,0.0,13.585,1336.83,0,0.000791,0.358506
43112,충청북도,청주시 서원구,기타 지역,40-44,40-49,중장년,34,13,0.617647,247.95,7.2926,0.0,6.32,247.95,0,0.000147,0.066494
43112,충청북도,청주시 서원구,기타 지역,45-49,40-49,중장년,34,10,0.705882,91.55,2.6926,0.0,8.095,91.55,0,5.4e-05,0.024552
43112,충청북도,청주시 서원구,기타 지역,50-54,50-59,중장년,19,9,0.526316,240.73,12.67,0.0,7.08,240.73,0,0.000142,0.064558
43112,충청북도,청주시 서원구,기타 지역,55-59,50-59,중장년,29,15,0.482759,161.82,5.58,3.04,6.45,161.82,0,9.6e-05,0.043396
43112,충청북도,청주시 서원구,기타 지역,60-64,60-69,중장년,44,20,0.545455,144.44,3.2827,0.0,5.58,144.44,0,8.5e-05,0.038735
43112,충청북도,청주시 서원구,기타 지역,65-69,60-69,고령,30,13,0.566667,178.07,5.9357,0.0,7.33,178.07,0,0.000105,0.047754
43112,충청북도,청주시 서원구,기타 지역,70-74,70-79,고령,20,3,0.85,62.16,3.108,0.0,22.81,62.16,0,3.7e-05,0.01667
43112,충청북도,청주시 서원구,기타 지역,75-79,70-79,고령,33,9,0.727273,85.92,2.6036,0.0,7.62,85.92,0,5.1e-05,0.023042
43112,충청북도,청주시 서원구,기타 지역,80+,80+,고령,12,2,0.833333,21.86,1.8217,0.0,10.93,21.86,0,1.3e-05,0.005862
43113,충청북도,청주시 흥덕구,기타 지역,00-09,00-09,아동청소년,15,4,0.733333,33.35,2.2233,0.0,8.0,33.35,0,2e-05,0.032863
43113,충청북도,청주시 흥덕구,기타 지역,10-14,10-19,아동청소년,37,12,0.675676,113.12,3.0573,0.0,8.84,113.12,0,6.7e-05,0.111467
43113,충청북도,청주시 흥덕구,기타 지역,15-19,10-19,아동청소년,18,7,0.611111,174.3,9.6833,0.0,4.0,174.3,0,0.000103,0.171753
43113,충청북도,청주시 흥덕구,기타 지역,20-24,20-29,청년,17,10,0.411765,55.54,3.2671,3.14,4.39,55.54,0,3.3e-05,0.054728
43113,충청북도,청주시 흥덕구,기타 지역,25-29,20-29,청년,11,6,0.454545,48.47,4.4064,3.56,7.235,48.47,0,2.9e-05,0.047762
43113,충청북도,청주시 흥덕구,기타 지역,30-34,30-39,청년,10,5,0.5,48.03,4.803,2.21,6.0,48.03,0,2.8e-05,0.047328
43113,충청북도,청주시 흥덕구,기타 지역,35-39,30-39,청년,25,10,0.6,89.81,3.5924,0.0,9.285,89.81,0,5.3e-05,0.088498
43113,충청북도,청주시 흥덕구,기타 지역,40-44,40-49,중장년,15,9,0.4,113.15,7.5433,4.15,8.76,113.15,0,6.7e-05,0.111497
43113,충청북도,청주시 흥덕구,기타 지역,45-49,40-49,중장년,16,6,0.625,42.17,2.6356,0.0,6.915,42.17,0,2.5e-05,0.041554
43113,충청북도,청주시 흥덕구,기타 지역,50-54,50-59,중장년,16,11,0.3125,85.69,5.3556,4.115,6.38,85.69,0,5.1e-05,0.084438
43113,충청북도,청주시 흥덕구,기타 지역,55-59,50-59,중장년,17,10,0.411765,65.88,3.8753,3.69,4.805,65.88,0,3.9e-05,0.064917
43113,충청북도,청주시 흥덕구,기타 지역,60-64,60-69,중장년,3,0,1.0,0.0,0.0,0.0,,0.0,0,0.0,0.0
43113,충청북도,청주시 흥덕구,기타 지역,65-69,60-69,고령,5,1,0.8,6.65,1.33,0.0,6.65,6.65,0,4e-06,0.006553
43113,충청북도,청주시 흥덕구,기타 지역,70-74,70-79,고령,1,1,0.0,4.05,4.05,4.05,4.05,4.05,0,2e-06,0.003991
43113,충청북도,청주시 흥덕구,기타 지역,75-79,70-79,고령,10,1,0.9,134.62,13.462,0.0,134.62,134.62,0,8e-05,0.132653
43113,충청북도,청주시 흥덕구,기타 지역,80+,80+,고령,11,0,1.0,0.0,0.0,0.0,,0.0,0,0.0,0.0
43114,충청북도,청주시 청원구,기타 지역,00-09,00-09,아동청소년,19,1,0.947368,8.19,0.4311,0.0,8.19,8.19,0,5e-06,0.015528
43114,충청북도,청주시 청원구,기타 지역,10-14,10-19,아동청소년,30,7,0.766667,44.52,1.484,0.0,4.98,44.52,0,2.6e-05,0.084408
43114,충청북도,청주시 청원구,기타 지역,15-19,10-19,아동청소년,4,0,1.0,0.0,0.0,0.0,,0.0,0,0.0,0.0
43114,충청북도,청주시 청원구,기타 지역,20-24,20-29,청년,43,16,0.627907,104.95,2.4407,0.0,4.59,104.95,0,6.2e-05,0.19898
43114,충청북도,청주시 청원구,기타 지역,25-29,20-29,청년,35,6,0.828571,32.47,0.9277,0.0,5.205,32.47,0,1.9e-05,0.061562
43114,충청북도,청주시 청원구,기타 지역,30-34,30-39,청년,21,3,0.857143,18.73,0.8919,0.0,6.74,18.73,0,1.1e-05,0.035511
43114,충청북도,청주시 청원구,기타 지역,35-39,30-39,청년,35,6,0.828571,39.99,1.1426,0.0,6.365,39.99,0,2.4e-05,0.075819
43114,충청북도,청주시 청원구,기타 지역,40-44,40-49,중장년,50,9,0.82,52.33,1.0466,0.0,5.4,52.33,0,3.1e-05,0.099215
43114,충청북도,청주시 청원구,기타 지역,45-49,40-49,중장년,29,5,0.827586,33.8,1.1655,0.0,6.73,33.8,0,2e-05,0.064083
43114,충청북도,청주시 청원구,기타 지역,50-54,50-59,중장년,13,4,0.692308,33.37,2.5669,0.0,8.335,33.37,0,2e-05,0.063268
43114,충청북도,청주시 청원구,기타 지역,55-59,50-59,중장년,9,7,0.222222,77.86,8.6511,4.57,5.58,77.86,0,4.6e-05,0.147619
43114,충청북도,청주시 청원구,기타 지역,60-64,60-69,중장년,15,2,0.866667,10.0,0.6667,0.0,5.0,10.0,0,6e-06,0.01896
43114,충청북도,청주시 청원구,기타 지역,65-69,60-69,고령,24,9,0.625,49.04,2.0433,0.0,4.71,49.04,0,2.9e-05,0.092977
43114,충청북도,청주시 청원구,기타 지역,70-74,70-79,고령,15,0,1.0,0.0,0.0,0.0,,0.0,0,0.0,0.0
43114,충청북도,청주시 청원구,기타 지역,75-79,70-79,고령,12,2,0.833333,22.19,1.8492,0.0,11.095,22.19,0,1.3e-05,0.042071
43114,충청북도,청주시 청원구,기타 지역,80+,80+,고령,9,0,1.0,0.0,0.0,0.0,,0.0,0,0.0,0.0
43130,충청북도,충주시,기타 지역,00-09,00-09,아동청소년,13,3,0.769231,15.94,1.2262,0.0,6.04,15.94,0,9e-06,0.035761
43130,충청북도,충주시,기타 지역,10-14,10-19,아동청소년,16,3,0.8125,57.24,3.5775,0.0,4.73,57.24,0,3.4e-05,0.128416
43130,충청북도,충주시,기타 지역,15-19,10-19,아동청소년,7,2,0.714286,9.19,1.3129,0.0,4.595,9.19,0,5e-06,0.020617
43130,충청북도,충주시,기타 지역,20-24,20-29,청년,15,3,0.8,16.09,1.0727,0.0,4.54,16.09,0,1e-05,0.036097
43130,충청북도,충주시,기타 지역,25-29,20-29,청년,8,2,0.75,18.33,2.2912,0.0,9.165,18.33,0,1.1e-05,0.041123
43130,충청북도,충주시,기타 지역,30-34,30-39,청년,5,2,0.6,14.18,2.836,0.0,7.09,14.18,0,8e-06,0.031812
43130,충청북도,충주시,기타 지역,35-39,30-39,청년,10,4,0.6,29.4,2.94,0.0,7.43,29.4,0,1.7e-05,0.065958
43130,충청북도,충주시,기타 지역,40-44,40-49,중장년,23,5,0.782609,34.58,1.5035,0.0,7.27,34.58,0,2e-05,0.077579
43130,충청북도,충주시,기타 지역,45-49,40-49,중장년,24,10,0.583333,90.26,3.7608,0.0,4.34,90.26,0,5.3e-05,0.202495
43130,충청북도,충주시,기타 지역,50-54,50-59,중장년,8,3,0.625,19.02,2.3775,0.0,6.0,19.02,0,1.1e-05,0.042671
43130,충청북도,충주시,기타 지역,55-59,50-59,중장년,11,4,0.636364,22.18,2.0164,0.0,5.415,22.18,0,1.3e-05,0.04976
43130,충청북도,충주시,기타 지역,60-64,60-69,중장년,10,4,0.6,31.13,3.113,0.0,7.795,31.13,0,1.8e-05,0.069839
43130,충청북도,충주시,기타 지역,65-69,60-69,고령,7,2,0.714286,7.74,1.1057,0.0,3.87,7.74,0,5e-06,0.017364
43130,충청북도,충주시,기타 지역,70-74,70-79,고령,7,1,0.857143,4.83,0.69,0.0,4.83,4.83,0,3e-06,0.010836
43130,충청북도,충주시,기타 지역,75-79,70-79,고령,5,1,0.8,6.21,1.242,0.0,6.21,6.21,0,4e-06,0.013932
43130,충청북도,충주시,기타 지역,80+,80+,고령,22,4,0.818182,69.42,3.1555,0.0,9.945,69.42,0,4.1e-05,0.155741
43150,충청북도,제천시,기타 지역,00-09,00-09,아동청소년,13,0,1.0,0.0,0.0,0.0,,0.0,0,0.0,0.0
43150,충청북도,제천시,기타 지역,10-14,10-19,아동청소년,14,0,1.0,0.0,0.0,0.0,,0.0,0,0.0,0.0
43150,충청북도,제천시,기타 지역,15-19,10-19,아동청소년,9,2,0.777778,11.27,1.2522,0.0,5.635,11.27,0,7e-06,0.163144
43150,충청북도,제천시,기타 지역,20-24,20-29,청년,24,1,0.958333,6.56,0.2733,0.0,6.56,6.56,0,4e-06,0.094962
43150,충청북도,제천시,기타 지역,25-29,20-29,청년,19,0,1.0,0.0,0.0,0.0,,0.0,0,0.0,0.0
43150,충청북도,제천시,기타 지역,30-34,30-39,청년,10,2,0.8,11.1,1.11,0.0,5.55,11.1,0,7e-06,0.160683
43150,충청북도,제천시,기타 지역,35-39,30-39,청년,24,0,1.0,0.0,0.0,0.0,,0.0,0,0.0,0.0
43150,충청북도,제천시,기타 지역,40-44,40-49,중장년,32,2,0.9375,8.08,0.2525,0.0,4.04,8.08,0,5e-06,0.116966
43150,충청북도,제천시,기타 지역,45-49,40-49,중장년,16,2,0.875,8.67,0.5419,0.0,4.335,8.67,0,5e-06,0.125507
43150,충청북도,제천시,기타 지역,50-54,50-59,중장년,11,0,1.0,0.0,0.0,0.0,,0.0,0,0.0,0.0
43150,충청북도,제천시,기타 지역,55-59,50-59,중장년,4,1,0.75,3.36,0.84,0.0,3.36,3.36,0,2e-06,0.048639
43150,충청북도,제천시,기타 지역,60-64,60-69,중장년,5,0,1.0,0.0,0.0,0.0,,0.0,0,0.0,0.0
43150,충청북도,제천시,기타 지역,65-69,60-69,고령,5,1,0.8,11.67,2.334,0.0,11.67,11.67,0,7e-06,0.168935
43150,충청북도,제천시,기타 지역,70-74,70-79,고령,10,1,0.9,4.0,0.4,0.0,4.0,4.0,0,2e-06,0.057904
43150,충청북도,제천시,기타 지역,75-79,70-79,고령,17,1,0.941176,4.37,0.2571,0.0,4.37,4.37,0,3e-06,0.06326
43150,충청북도,제천시,기타 지역,80+,80+,고령,5,0,1.0,0.0,0.0,0.0,,0.0,0,0.0,0.0
43720,충청북도,보은군,기타 지역,00-09,00-09,아동청소년,39,2,0.948718,15.72,0.4031,0.0,7.86,15.72,0,9e-06,0.044719
43720,충청북도,보은군,기타 지역,10-14,10-19,아동청소년,26,0,1.0,0.0,0.0,0.0,,0.0,0,0.0,0.0
43720,충청북도,보은군,기타 지역,15-19,10-19,아동청소년,63,2,0.968254,12.17,0.1932,0.0,6.085,12.17,0,7e-06,0.03462
43720,충청북도,보은군,기타 지역,20-24,20-29,청년,32,5,0.84375,41.68,1.3025,0.0,4.17,41.68,0,2.5e-05,0.118567
43720,충청북도,보은군,기타 지역,25-29,20-29,청년,20,1,0.95,4.56,0.228,0.0,4.56,4.56,0,3e-06,0.012972
43720,충청북도,보은군,기타 지역,30-34,30-39,청년,72,9,0.875,66.43,0.9226,0.0,9.15,66.43,0,3.9e-05,0.188974
43720,충청북도,보은군,기타 지역,35-39,30-39,청년,28,2,0.928571,11.18,0.3993,0.0,5.59,11.18,0,7e-06,0.031804
43720,충청북도,보은군,기타 지역,40-44,40-49,중장년,47,6,0.87234,24.99,0.5317,0.0,4.035,24.99,0,1.5e-05,0.071089
43720,충청북도,보은군,기타 지역,45-49,40-49,중장년,37,7,0.810811,75.67,2.0451,0.0,8.33,75.67,0,4.5e-05,0.215259
43720,충청북도,보은군,기타 지역,50-54,50-59,중장년,28,5,0.821429,30.85,1.1018,0.0,7.25,30.85,0,1.8e-05,0.087759
43720,충청북도,보은군,기타 지역,55-59,50-59,중장년,4,3,0.25,16.85,4.2125,5.04,6.08,16.85,0,1e-05,0.047933
43720,충청북도,보은군,기타 지역,60-64,60-69,중장년,24,1,0.958333,4.47,0.1862,0.0,4.47,4.47,0,3e-06,0.012716
43720,충청북도,보은군,기타 지역,65-69,60-69,고령,10,2,0.8,9.39,0.939,0.0,4.695,9.39,0,6e-06,0.026712
43720,충청북도,보은군,기타 지역,70-74,70-79,고령,44,6,0.863636,31.57,0.7175,0.0,4.535,31.57,0,1.9e-05,0.089807
43720,충청북도,보은군,기타 지역,75-79,70-79,고령,15,0,1.0,0.0,0.0,0.0,,0.0,0,0.0,0.0
43720,충청북도,보은군,기타 지역,80+,80+,고령,33,1,0.969697,6.0,0.1818,0.0,6.0,6.0,0,4e-06,0.017068
43730,충청북도,옥천군,기타 지역,00-09,00-09,아동청소년,29,1,0.965517,8.88,0.3062,0.0,8.88,8.88,0,5e-06,0.024701
43730,충청북도,옥천군,기타 지역,10-14,10-19,아동청소년,16,0,1.0,0.0,0.0,0.0,,0.0,0,0.0,0.0
43730,충청북도,옥천군,기타 지역,15-19,10-19,아동청소년,6,1,0.833333,10.43,1.7383,0.0,10.43,10.43,0,6e-06,0.029013
43730,충청북도,옥천군,기타 지역,20-24,20-29,청년,20,3,0.85,19.27,0.9635,0.0,4.89,19.27,0,1.1e-05,0.053602
43730,충청북도,옥천군,기타 지역,25-29,20-29,청년,4,1,0.75,8.29,2.0725,0.0,8.29,8.29,0,5e-06,0.02306
43730,충청북도,옥천군,기타 지역,30-34,30-39,청년,19,1,0.947368,3.33,0.1753,0.0,3.33,3.33,0,2e-06,0.009263
43730,충청북도,옥천군,기타 지역,35-39,30-39,청년,47,6,0.87234,86.78,1.8464,0.0,14.825,86.78,0,5.1e-05,0.241391
43730,충청북도,옥천군,기타 지역,40-44,40-49,중장년,33,5,0.848485,24.21,0.7336,0.0,4.0,24.21,0,1.4e-05,0.067344
43730,충청북도,옥천군,기타 지역,45-49,40-49,중장년,29,10,0.655172,65.0,2.2414,0.0,6.06,65.0,0,3.8e-05,0.180807
43730,충청북도,옥천군,기타 지역,50-54,50-59,중장년,22,4,0.818182,24.66,1.1209,0.0,6.21,24.66,0,1.5e-05,0.068595
43730,충청북도,옥천군,기타 지역,55-59,50-59,중장년,14,5,0.642857,84.16,6.0114,0.0,6.4,84.16,0,5e-05,0.234103
43730,충청북도,옥천군,기타 지역,60-64,60-69,중장년,14,0,1.0,0.0,0.0,0.0,,0.0,0,0.0,0.0
43730,충청북도,옥천군,기타 지역,65-69,60-69,고령,8,3,0.625,21.49,2.6862,0.0,6.16,21.49,0,1.3e-05,0.059777
43730,충청북도,옥천군,기타 지역,70-74,70-79,고령,11,0,1.0,0.0,0.0,0.0,,0.0,0,0.0,0.0
43730,충청북도,옥천군,기타 지역,75-79,70-79,고령,8,0,1.0,0.0,0.0,0.0,,0.0,0,0.0,0.0
43730,충청북도,옥천군,기타 지역,80+,80+,고령,18,1,0.944444,3.0,0.1667,0.0,3.0,3.0,0,2e-06,0.008345
43740,충청북도,영동군,김천 인접 시군,00-09,00-09,아동청소년,8,4,0.5,606.98,75.8725,4.845,27.425,606.98,0,0.000359,0.031093
43740,충청북도,영동군,김천 인접 시군,10-14,10-19,아동청소년,18,11,0.388889,3795.4,210.8556,9.0,15.96,3795.4,0,0.002246,0.194424
43740,충청북도,영동군,김천 인접 시군,15-19,10-19,아동청소년,2,2,0.0,94.34,47.17,47.17,47.17,94.34,0,5.6e-05,0.004833
43740,충청북도,영동군,김천 인접 시군,20-24,20-29,청년,48,37,0.229167,2457.07,51.189,13.615,20.36,2457.07,0,0.001454,0.125866
43740,충청북도,영동군,김천 인접 시군,25-29,20-29,청년,12,8,0.333333,172.6,14.3833,8.175,15.47,172.6,0,0.000102,0.008842
43740,충청북도,영동군,김천 인접 시군,30-34,30-39,청년,21,17,0.190476,596.57,28.4081,16.0,17.34,596.57,0,0.000353,0.03056
43740,충청북도,영동군,김천 인접 시군,35-39,30-39,청년,17,14,0.176471,936.57,55.0924,21.02,24.78,936.57,0,0.000554,0.047977
43740,충청북도,영동군,김천 인접 시군,40-44,40-49,중장년,36,30,0.166667,634.81,17.6336,9.14,10.73,634.81,0,0.000376,0.032519
43740,충청북도,영동군,김천 인접 시군,45-49,40-49,중장년,39,32,0.179487,622.26,15.9554,10.23,14.79,622.26,0,0.000368,0.031876
43740,충청북도,영동군,김천 인접 시군,50-54,50-59,중장년,43,35,0.186047,947.31,22.0305,13.75,14.18,947.31,0,0.00056,0.048527
43740,충청북도,영동군,김천 인접 시군,55-59,50-59,중장년,22,18,0.181818,3189.55,144.9795,16.42,19.625,3189.55,0,0.001887,0.163389
43740,충청북도,영동군,김천 인접 시군,60-64,60-69,중장년,24,17,0.291667,1525.87,63.5779,26.325,39.65,1525.87,0,0.000903,0.078165
43740,충청북도,영동군,김천 인접 시군,65-69,60-69,고령,37,28,0.243243,661.52,17.8789,10.0,12.635,661.52,0,0.000391,0.033887
43740,충청북도,영동군,김천 인접 시군,70-74,70-79,고령,16,10,0.375,423.98,26.4988,10.87,40.48,423.98,0,0.000251,0.021719
43740,충청북도,영동군,김천 인접 시군,75-79,70-79,고령,6,4,0.333333,41.69,6.9483,7.69,8.425,41.69,0,2.5e-05,0.002136
43740,충청북도,영동군,김천 인접 시군,80+,80+,고령,6,4,0.333333,2814.73,469.1217,14.2,29.33,2814.73,0,0.001665,0.144188
43745,충청북도,증평군,기타 지역,00-09,00-09,아동청소년,40,2,0.95,25.1,0.6275,0.0,12.55,25.1,0,1.5e-05,0.089752
43745,충청북도,증평군,기타 지역,10-14,10-19,아동청소년,16,0,1.0,0.0,0.0,0.0,,0.0,0,0.0,0.0
43745,충청북도,증평군,기타 지역,15-19,10-19,아동청소년,10,2,0.8,15.18,1.518,0.0,7.59,15.18,0,9e-06,0.05428
43745,충청북도,증평군,기타 지역,20-24,20-29,청년,22,6,0.727273,89.51,4.0686,0.0,9.675,89.51,0,5.3e-05,0.320067
43745,충청북도,증평군,기타 지역,25-29,20-29,청년,22,2,0.909091,9.99,0.4541,0.0,4.995,9.99,0,6e-06,0.035722
43745,충청북도,증평군,기타 지역,30-34,30-39,청년,35,1,0.971429,6.0,0.1714,0.0,6.0,6.0,0,4e-06,0.021455
43745,충청북도,증평군,기타 지역,35-39,30-39,청년,12,0,1.0,0.0,0.0,0.0,,0.0,0,0.0,0.0
43745,충청북도,증평군,기타 지역,40-44,40-49,중장년,23,2,0.913043,48.79,2.1213,0.0,24.395,48.79,0,2.9e-05,0.174462
43745,충청북도,증평군,기타 지역,45-49,40-49,중장년,13,1,0.923077,4.57,0.3515,0.0,4.57,4.57,0,3e-06,0.016341
43745,충청북도,증평군,기타 지역,50-54,50-59,중장년,21,5,0.761905,57.42,2.7343,0.0,5.25,57.42,0,3.4e-05,0.205321
43745,충청북도,증평군,기타 지역,55-59,50-59,중장년,5,1,0.8,4.0,0.8,0.0,4.0,4.0,0,2e-06,0.014303
43745,충청북도,증평군,기타 지역,60-64,60-69,중장년,14,1,0.928571,4.42,0.3157,0.0,4.42,4.42,0,3e-06,0.015805
43745,충청북도,증평군,기타 지역,65-69,60-69,고령,9,0,1.0,0.0,0.0,0.0,,0.0,0,0.0,0.0
43745,충청북도,증평군,기타 지역,70-74,70-79,고령,10,1,0.9,4.07,0.407,0.0,4.07,4.07,0,2e-06,0.014553
43745,충청북도,증평군,기타 지역,75-79,70-79,고령,4,1,0.75,4.42,1.105,0.0,4.42,4.42,0,3e-06,0.015805
43745,충청북도,증평군,기타 지역,80+,80+,고령,6,1,0.833333,6.19,1.0317,0.0,6.19,6.19,0,4e-06,0.022134
43750,충청북도,진천군,기타 지역,00-09,00-09,아동청소년,8,1,0.875,3.59,0.4488,0.0,3.59,3.59,0,2e-06,0.006923
43750,충청북도,진천군,기타 지역,10-14,10-19,아동청소년,52,10,0.807692,67.06,1.2896,0.0,4.225,67.06,0,4e-05,0.129325
43750,충청북도,진천군,기타 지역,15-19,10-19,아동청소년,5,3,0.4,21.95,4.39,4.02,7.9,21.95,0,1.3e-05,0.04233
43750,충청북도,진천군,기타 지역,20-24,20-29,청년,22,9,0.590909,40.62,1.8464,0.0,4.1,40.62,0,2.4e-05,0.078335
43750,충청북도,진천군,기타 지역,25-29,20-29,청년,25,5,0.8,20.47,0.8188,0.0,4.0,20.47,0,1.2e-05,0.039476
43750,충청북도,진천군,기타 지역,30-34,30-39,청년,28,5,0.821429,35.47,1.2668,0.0,6.59,35.47,0,2.1e-05,0.068404
43750,충청북도,진천군,기타 지역,35-39,30-39,청년,25,8,0.68,56.67,2.2668,0.0,4.94,56.67,0,3.4e-05,0.109288
43750,충청북도,진천군,기타 지역,40-44,40-49,중장년,25,7,0.72,31.44,1.2576,0.0,4.0,31.44,0,1.9e-05,0.060632
43750,충청북도,진천군,기타 지역,45-49,40-49,중장년,23,8,0.652174,59.81,2.6004,0.0,8.45,59.81,0,3.5e-05,0.115343
43750,충청북도,진천군,기타 지역,50-54,50-59,중장년,24,7,0.708333,82.54,3.4392,0.0,6.57,82.54,0,4.9e-05,0.159178
43750,충청북도,진천군,기타 지역,55-59,50-59,중장년,8,3,0.625,34.09,4.2613,0.0,6.08,34.09,0,2e-05,0.065742
43750,충청북도,진천군,기타 지역,60-64,60-69,중장년,10,3,0.7,17.18,1.718,0.0,6.0,17.18,0,1e-05,0.033131
43750,충청북도,진천군,기타 지역,65-69,60-69,고령,18,3,0.833333,22.97,1.2761,0.0,6.86,22.97,0,1.4e-05,0.044297
43750,충청북도,진천군,기타 지역,70-74,70-79,고령,12,2,0.833333,20.6,1.7167,0.0,10.3,20.6,0,1.2e-05,0.039727
43750,충청북도,진천군,기타 지역,75-79,70-79,고령,10,1,0.9,4.08,0.408,0.0,4.08,4.08,0,2e-06,0.007868
43750,충청북도,진천군,기타 지역,80+,80+,고령,23,0,1.0,0.0,0.0,0.0,,0.0,0,0.0,0.0
43760,충청북도,괴산군,기타 지역,00-09,00-09,아동청소년,14,1,0.928571,6.96,0.4971,0.0,6.96,6.96,0,4e-06,0.053008
43760,충청북도,괴산군,기타 지역,10-14,10-19,아동청소년,32,0,1.0,0.0,0.0,0.0,,0.0,0,0.0,0.0
43760,충청북도,괴산군,기타 지역,15-19,10-19,아동청소년,13,0,1.0,0.0,0.0,0.0,,0.0,0,0.0,0.0
43760,충청북도,괴산군,기타 지역,20-24,20-29,청년,31,2,0.935484,18.97,0.6119,0.0,9.485,18.97,0,1.1e-05,0.144478
43760,충청북도,괴산군,기타 지역,25-29,20-29,청년,11,0,1.0,0.0,0.0,0.0,,0.0,0,0.0,0.0
43760,충청북도,괴산군,기타 지역,30-34,30-39,청년,15,0,1.0,0.0,0.0,0.0,,0.0,0,0.0,0.0
43760,충청북도,괴산군,기타 지역,35-39,30-39,청년,14,2,0.857143,23.36,1.6686,0.0,11.68,23.36,0,1.4e-05,0.177913
43760,충청북도,괴산군,기타 지역,40-44,40-49,중장년,23,2,0.913043,17.79,0.7735,0.0,8.895,17.79,0,1.1e-05,0.135491
43760,충청북도,괴산군,기타 지역,45-49,40-49,중장년,22,1,0.954545,6.54,0.2973,0.0,6.54,6.54,0,4e-06,0.04981
43760,충청북도,괴산군,기타 지역,50-54,50-59,중장년,29,1,0.965517,14.0,0.4828,0.0,14.0,14.0,0,8e-06,0.106626
43760,충청북도,괴산군,기타 지역,55-59,50-59,중장년,1,0,1.0,0.0,0.0,0.0,,0.0,0,0.0,0.0
43760,충청북도,괴산군,기타 지역,60-64,60-69,중장년,11,2,0.818182,12.24,1.1127,0.0,6.12,12.24,0,7e-06,0.093222
43760,충청북도,괴산군,기타 지역,65-69,60-69,고령,12,5,0.583333,31.44,2.62,0.0,4.0,31.44,0,1.9e-05,0.239452
43760,충청북도,괴산군,기타 지역,70-74,70-79,고령,16,0,1.0,0.0,0.0,0.0,,0.0,0,0.0,0.0
43760,충청북도,괴산군,기타 지역,75-79,70-79,고령,21,0,1.0,0.0,0.0,0.0,,0.0,0,0.0,0.0
43760,충청북도,괴산군,기타 지역,80+,80+,고령,79,0,1.0,0.0,0.0,0.0,,0.0,0,0.0,0.0
43770,충청북도,음성군,기타 지역,00-09,00-09,아동청소년,14,0,1.0,0.0,0.0,0.0,,0.0,0,0.0,0.0
43770,충청북도,음성군,기타 지역,10-14,10-19,아동청소년,12,3,0.75,10.44,0.87,0.0,3.6,10.44,0,6e-06,0.016843
43770,충청북도,음성군,기타 지역,15-19,10-19,아동청소년,5,2,0.6,8.31,1.662,0.0,4.155,8.31,0,5e-06,0.013407
43770,충청북도,음성군,기타 지역,20-24,20-29,청년,15,7,0.533333,43.77,2.918,0.0,6.0,43.77,0,2.6e-05,0.070616
43770,충청북도,음성군,기타 지역,25-29,20-29,청년,7,2,0.714286,16.37,2.3386,0.0,8.185,16.37,0,1e-05,0.02641
43770,충청북도,음성군,기타 지역,30-34,30-39,청년,9,3,0.666667,16.93,1.8811,0.0,6.0,16.93,0,1e-05,0.027314
43770,충청북도,음성군,기타 지역,35-39,30-39,청년,22,8,0.636364,158.55,7.2068,0.0,5.415,158.55,0,9.4e-05,0.255796
43770,충청북도,음성군,기타 지역,40-44,40-49,중장년,26,6,0.769231,81.73,3.1435,0.0,6.235,81.73,0,4.8e-05,0.131859
43770,충청북도,음성군,기타 지역,45-49,40-49,중장년,15,7,0.533333,37.05,2.47,0.0,4.21,37.05,0,2.2e-05,0.059774
43770,충청북도,음성군,기타 지역,50-54,50-59,중장년,8,4,0.5,35.02,4.3775,1.59,4.63,35.02,0,2.1e-05,0.056499
43770,충청북도,음성군,기타 지역,55-59,50-59,중장년,11,6,0.454545,29.15,2.65,4.11,4.815,29.15,0,1.7e-05,0.047029
43770,충청북도,음성군,기타 지역,60-64,60-69,중장년,27,5,0.814815,58.15,2.1537,0.0,4.52,58.15,0,3.4e-05,0.093816
43770,충청북도,음성군,기타 지역,65-69,60-69,고령,18,8,0.555556,31.21,1.7339,0.0,4.0,31.21,0,1.8e-05,0.050353
43770,충청북도,음성군,기타 지역,70-74,70-79,고령,7,1,0.857143,18.3,2.6143,0.0,18.3,18.3,0,1.1e-05,0.029524
43770,충청북도,음성군,기타 지역,75-79,70-79,고령,5,1,0.8,51.99,10.398,0.0,51.99,51.99,0,3.1e-05,0.083878
43770,충청북도,음성군,기타 지역,80+,80+,고령,15,2,0.866667,22.86,1.524,0.0,11.43,22.86,0,1.4e-05,0.036881
43800,충청북도,단양군,기타 지역,00-09,00-09,아동청소년,40,1,0.975,3.37,0.0842,0.0,3.37,3.37,0,2e-06,0.019472
43800,충청북도,단양군,기타 지역,10-14,10-19,아동청소년,35,2,0.942857,11.08,0.3166,0.0,5.54,11.08,0,7e-06,0.06402
43800,충청북도,단양군,기타 지역,15-19,10-19,아동청소년,15,0,1.0,0.0,0.0,0.0,,0.0,0,0.0,0.0
43800,충청북도,단양군,기타 지역,20-24,20-29,청년,51,4,0.921569,24.5,0.4804,0.0,4.315,24.5,0,1.4e-05,0.141561
43800,충청북도,단양군,기타 지역,25-29,20-29,청년,26,3,0.884615,12.73,0.4896,0.0,4.0,12.73,0,8e-06,0.073554
43800,충청북도,단양군,기타 지역,30-34,30-39,청년,31,0,1.0,0.0,0.0,0.0,,0.0,0,0.0,0.0
43800,충청북도,단양군,기타 지역,35-39,30-39,청년,74,6,0.918919,39.56,0.5346,0.0,5.145,39.56,0,2.3e-05,0.228578
43800,충청북도,단양군,기타 지역,40-44,40-49,중장년,42,2,0.952381,11.97,0.285,0.0,5.985,11.97,0,7e-06,0.069163
43800,충청북도,단양군,기타 지역,45-49,40-49,중장년,53,5,0.90566,35.01,0.6606,0.0,7.75,35.01,0,2.1e-05,0.202288
43800,충청북도,단양군,기타 지역,50-54,50-59,중장년,19,3,0.842105,23.99,1.2626,0.0,8.25,23.99,0,1.4e-05,0.138614
43800,충청북도,단양군,기타 지역,55-59,50-59,중장년,10,1,0.9,4.42,0.442,0.0,4.42,4.42,0,3e-06,0.025539
43800,충청북도,단양군,기타 지역,60-64,60-69,중장년,18,0,1.0,0.0,0.0,0.0,,0.0,0,0.0,0.0
43800,충청북도,단양군,기타 지역,65-69,60-69,고령,21,1,0.952381,3.03,0.1443,0.0,3.03,3.03,0,2e-06,0.017507
43800,충청북도,단양군,기타 지역,70-74,70-79,고령,28,1,0.964286,3.41,0.1218,0.0,3.41,3.41,0,2e-06,0.019703
43800,충청북도,단양군,기타 지역,75-79,70-79,고령,9,0,1.0,0.0,0.0,0.0,,0.0,0,0.0,0.0
43800,충청북도,단양군,기타 지역,80+,80+,고령,51,0,1.0,0.0,0.0,0.0,,0.0,0,0.0,0.0
44131,충청남도,천안시 동남구,기타 지역,00-09,00-09,아동청소년,9,3,0.666667,15.14,1.6822,0.0,4.84,15.14,0,9e-06,0.014711
44131,충청남도,천안시 동남구,기타 지역,10-14,10-19,아동청소년,33,11,0.666667,168.88,5.1176,0.0,7.07,168.88,0,0.0001,0.164092
44131,충청남도,천안시 동남구,기타 지역,15-19,10-19,아동청소년,6,3,0.5,14.62,2.4367,1.845,4.93,14.62,0,9e-06,0.014205
44131,충청남도,천안시 동남구,기타 지역,20-24,20-29,청년,39,17,0.564103,202.87,5.2018,0.0,5.6,202.87,0,0.00012,0.197118
44131,충청남도,천안시 동남구,기타 지역,25-29,20-29,청년,13,2,0.846154,9.78,0.7523,0.0,4.89,9.78,0,6e-06,0.009503
44131,충청남도,천안시 동남구,기타 지역,30-34,30-39,청년,12,6,0.5,51.98,4.3317,2.31,7.75,51.98,0,3.1e-05,0.050506
44131,충청남도,천안시 동남구,기타 지역,35-39,30-39,청년,20,9,0.55,209.03,10.4515,0.0,13.26,209.03,0,0.000124,0.203103
44131,충청남도,천안시 동남구,기타 지역,40-44,40-49,중장년,18,6,0.666667,38.91,2.1617,0.0,4.935,38.91,0,2.3e-05,0.037807
44131,충청남도,천안시 동남구,기타 지역,45-49,40-49,중장년,37,14,0.621622,105.86,2.8611,0.0,6.74,105.86,0,6.3e-05,0.102859
44131,충청남도,천안시 동남구,기타 지역,50-54,50-59,중장년,15,4,0.733333,20.6,1.3733,0.0,4.285,20.6,0,1.2e-05,0.020016
44131,충청남도,천안시 동남구,기타 지역,55-59,50-59,중장년,9,8,0.111111,50.14,5.5711,5.06,5.12,50.14,0,3e-05,0.048718
44131,충청남도,천안시 동남구,기타 지역,60-64,60-69,중장년,4,3,0.25,30.05,7.5125,8.155,10.46,30.05,0,1.8e-05,0.029198
44131,충청남도,천안시 동남구,기타 지역,65-69,60-69,고령,8,4,0.5,17.9,2.2375,2.0,4.61,17.9,0,1.1e-05,0.017392
44131,충청남도,천안시 동남구,기타 지역,70-74,70-79,고령,15,2,0.866667,13.08,0.872,0.0,6.54,13.08,0,8e-06,0.012709
44131,충청남도,천안시 동남구,기타 지역,75-79,70-79,고령,9,3,0.666667,71.06,7.8956,0.0,30.25,71.06,0,4.2e-05,0.069045
44131,충청남도,천안시 동남구,기타 지역,80+,80+,고령,17,2,0.882353,9.28,0.5459,0.0,4.64,9.28,0,5e-06,0.009017
44133,충청남도,천안시 서북구,기타 지역,00-09,00-09,아동청소년,14,5,0.642857,89.69,6.4064,0.0,8.75,89.69,0,5.3e-05,0.014696
44133,충청남도,천안시 서북구,기타 지역,10-14,10-19,아동청소년,40,15,0.625,166.06,4.1515,0.0,11.0,166.06,0,9.8e-05,0.02721
44133,충청남도,천안시 서북구,기타 지역,15-19,10-19,아동청소년,3,2,0.333333,13.61,4.5367,3.61,6.805,13.61,0,8e-06,0.00223
44133,충청남도,천안시 서북구,기타 지역,20-24,20-29,청년,26,14,0.461538,253.09,9.7342,3.87,11.225,253.09,0,0.00015,0.041471
44133,충청남도,천안시 서북구,기타 지역,25-29,20-29,청년,11,8,0.272727,53.14,4.8309,4.7,5.42,53.14,0,3.1e-05,0.008707
44133,충청남도,천안시 서북구,기타 지역,30-34,30-39,청년,14,11,0.214286,152.61,10.9007,5.775,7.14,152.61,0,9e-05,0.025006
44133,충청남도,천안시 서북구,기타 지역,35-39,30-39,청년,25,14,0.44,137.98,5.5192,4.16,6.765,137.98,0,8.2e-05,0.022609
44133,충청남도,천안시 서북구,기타 지역,40-44,40-49,중장년,48,29,0.395833,4622.13,96.2944,4.92,8.0,4622.13,0,0.002735,0.757376
44133,충청남도,천안시 서북구,기타 지역,45-49,40-49,중장년,32,21,0.34375,275.65,8.6141,6.57,9.0,275.65,0,0.000163,0.045168
44133,충청남도,천안시 서북구,기타 지역,50-54,50-59,중장년,24,14,0.416667,115.94,4.8308,4.81,8.0,115.94,0,6.9e-05,0.018998
44133,충청남도,천안시 서북구,기타 지역,55-59,50-59,중장년,7,6,0.142857,59.81,8.5443,4.79,4.895,59.81,0,3.5e-05,0.0098
44133,충청남도,천안시 서북구,기타 지역,60-64,60-69,중장년,11,4,0.636364,22.3,2.0273,0.0,5.51,22.3,0,1.3e-05,0.003654
44133,충청남도,천안시 서북구,기타 지역,65-69,60-69,고령,25,11,0.56,90.49,3.6196,0.0,7.73,90.49,0,5.4e-05,0.014828
44133,충청남도,천안시 서북구,기타 지역,70-74,70-79,고령,9,2,0.777778,8.48,0.9422,0.0,4.24,8.48,0,5e-06,0.00139
44133,충청남도,천안시 서북구,기타 지역,75-79,70-79,고령,22,4,0.818182,29.91,1.3595,0.0,7.335,29.91,0,1.8e-05,0.004901
44133,충청남도,천안시 서북구,기타 지역,80+,80+,고령,9,1,0.888889,11.93,1.3256,0.0,11.93,11.93,0,7e-06,0.001955
44150,충청남도,공주시,기타 지역,00-09,00-09,아동청소년,41,3,0.926829,20.84,0.5083,0.0,6.66,20.84,0,1.2e-05,0.04226
44150,충청남도,공주시,기타 지역,10-14,10-19,아동청소년,31,2,0.935484,13.85,0.4468,0.0,6.925,13.85,0,8e-06,0.028085
44150,충청남도,공주시,기타 지역,15-19,10-19,아동청소년,9,1,0.888889,9.42,1.0467,0.0,9.42,9.42,0,6e-06,0.019102
44150,충청남도,공주시,기타 지역,20-24,20-29,청년,29,5,0.827586,62.35,2.15,0.0,8.01,62.35,0,3.7e-05,0.126435
44150,충청남도,공주시,기타 지역,25-29,20-29,청년,7,0,1.0,0.0,0.0,0.0,,0.0,0,0.0,0.0
44150,충청남도,공주시,기타 지역,30-34,30-39,청년,19,1,0.947368,25.87,1.3616,0.0,25.87,25.87,0,1.5e-05,0.05246
44150,충청남도,공주시,기타 지역,35-39,30-39,청년,11,3,0.727273,18.47,1.6791,0.0,4.0,18.47,0,1.1e-05,0.037454
44150,충청남도,공주시,기타 지역,40-44,40-49,중장년,46,16,0.652174,124.45,2.7054,0.0,6.42,124.45,0,7.4e-05,0.252362
44150,충청남도,공주시,기타 지역,45-49,40-49,중장년,37,9,0.756757,60.45,1.6338,0.0,6.55,60.45,0,3.6e-05,0.122582
44150,충청남도,공주시,기타 지역,50-54,50-59,중장년,24,7,0.708333,82.09,3.4204,0.0,11.1,82.09,0,4.9e-05,0.166464
44150,충청남도,공주시,기타 지역,55-59,50-59,중장년,1,1,0.0,3.11,3.11,3.11,3.11,3.11,0,2e-06,0.006307
44150,충청남도,공주시,기타 지역,60-64,60-69,중장년,18,0,1.0,0.0,0.0,0.0,,0.0,0,0.0,0.0
44150,충청남도,공주시,기타 지역,65-69,60-69,고령,14,5,0.642857,37.0,2.6429,0.0,7.67,37.0,0,2.2e-05,0.075029
44150,충청남도,공주시,기타 지역,70-74,70-79,고령,10,1,0.9,11.15,1.115,0.0,11.15,11.15,0,7e-06,0.02261
44150,충청남도,공주시,기타 지역,75-79,70-79,고령,12,1,0.916667,4.17,0.3475,0.0,4.17,4.17,0,2e-06,0.008456
44150,충청남도,공주시,기타 지역,80+,80+,고령,21,1,0.952381,19.92,0.9486,0.0,19.92,19.92,0,1.2e-05,0.040394
44180,충청남도,보령시,기타 지역,00-09,00-09,아동청소년,9,0,1.0,0.0,0.0,0.0,,0.0,0,0.0,0.0
44180,충청남도,보령시,기타 지역,10-14,10-19,아동청소년,40,1,0.975,4.06,0.1015,0.0,4.06,4.06,0,2e-06,0.041697
44180,충청남도,보령시,기타 지역,15-19,10-19,아동청소년,3,0,1.0,0.0,0.0,0.0,,0.0,0,0.0,0.0
44180,충청남도,보령시,기타 지역,20-24,20-29,청년,34,6,0.823529,66.87,1.9668,0.0,6.15,66.87,0,4e-05,0.686762
44180,충청남도,보령시,기타 지역,25-29,20-29,청년,36,1,0.972222,6.0,0.1667,0.0,6.0,6.0,0,4e-06,0.061621
44180,충청남도,보령시,기타 지역,30-34,30-39,청년,32,0,1.0,0.0,0.0,0.0,,0.0,0,0.0,0.0
44180,충청남도,보령시,기타 지역,35-39,30-39,청년,22,1,0.954545,12.8,0.5818,0.0,12.8,12.8,0,8e-06,0.131457
44180,충청남도,보령시,기타 지역,40-44,40-49,중장년,18,2,0.888889,7.64,0.4244,0.0,3.82,7.64,0,5e-06,0.078464
44180,충청남도,보령시,기타 지역,45-49,40-49,중장년,16,0,1.0,0.0,0.0,0.0,,0.0,0,0.0,0.0
44180,충청남도,보령시,기타 지역,50-54,50-59,중장년,5,0,1.0,0.0,0.0,0.0,,0.0,0,0.0,0.0
44180,충청남도,보령시,기타 지역,55-59,50-59,중장년,30,0,1.0,0.0,0.0,0.0,,0.0,0,0.0,0.0
44180,충청남도,보령시,기타 지역,60-64,60-69,중장년,6,0,1.0,0.0,0.0,0.0,,0.0,0,0.0,0.0
44180,충청남도,보령시,기타 지역,65-69,60-69,고령,9,0,1.0,0.0,0.0,0.0,,0.0,0,0.0,0.0
44180,충청남도,보령시,기타 지역,70-74,70-79,고령,18,0,1.0,0.0,0.0,0.0,,0.0,0,0.0,0.0
44180,충청남도,보령시,기타 지역,75-79,70-79,고령,11,0,1.0,0.0,0.0,0.0,,0.0,0,0.0,0.0
44180,충청남도,보령시,기타 지역,80+,80+,고령,14,0,1.0,0.0,0.0,0.0,,0.0,0,0.0,0.0
44200,충청남도,아산시,기타 지역,00-09,00-09,아동청소년,9,5,0.444444,47.62,5.2911,7.04,8.87,47.62,0,2.8e-05,0.009751
44200,충청남도,아산시,기타 지역,10-14,10-19,아동청소년,24,11,0.541667,104.39,4.3496,0.0,7.64,104.39,0,6.2e-05,0.021376
44200,충청남도,아산시,기타 지역,15-19,10-19,아동청소년,12,9,0.25,91.1,7.5917,4.86,6.56,91.1,0,5.4e-05,0.018655
44200,충청남도,아산시,기타 지역,20-24,20-29,청년,34,15,0.558824,133.94,3.9394,0.0,7.02,133.94,0,7.9e-05,0.027428
44200,충청남도,아산시,기타 지역,25-29,20-29,청년,72,38,0.472222,3121.51,43.3543,3.035,6.295,3121.51,0,0.001847,0.639207
44200,충청남도,아산시,기타 지역,30-34,30-39,청년,90,47,0.477778,384.49,4.2721,3.16,7.33,384.49,0,0.000227,0.078734
44200,충청남도,아산시,기타 지역,35-39,30-39,청년,51,22,0.568627,220.55,4.3245,0.0,8.145,220.55,0,0.00013,0.045163
44200,충청남도,아산시,기타 지역,40-44,40-49,중장년,39,22,0.435897,148.83,3.8162,3.54,6.48,148.83,0,8.8e-05,0.030477
44200,충청남도,아산시,기타 지역,45-49,40-49,중장년,21,13,0.380952,156.56,7.4552,5.21,8.0,156.56,0,9.3e-05,0.03206
44200,충청남도,아산시,기타 지역,50-54,50-59,중장년,41,28,0.317073,243.19,5.9315,5.41,7.235,243.19,0,0.000144,0.049799
44200,충청남도,아산시,기타 지역,55-59,50-59,중장년,12,10,0.166667,74.84,6.2367,5.57,6.565,74.84,0,4.4e-05,0.015325
44200,충청남도,아산시,기타 지역,60-64,60-69,중장년,7,2,0.714286,9.87,1.41,0.0,4.935,9.87,0,6e-06,0.002021
44200,충청남도,아산시,기타 지역,65-69,60-69,고령,25,11,0.56,64.83,2.5932,0.0,4.86,64.83,0,3.8e-05,0.013276
44200,충청남도,아산시,기타 지역,70-74,70-79,고령,7,4,0.428571,44.21,6.3157,5.0,9.455,44.21,0,2.6e-05,0.009053
44200,충청남도,아산시,기타 지역,75-79,70-79,고령,5,1,0.8,37.48,7.496,0.0,37.48,37.48,0,2.2e-05,0.007675
44200,충청남도,아산시,기타 지역,80+,80+,고령,4,0,1.0,0.0,0.0,0.0,,0.0,0,0.0,0.0
44210,충청남도,서산시,기타 지역,00-09,00-09,아동청소년,15,0,1.0,0.0,0.0,0.0,,0.0,0,0.0,0.0
44210,충청남도,서산시,기타 지역,10-14,10-19,아동청소년,54,1,0.981481,9.19,0.1702,0.0,9.19,9.19,0,5e-06,0.026238
44210,충청남도,서산시,기타 지역,15-19,10-19,아동청소년,13,1,0.923077,8.23,0.6331,0.0,8.23,8.23,0,5e-06,0.023497
44210,충청남도,서산시,기타 지역,20-24,20-29,청년,37,7,0.810811,44.67,1.2073,0.0,5.15,44.67,0,2.6e-05,0.127534
44210,충청남도,서산시,기타 지역,25-29,20-29,청년,12,3,0.75,50.8,4.2333,0.0,20.21,50.8,0,3e-05,0.145035
44210,충청남도,서산시,기타 지역,30-34,30-39,청년,32,0,1.0,0.0,0.0,0.0,,0.0,0,0.0,0.0
44210,충청남도,서산시,기타 지역,35-39,30-39,청년,40,8,0.8,65.62,1.6405,0.0,7.61,65.62,0,3.9e-05,0.187347
44210,충청남도,서산시,기타 지역,40-44,40-49,중장년,35,8,0.771429,83.73,2.3923,0.0,5.715,83.73,0,5e-05,0.239051
44210,충청남도,서산시,기타 지역,45-49,40-49,중장년,12,1,0.916667,36.2,3.0167,0.0,36.2,36.2,0,2.1e-05,0.103352
44210,충청남도,서산시,기타 지역,50-54,50-59,중장년,16,2,0.875,16.24,1.015,0.0,8.12,16.24,0,1e-05,0.046366
44210,충청남도,서산시,기타 지역,55-59,50-59,중장년,3,3,0.0,25.51,8.5033,4.27,4.27,25.51,0,1.5e-05,0.072832
44210,충청남도,서산시,기타 지역,60-64,60-69,중장년,14,1,0.928571,3.0,0.2143,0.0,3.0,3.0,0,2e-06,0.008565
44210,충청남도,서산시,기타 지역,65-69,60-69,고령,13,1,0.923077,7.07,0.5438,0.0,7.07,7.07,0,4e-06,0.020185
44210,충청남도,서산시,기타 지역,70-74,70-79,고령,10,0,1.0,0.0,0.0,0.0,,0.0,0,0.0,0.0
44210,충청남도,서산시,기타 지역,75-79,70-79,고령,10,0,1.0,0.0,0.0,0.0,,0.0,0,0.0,0.0
44210,충청남도,서산시,기타 지역,80+,80+,고령,15,0,1.0,0.0,0.0,0.0,,0.0,0,0.0,0.0
44230,충청남도,논산시,기타 지역,00-09,00-09,아동청소년,6,1,0.833333,9.57,1.595,0.0,9.57,9.57,0,6e-06,0.066792
44230,충청남도,논산시,기타 지역,10-14,10-19,아동청소년,26,1,0.961538,3.12,0.12,0.0,3.12,3.12,0,2e-06,0.021776
44230,충청남도,논산시,기타 지역,15-19,10-19,아동청소년,3,1,0.666667,6.0,2.0,0.0,6.0,6.0,0,4e-06,0.041876
44230,충청남도,논산시,기타 지역,20-24,20-29,청년,8,2,0.75,14.8,1.85,0.0,7.4,14.8,0,9e-06,0.103294
44230,충청남도,논산시,기타 지역,25-29,20-29,청년,6,1,0.833333,4.81,0.8017,0.0,4.81,4.81,0,3e-06,0.033571
44230,충청남도,논산시,기타 지역,30-34,30-39,청년,9,1,0.888889,4.08,0.4533,0.0,4.08,4.08,0,2e-06,0.028476
44230,충청남도,논산시,기타 지역,35-39,30-39,청년,16,3,0.8125,33.59,2.0994,0.0,13.96,33.59,0,2e-05,0.234436
44230,충청남도,논산시,기타 지역,40-44,40-49,중장년,10,2,0.8,18.89,1.889,0.0,9.445,18.89,0,1.1e-05,0.13184
44230,충청남도,논산시,기타 지역,45-49,40-49,중장년,11,3,0.727273,21.53,1.9573,0.0,6.97,21.53,0,1.3e-05,0.150265
44230,충청남도,논산시,기타 지역,50-54,50-59,중장년,5,2,0.6,11.33,2.266,0.0,5.665,11.33,0,7e-06,0.079076
44230,충청남도,논산시,기타 지역,55-59,50-59,중장년,9,0,1.0,0.0,0.0,0.0,,0.0,0,0.0,0.0
44230,충청남도,논산시,기타 지역,60-64,60-69,중장년,17,1,0.941176,3.09,0.1818,0.0,3.09,3.09,0,2e-06,0.021566
44230,충청남도,논산시,기타 지역,65-69,60-69,고령,2,1,0.5,4.2,2.1,2.1,4.2,4.2,0,2e-06,0.029313
44230,충청남도,논산시,기타 지역,70-74,70-79,고령,3,1,0.666667,4.0,1.3333,0.0,4.0,4.0,0,2e-06,0.027917
44230,충청남도,논산시,기타 지역,75-79,70-79,고령,9,1,0.888889,4.27,0.4744,0.0,4.27,4.27,0,3e-06,0.029802
44230,충청남도,논산시,기타 지역,80+,80+,고령,9,0,1.0,0.0,0.0,0.0,,0.0,0,0.0,0.0
44250,충청남도,계룡시,기타 지역,00-09,00-09,아동청소년,20,0,1.0,0.0,0.0,0.0,,0.0,0,0.0,0.0
44250,충청남도,계룡시,기타 지역,10-14,10-19,아동청소년,18,1,0.944444,3.77,0.2094,0.0,3.77,3.77,0,2e-06,0.024705
44250,충청남도,계룡시,기타 지역,15-19,10-19,아동청소년,5,1,0.8,4.39,0.878,0.0,4.39,4.39,0,3e-06,0.028768
44250,충청남도,계룡시,기타 지역,20-24,20-29,청년,11,2,0.818182,22.72,2.0655,0.0,11.36,22.72,0,1.3e-05,0.148886
44250,충청남도,계룡시,기타 지역,25-29,20-29,청년,43,3,0.930233,24.73,0.5751,0.0,4.68,24.73,0,1.5e-05,0.162058
44250,충청남도,계룡시,기타 지역,30-34,30-39,청년,21,2,0.904762,22.93,1.0919,0.0,11.465,22.93,0,1.4e-05,0.150262
44250,충청남도,계룡시,기타 지역,35-39,30-39,청년,15,0,1.0,0.0,0.0,0.0,,0.0,0,0.0,0.0
44250,충청남도,계룡시,기타 지역,40-44,40-49,중장년,11,1,0.909091,9.18,0.8345,0.0,9.18,9.18,0,5e-06,0.060157
44250,충청남도,계룡시,기타 지역,45-49,40-49,중장년,16,1,0.9375,11.76,0.735,0.0,11.76,11.76,0,7e-06,0.077064
44250,충청남도,계룡시,기타 지역,50-54,50-59,중장년,13,3,0.769231,23.78,1.8292,0.0,7.15,23.78,0,1.4e-05,0.155832
44250,충청남도,계룡시,기타 지역,55-59,50-59,중장년,3,0,1.0,0.0,0.0,0.0,,0.0,0,0.0,0.0
44250,충청남도,계룡시,기타 지역,60-64,60-69,중장년,14,1,0.928571,3.14,0.2243,0.0,3.14,3.14,0,2e-06,0.020577
44250,충청남도,계룡시,기타 지역,65-69,60-69,고령,1,0,1.0,0.0,0.0,0.0,,0.0,0,0.0,0.0
44250,충청남도,계룡시,기타 지역,70-74,70-79,고령,5,1,0.8,18.24,3.648,0.0,18.24,18.24,0,1.1e-05,0.119528
44250,충청남도,계룡시,기타 지역,75-79,70-79,고령,11,1,0.909091,7.96,0.7236,0.0,7.96,7.96,0,5e-06,0.052163
44250,충청남도,계룡시,기타 지역,80+,80+,고령,4,0,1.0,0.0,0.0,0.0,,0.0,0,0.0,0.0
44270,충청남도,당진시,기타 지역,00-09,00-09,아동청소년,12,0,1.0,0.0,0.0,0.0,,0.0,0,0.0,0.0
44270,충청남도,당진시,기타 지역,10-14,10-19,아동청소년,20,2,0.9,17.55,0.8775,0.0,8.775,17.55,0,1e-05,0.005015
44270,충청남도,당진시,기타 지역,15-19,10-19,아동청소년,13,2,0.846154,9.52,0.7323,0.0,4.76,9.52,0,6e-06,0.002721
44270,충청남도,당진시,기타 지역,20-24,20-29,청년,23,6,0.73913,45.3,1.9696,0.0,4.525,45.3,0,2.7e-05,0.012945
44270,충청남도,당진시,기타 지역,25-29,20-29,청년,6,1,0.833333,10.83,1.805,0.0,10.83,10.83,0,6e-06,0.003095
44270,충청남도,당진시,기타 지역,30-34,30-39,청년,37,8,0.783784,2912.52,78.7168,0.0,11.945,2912.52,0,0.001723,0.832317
44270,충청남도,당진시,기타 지역,35-39,30-39,청년,15,4,0.733333,61.3,4.0867,0.0,6.67,61.3,0,3.6e-05,0.017518
44270,충청남도,당진시,기타 지역,40-44,40-49,중장년,33,7,0.787879,56.19,1.7027,0.0,8.02,56.19,0,3.3e-05,0.016058
44270,충청남도,당진시,기타 지역,45-49,40-49,중장년,16,5,0.6875,62.76,3.9225,0.0,7.79,62.76,0,3.7e-05,0.017935
44270,충청남도,당진시,기타 지역,50-54,50-59,중장년,24,8,0.666667,64.5,2.6875,0.0,6.865,64.5,0,3.8e-05,0.018432
44270,충청남도,당진시,기타 지역,55-59,50-59,중장년,6,4,0.333333,87.59,14.5983,3.89,4.86,87.59,0,5.2e-05,0.025031
44270,충청남도,당진시,기타 지역,60-64,60-69,중장년,29,10,0.655172,131.95,4.55,0.0,5.79,131.95,0,7.8e-05,0.037708
44270,충청남도,당진시,기타 지역,65-69,60-69,고령,8,2,0.75,10.19,1.2738,0.0,5.095,10.19,0,6e-06,0.002912
44270,충청남도,당진시,기타 지역,70-74,70-79,고령,9,2,0.777778,29.09,3.2322,0.0,14.545,29.09,0,1.7e-05,0.008313
44270,충청남도,당진시,기타 지역,75-79,70-79,고령,12,0,1.0,0.0,0.0,0.0,,0.0,0,0.0,0.0
44270,충청남도,당진시,기타 지역,80+,80+,고령,14,0,1.0,0.0,0.0,0.0,,0.0,0,0.0,0.0
44710,충청남도,금산군,기타 지역,00-09,00-09,아동청소년,14,1,0.928571,14.48,1.0343,0.0,14.48,14.48,0,9e-06,0.030099
44710,충청남도,금산군,기타 지역,10-14,10-19,아동청소년,42,2,0.952381,19.41,0.4621,0.0,9.705,19.41,0,1.1e-05,0.040347
44710,충청남도,금산군,기타 지역,15-19,10-19,아동청소년,14,1,0.928571,9.39,0.6707,0.0,9.39,9.39,0,6e-06,0.019519
44710,충청남도,금산군,기타 지역,20-24,20-29,청년,16,2,0.875,9.08,0.5675,0.0,4.54,9.08,0,5e-06,0.018874
44710,충청남도,금산군,기타 지역,25-29,20-29,청년,13,0,1.0,0.0,0.0,0.0,,0.0,0,0.0,0.0
44710,충청남도,금산군,기타 지역,30-34,30-39,청년,14,1,0.928571,3.47,0.2479,0.0,3.47,3.47,0,2e-06,0.007213
44710,충청남도,금산군,기타 지역,35-39,30-39,청년,16,4,0.75,50.26,3.1413,0.0,3.44,50.26,0,3e-05,0.104473
44710,충청남도,금산군,기타 지역,40-44,40-49,중장년,54,9,0.833333,66.21,1.2261,0.0,6.54,66.21,0,3.9e-05,0.137628
44710,충청남도,금산군,기타 지역,45-49,40-49,중장년,54,6,0.888889,39.68,0.7348,0.0,5.995,39.68,0,2.3e-05,0.082481
44710,충청남도,금산군,기타 지역,50-54,50-59,중장년,20,2,0.9,13.61,0.6805,0.0,6.805,13.61,0,8e-06,0.028291
44710,충청남도,금산군,기타 지역,55-59,50-59,중장년,1,0,1.0,0.0,0.0,0.0,,0.0,0,0.0,0.0
44710,충청남도,금산군,기타 지역,60-64,60-69,중장년,29,4,0.862069,154.38,5.3234,0.0,6.0,154.38,0,9.1e-05,0.320903
44710,충청남도,금산군,기타 지역,65-69,60-69,고령,8,0,1.0,0.0,0.0,0.0,,0.0,0,0.0,0.0
44710,충청남도,금산군,기타 지역,70-74,70-79,고령,27,1,0.962963,42.96,1.5911,0.0,42.96,42.96,0,2.5e-05,0.089299
44710,충청남도,금산군,기타 지역,75-79,70-79,고령,50,6,0.88,58.15,1.163,0.0,9.79,58.15,0,3.4e-05,0.120874
44710,충청남도,금산군,기타 지역,80+,80+,고령,33,0,1.0,0.0,0.0,0.0,,0.0,0,0.0,0.0
44760,충청남도,부여군,기타 지역,00-09,00-09,아동청소년,16,0,1.0,0.0,0.0,0.0,,0.0,0,0.0,0.0
44760,충청남도,부여군,기타 지역,10-14,10-19,아동청소년,7,1,0.857143,5.18,0.74,0.0,5.18,5.18,0,3e-06,0.044243
44760,충청남도,부여군,기타 지역,15-19,10-19,아동청소년,3,0,1.0,0.0,0.0,0.0,,0.0,0,0.0,0.0
44760,충청남도,부여군,기타 지역,20-24,20-29,청년,20,5,0.75,34.37,1.7185,0.0,4.04,34.37,0,2e-05,0.29356
44760,충청남도,부여군,기타 지역,25-29,20-29,청년,42,2,0.952381,10.49,0.2498,0.0,5.245,10.49,0,6e-06,0.089597
44760,충청남도,부여군,기타 지역,30-34,30-39,청년,4,0,1.0,0.0,0.0,0.0,,0.0,0,0.0,0.0
44760,충청남도,부여군,기타 지역,35-39,30-39,청년,23,1,0.956522,14.94,0.6496,0.0,14.94,14.94,0,9e-06,0.127605
44760,충청남도,부여군,기타 지역,40-44,40-49,중장년,29,2,0.931034,16.8,0.5793,0.0,8.4,16.8,0,1e-05,0.143492
44760,충청남도,부여군,기타 지역,45-49,40-49,중장년,9,1,0.888889,6.65,0.7389,0.0,6.65,6.65,0,4e-06,0.056799
44760,충청남도,부여군,기타 지역,50-54,50-59,중장년,5,0,1.0,0.0,0.0,0.0,,0.0,0,0.0,0.0
44760,충청남도,부여군,기타 지역,55-59,50-59,중장년,2,1,0.5,4.37,2.185,2.185,4.37,4.37,0,3e-06,0.037325
44760,충청남도,부여군,기타 지역,60-64,60-69,중장년,12,2,0.833333,10.47,0.8725,0.0,5.235,10.47,0,6e-06,0.089426
44760,충청남도,부여군,기타 지역,65-69,60-69,고령,1,0,1.0,0.0,0.0,0.0,,0.0,0,0.0,0.0
44760,충청남도,부여군,기타 지역,70-74,70-79,고령,9,1,0.888889,3.0,0.3333,0.0,3.0,3.0,0,2e-06,0.025624
44760,충청남도,부여군,기타 지역,75-79,70-79,고령,13,2,0.846154,10.81,0.8315,0.0,5.405,10.81,0,6e-06,0.09233
44760,충청남도,부여군,기타 지역,80+,80+,고령,2,0,1.0,0.0,0.0,0.0,,0.0,0,0.0,0.0
44770,충청남도,서천군,기타 지역,00-09,00-09,아동청소년,20,0,1.0,0.0,0.0,0.0,,0.0,0,0.0,0.0
44770,충청남도,서천군,기타 지역,10-14,10-19,아동청소년,29,2,0.931034,8.1,0.2793,0.0,4.05,8.1,0,5e-06,0.014631
44770,충청남도,서천군,기타 지역,15-19,10-19,아동청소년,15,2,0.866667,11.29,0.7527,0.0,5.645,11.29,0,7e-06,0.020393
44770,충청남도,서천군,기타 지역,20-24,20-29,청년,27,7,0.740741,131.48,4.8696,0.0,7.0,131.48,0,7.8e-05,0.237496
44770,충청남도,서천군,기타 지역,25-29,20-29,청년,30,7,0.766667,37.32,1.244,0.0,5.07,37.32,0,2.2e-05,0.067412
44770,충청남도,서천군,기타 지역,30-34,30-39,청년,24,0,1.0,0.0,0.0,0.0,,0.0,0,0.0,0.0
44770,충청남도,서천군,기타 지역,35-39,30-39,청년,43,3,0.930233,145.28,3.3786,0.0,10.99,145.28,0,8.6e-05,0.262423
44770,충청남도,서천군,기타 지역,40-44,40-49,중장년,26,4,0.846154,27.35,1.0519,0.0,6.47,27.35,0,1.6e-05,0.049403
44770,충청남도,서천군,기타 지역,45-49,40-49,중장년,38,5,0.868421,123.25,3.2434,0.0,6.99,123.25,0,7.3e-05,0.22263
44770,충청남도,서천군,기타 지역,50-54,50-59,중장년,5,0,1.0,0.0,0.0,0.0,,0.0,0,0.0,0.0
44770,충청남도,서천군,기타 지역,55-59,50-59,중장년,23,2,0.913043,6.31,0.2743,0.0,3.155,6.31,0,4e-06,0.011398
44770,충청남도,서천군,기타 지역,60-64,60-69,중장년,24,1,0.958333,5.72,0.2383,0.0,5.72,5.72,0,3e-06,0.010332
44770,충청남도,서천군,기타 지역,65-69,60-69,고령,40,4,0.9,53.51,1.3378,0.0,9.59,53.51,0,3.2e-05,0.096656
44770,충청남도,서천군,기타 지역,70-74,70-79,고령,26,0,1.0,0.0,0.0,0.0,,0.0,0,0.0,0.0
44770,충청남도,서천군,기타 지역,75-79,70-79,고령,13,1,0.923077,4.0,0.3077,0.0,4.0,4.0,0,2e-06,0.007225
44770,충청남도,서천군,기타 지역,80+,80+,고령,32,0,1.0,0.0,0.0,0.0,,0.0,0,0.0,0.0
44790,충청남도,청양군,기타 지역,00-09,00-09,아동청소년,12,0,1.0,0.0,0.0,0.0,,0.0,0,0.0,0.0
44790,충청남도,청양군,기타 지역,10-14,10-19,아동청소년,15,0,1.0,0.0,0.0,0.0,,0.0,0,0.0,0.0
44790,충청남도,청양군,기타 지역,15-19,10-19,아동청소년,4,1,0.75,9.35,2.3375,0.0,9.35,9.35,0,6e-06,0.057292
44790,충청남도,청양군,기타 지역,20-24,20-29,청년,19,5,0.736842,29.61,1.5584,0.0,4.6,29.61,0,1.8e-05,0.181434
44790,충청남도,청양군,기타 지역,25-29,20-29,청년,16,0,1.0,0.0,0.0,0.0,,0.0,0,0.0,0.0
44790,충청남도,청양군,기타 지역,30-34,30-39,청년,16,0,1.0,0.0,0.0,0.0,,0.0,0,0.0,0.0
44790,충청남도,청양군,기타 지역,35-39,30-39,청년,34,4,0.882353,25.64,0.7541,0.0,5.79,25.64,0,1.5e-05,0.157108
44790,충청남도,청양군,기타 지역,40-44,40-49,중장년,20,1,0.95,4.02,0.201,0.0,4.02,4.02,0,2e-06,0.024632
44790,충청남도,청양군,기타 지역,45-49,40-49,중장년,12,5,0.583333,90.58,7.5483,0.0,10.0,90.58,0,5.4e-05,0.555025
44790,충청남도,청양군,기타 지역,50-54,50-59,중장년,8,0,1.0,0.0,0.0,0.0,,0.0,0,0.0,0.0
44790,충청남도,청양군,기타 지역,55-59,50-59,중장년,12,0,1.0,0.0,0.0,0.0,,0.0,0,0.0,0.0
44790,충청남도,청양군,기타 지역,60-64,60-69,중장년,7,0,1.0,0.0,0.0,0.0,,0.0,0,0.0,0.0
44790,충청남도,청양군,기타 지역,65-69,60-69,고령,11,1,0.909091,4.0,0.3636,0.0,4.0,4.0,0,2e-06,0.02451
44790,충청남도,청양군,기타 지역,70-74,70-79,고령,11,0,1.0,0.0,0.0,0.0,,0.0,0,0.0,0.0
44790,충청남도,청양군,기타 지역,75-79,70-79,고령,9,0,1.0,0.0,0.0,0.0,,0.0,0,0.0,0.0
44790,충청남도,청양군,기타 지역,80+,80+,고령,8,0,1.0,0.0,0.0,0.0,,0.0,0,0.0,0.0
44800,충청남도,홍성군,기타 지역,00-09,00-09,아동청소년,32,0,1.0,0.0,0.0,0.0,,0.0,0,0.0,0.0
44800,충청남도,홍성군,기타 지역,10-14,10-19,아동청소년,18,1,0.944444,8.62,0.4789,0.0,8.62,8.62,0,5e-06,0.020694
44800,충청남도,홍성군,기타 지역,15-19,10-19,아동청소년,18,5,0.722222,25.79,1.4328,0.0,4.47,25.79,0,1.5e-05,0.061913
44800,충청남도,홍성군,기타 지역,20-24,20-29,청년,28,5,0.821429,21.8,0.7786,0.0,3.71,21.8,0,1.3e-05,0.052335
44800,충청남도,홍성군,기타 지역,25-29,20-29,청년,16,3,0.8125,12.12,0.7575,0.0,4.0,12.12,0,7e-06,0.029096
44800,충청남도,홍성군,기타 지역,30-34,30-39,청년,28,2,0.928571,32.99,1.1782,0.0,16.495,32.99,0,2e-05,0.079198
44800,충청남도,홍성군,기타 지역,35-39,30-39,청년,30,5,0.833333,136.65,4.555,0.0,26.76,136.65,0,8.1e-05,0.328052
44800,충청남도,홍성군,기타 지역,40-44,40-49,중장년,16,3,0.8125,22.54,1.4088,0.0,8.21,22.54,0,1.3e-05,0.054111
44800,충청남도,홍성군,기타 지역,45-49,40-49,중장년,31,5,0.83871,22.83,0.7365,0.0,4.31,22.83,0,1.4e-05,0.054807
44800,충청남도,홍성군,기타 지역,50-54,50-59,중장년,13,2,0.846154,10.0,0.7692,0.0,5.0,10.0,0,6e-06,0.024007
44800,충청남도,홍성군,기타 지역,55-59,50-59,중장년,6,2,0.666667,7.94,1.3233,0.0,3.97,7.94,0,5e-06,0.019061
44800,충청남도,홍성군,기타 지역,60-64,60-69,중장년,14,2,0.857143,7.19,0.5136,0.0,3.595,7.19,0,4e-06,0.017261
44800,충청남도,홍성군,기타 지역,65-69,60-69,고령,33,4,0.878788,108.08,3.2752,0.0,10.4,108.08,0,6.4e-05,0.259465
44800,충청남도,홍성군,기타 지역,70-74,70-79,고령,14,0,1.0,0.0,0.0,0.0,,0.0,0,0.0,0.0
44800,충청남도,홍성군,기타 지역,75-79,70-79,고령,16,0,1.0,0.0,0.0,0.0,,0.0,0,0.0,0.0
44800,충청남도,홍성군,기타 지역,80+,80+,고령,11,0,1.0,0.0,0.0,0.0,,0.0,0,0.0,0.0
44810,충청남도,예산군,기타 지역,00-09,00-09,아동청소년,60,4,0.933333,46.72,0.7787,0.0,10.855,46.72,0,2.8e-05,0.075644
44810,충청남도,예산군,기타 지역,10-14,10-19,아동청소년,61,6,0.901639,50.73,0.8316,0.0,7.395,50.73,0,3e-05,0.082137
44810,충청남도,예산군,기타 지역,15-19,10-19,아동청소년,53,2,0.962264,48.05,0.9066,0.0,24.025,48.05,0,2.8e-05,0.077797
44810,충청남도,예산군,기타 지역,20-24,20-29,청년,55,11,0.8,90.69,1.6489,0.0,5.15,90.69,0,5.4e-05,0.146835
44810,충청남도,예산군,기타 지역,25-29,20-29,청년,53,6,0.886792,40.55,0.7651,0.0,5.96,40.55,0,2.4e-05,0.065654
44810,충청남도,예산군,기타 지역,30-34,30-39,청년,48,3,0.9375,12.2,0.2542,0.0,4.04,12.2,0,7e-06,0.019753
44810,충청남도,예산군,기타 지역,35-39,30-39,청년,39,4,0.897436,55.14,1.4138,0.0,6.3,55.14,0,3.3e-05,0.089277
44810,충청남도,예산군,기타 지역,40-44,40-49,중장년,35,8,0.771429,41.34,1.1811,0.0,4.805,41.34,0,2.4e-05,0.066933
44810,충청남도,예산군,기타 지역,45-49,40-49,중장년,39,4,0.897436,24.74,0.6344,0.0,6.0,24.74,0,1.5e-05,0.040056
44810,충청남도,예산군,기타 지역,50-54,50-59,중장년,26,6,0.769231,63.95,2.4596,0.0,10.63,63.95,0,3.8e-05,0.103541
44810,충청남도,예산군,기타 지역,55-59,50-59,중장년,7,4,0.428571,19.44,2.7771,4.0,4.805,19.44,0,1.2e-05,0.031475
44810,충청남도,예산군,기타 지역,60-64,60-69,중장년,34,2,0.941176,8.82,0.2594,0.0,4.41,8.82,0,5e-06,0.01428
44810,충청남도,예산군,기타 지역,65-69,60-69,고령,22,2,0.909091,17.29,0.7859,0.0,8.645,17.29,0,1e-05,0.027994
44810,충청남도,예산군,기타 지역,70-74,70-79,고령,60,5,0.916667,35.4,0.59,0.0,7.59,35.4,0,2.1e-05,0.057316
44810,충청남도,예산군,기타 지역,75-79,70-79,고령,29,3,0.896552,62.57,2.1576,0.0,5.27,62.57,0,3.7e-05,0.101307
44810,충청남도,예산군,기타 지역,80+,80+,고령,38,0,1.0,0.0,0.0,0.0,,0.0,0,0.0,0.0
44825,충청남도,태안군,기타 지역,00-09,00-09,아동청소년,10,0,1.0,0.0,0.0,0.0,,0.0,0,0.0,0.0
44825,충청남도,태안군,기타 지역,10-14,10-19,아동청소년,20,1,0.95,4.21,0.2105,0.0,4.21,4.21,0,2e-06,0.034373
44825,충청남도,태안군,기타 지역,15-19,10-19,아동청소년,14,2,0.857143,9.89,0.7064,0.0,4.945,9.89,0,6e-06,0.080748
44825,충청남도,태안군,기타 지역,20-24,20-29,청년,25,4,0.84,16.84,0.6736,0.0,4.235,16.84,0,1e-05,0.137492
44825,충청남도,태안군,기타 지역,25-29,20-29,청년,15,1,0.933333,5.16,0.344,0.0,5.16,5.16,0,3e-06,0.042129
44825,충청남도,태안군,기타 지역,30-34,30-39,청년,11,1,0.909091,8.14,0.74,0.0,8.14,8.14,0,5e-06,0.06646
44825,충청남도,태안군,기타 지역,35-39,30-39,청년,26,6,0.769231,56.59,2.1765,0.0,8.97,56.59,0,3.3e-05,0.462035
44825,충청남도,태안군,기타 지역,40-44,40-49,중장년,23,2,0.913043,7.7,0.3348,0.0,3.85,7.7,0,5e-06,0.062867
44825,충청남도,태안군,기타 지역,45-49,40-49,중장년,8,0,1.0,0.0,0.0,0.0,,0.0,0,0.0,0.0
44825,충청남도,태안군,기타 지역,50-54,50-59,중장년,35,0,1.0,0.0,0.0,0.0,,0.0,0,0.0,0.0
44825,충청남도,태안군,기타 지역,55-59,50-59,중장년,7,2,0.714286,6.67,0.9529,0.0,3.335,6.67,0,4e-06,0.054458
44825,충청남도,태안군,기타 지역,60-64,60-69,중장년,7,0,1.0,0.0,0.0,0.0,,0.0,0,0.0,0.0
44825,충청남도,태안군,기타 지역,65-69,60-69,고령,7,2,0.714286,7.28,1.04,0.0,3.64,7.28,0,4e-06,0.059438
44825,충청남도,태안군,기타 지역,70-74,70-79,고령,8,0,1.0,0.0,0.0,0.0,,0.0,0,0.0,0.0
44825,충청남도,태안군,기타 지역,75-79,70-79,고령,3,0,1.0,0.0,0.0,0.0,,0.0,0,0.0,0.0
44825,충청남도,태안군,기타 지역,80+,80+,고령,10,0,1.0,0.0,0.0,0.0,,0.0,0,0.0,0.0
46110,전라남도,목포시,기타 지역,00-09,00-09,아동청소년,8,0,1.0,0.0,0.0,0.0,,0.0,0,0.0,0.0
46110,전라남도,목포시,기타 지역,10-14,10-19,아동청소년,19,1,0.947368,4.19,0.2205,0.0,4.19,4.19,0,2e-06,0.013488
46110,전라남도,목포시,기타 지역,15-19,10-19,아동청소년,18,2,0.888889,20.52,1.14,0.0,10.26,20.52,0,1.2e-05,0.066055
46110,전라남도,목포시,기타 지역,20-24,20-29,청년,21,3,0.857143,71.96,3.4267,0.0,13.27,71.96,0,4.3e-05,0.231643
46110,전라남도,목포시,기타 지역,25-29,20-29,청년,12,2,0.833333,7.2,0.6,0.0,3.6,7.2,0,4e-06,0.023177
46110,전라남도,목포시,기타 지역,30-34,30-39,청년,17,7,0.588235,36.34,2.1376,0.0,4.91,36.34,0,2.2e-05,0.116981
46110,전라남도,목포시,기타 지역,35-39,30-39,청년,22,4,0.818182,90.53,4.115,0.0,15.635,90.53,0,5.4e-05,0.291421
46110,전라남도,목포시,기타 지역,40-44,40-49,중장년,14,5,0.642857,26.28,1.8771,0.0,4.61,26.28,0,1.6e-05,0.084597
46110,전라남도,목포시,기타 지역,45-49,40-49,중장년,51,3,0.941176,15.6,0.3059,0.0,5.23,15.6,0,9e-06,0.050217
46110,전라남도,목포시,기타 지역,50-54,50-59,중장년,29,2,0.931034,7.35,0.2534,0.0,3.675,7.35,0,4e-06,0.02366
46110,전라남도,목포시,기타 지역,55-59,50-59,중장년,3,0,1.0,0.0,0.0,0.0,,0.0,0,0.0,0.0
46110,전라남도,목포시,기타 지역,60-64,60-69,중장년,17,3,0.823529,11.75,0.6912,0.0,4.0,11.75,0,7e-06,0.037824
46110,전라남도,목포시,기타 지역,65-69,60-69,고령,21,1,0.952381,4.7,0.2238,0.0,4.7,4.7,0,3e-06,0.01513
46110,전라남도,목포시,기타 지역,70-74,70-79,고령,11,0,1.0,0.0,0.0,0.0,,0.0,0,0.0,0.0
46110,전라남도,목포시,기타 지역,75-79,70-79,고령,24,1,0.958333,7.04,0.2933,0.0,7.04,7.04,0,4e-06,0.022662
46110,전라남도,목포시,기타 지역,80+,80+,고령,20,1,0.95,7.19,0.3595,0.0,7.19,7.19,0,4e-06,0.023145
46130,전라남도,여수시,기타 지역,10-14,10-19,아동청소년,49,2,0.959184,24.25,0.4949,0.0,12.125,24.25,0,1.4e-05,0.178967
46130,전라남도,여수시,기타 지역,15-19,10-19,아동청소년,8,0,1.0,0.0,0.0,0.0,,0.0,0,0.0,0.0
46130,전라남도,여수시,기타 지역,20-24,20-29,청년,4,1,0.75,6.47,1.6175,0.0,6.47,6.47,0,4e-06,0.047749
46130,전라남도,여수시,기타 지역,25-29,20-29,청년,12,1,0.916667,10.05,0.8375,0.0,10.05,10.05,0,6e-06,0.07417
46130,전라남도,여수시,기타 지역,30-34,30-39,청년,24,3,0.875,22.17,0.9238,0.0,6.14,22.17,0,1.3e-05,0.163616
46130,전라남도,여수시,기타 지역,35-39,30-39,청년,23,3,0.869565,20.31,0.883,0.0,6.0,20.31,0,1.2e-05,0.149889
46130,전라남도,여수시,기타 지역,40-44,40-49,중장년,21,1,0.952381,4.31,0.2052,0.0,4.31,4.31,0,3e-06,0.031808
46130,전라남도,여수시,기타 지역,45-49,40-49,중장년,7,0,1.0,0.0,0.0,0.0,,0.0,0,0.0,0.0
46130,전라남도,여수시,기타 지역,50-54,50-59,중장년,13,1,0.923077,8.0,0.6154,0.0,8.0,8.0,0,5e-06,0.059041
46130,전라남도,여수시,기타 지역,55-59,50-59,중장년,5,2,0.6,7.79,1.558,0.0,3.895,7.79,0,5e-06,0.057491
46130,전라남도,여수시,기타 지역,60-64,60-69,중장년,12,2,0.833333,11.72,0.9767,0.0,5.86,11.72,0,7e-06,0.086494
46130,전라남도,여수시,기타 지역,65-69,60-69,고령,21,2,0.904762,10.04,0.4781,0.0,5.02,10.04,0,6e-06,0.074096
46130,전라남도,여수시,기타 지역,70-74,70-79,고령,10,0,1.0,0.0,0.0,0.0,,0.0,0,0.0,0.0
46130,전라남도,여수시,기타 지역,75-79,70-79,고령,10,0,1.0,0.0,0.0,0.0,,0.0,0,0.0,0.0
46130,전라남도,여수시,기타 지역,80+,80+,고령,24,1,0.958333,10.39,0.4329,0.0,10.39,10.39,0,6e-06,0.076679
46150,전라남도,순천시,기타 지역,00-09,00-09,아동청소년,10,2,0.8,30.04,3.004,0.0,15.02,30.04,0,1.8e-05,0.140769
46150,전라남도,순천시,기타 지역,10-14,10-19,아동청소년,21,2,0.904762,7.65,0.3643,0.0,3.825,7.65,0,5e-06,0.035848
46150,전라남도,순천시,기타 지역,15-19,10-19,아동청소년,7,1,0.857143,4.0,0.5714,0.0,4.0,4.0,0,2e-06,0.018744
46150,전라남도,순천시,기타 지역,20-24,20-29,청년,6,1,0.833333,15.43,2.5717,0.0,15.43,15.43,0,9e-06,0.072306
46150,전라남도,순천시,기타 지역,25-29,20-29,청년,11,2,0.818182,10.0,0.9091,0.0,5.0,10.0,0,6e-06,0.04686
46150,전라남도,순천시,기타 지역,30-34,30-39,청년,4,0,1.0,0.0,0.0,0.0,,0.0,0,0.0,0.0
46150,전라남도,순천시,기타 지역,35-39,30-39,청년,11,3,0.727273,21.71,1.9736,0.0,6.03,21.71,0,1.3e-05,0.101734
46150,전라남도,순천시,기타 지역,40-44,40-49,중장년,15,4,0.733333,40.21,2.6807,0.0,7.95,40.21,0,2.4e-05,0.188425
46150,전라남도,순천시,기타 지역,45-49,40-49,중장년,15,1,0.933333,8.22,0.548,0.0,8.22,8.22,0,5e-06,0.038519
46150,전라남도,순천시,기타 지역,50-54,50-59,중장년,12,1,0.916667,4.16,0.3467,0.0,4.16,4.16,0,2e-06,0.019494
46150,전라남도,순천시,기타 지역,60-64,60-69,중장년,6,3,0.5,29.79,4.965,1.565,4.89,29.79,0,1.8e-05,0.139597
46150,전라남도,순천시,기타 지역,65-69,60-69,고령,9,3,0.666667,19.73,2.1922,0.0,3.8,19.73,0,1.2e-05,0.092455
46150,전라남도,순천시,기타 지역,70-74,70-79,고령,15,2,0.866667,11.24,0.7493,0.0,5.62,11.24,0,7e-06,0.052671
46150,전라남도,순천시,기타 지역,75-79,70-79,고령,8,1,0.875,8.0,1.0,0.0,8.0,8.0,0,5e-06,0.037488
46150,전라남도,순천시,기타 지역,80+,80+,고령,17,1,0.941176,3.22,0.1894,0.0,3.22,3.22,0,2e-06,0.015089
46170,전라남도,나주시,기타 지역,00-09,00-09,아동청소년,16,0,1.0,0.0,0.0,0.0,,0.0,0,0.0,0.0
46170,전라남도,나주시,기타 지역,10-14,10-19,아동청소년,23,1,0.956522,4.31,0.1874,0.0,4.31,4.31,0,3e-06,0.001399
46170,전라남도,나주시,기타 지역,15-19,10-19,아동청소년,7,0,1.0,0.0,0.0,0.0,,0.0,0,0.0,0.0
46170,전라남도,나주시,기타 지역,20-24,20-29,청년,11,0,1.0,0.0,0.0,0.0,,0.0,0,0.0,0.0
46170,전라남도,나주시,기타 지역,25-29,20-29,청년,14,3,0.785714,2925.52,208.9657,0.0,5.7,2925.52,0,0.001731,0.949474
46170,전라남도,나주시,기타 지역,30-34,30-39,청년,10,0,1.0,0.0,0.0,0.0,,0.0,0,0.0,0.0
46170,전라남도,나주시,기타 지역,35-39,30-39,청년,24,2,0.916667,27.14,1.1308,0.0,13.57,27.14,0,1.6e-05,0.008808
46170,전라남도,나주시,기타 지역,40-44,40-49,중장년,19,4,0.789474,16.12,0.8484,0.0,3.965,16.12,0,1e-05,0.005232
46170,전라남도,나주시,기타 지역,45-49,40-49,중장년,35,5,0.857143,29.31,0.8374,0.0,6.0,29.31,0,1.7e-05,0.009513
46170,전라남도,나주시,기타 지역,50-54,50-59,중장년,9,3,0.666667,18.17,2.0189,0.0,6.01,18.17,0,1.1e-05,0.005897
46170,전라남도,나주시,기타 지역,55-59,50-59,중장년,3,0,1.0,0.0,0.0,0.0,,0.0,0,0.0,0.0
46170,전라남도,나주시,기타 지역,60-64,60-69,중장년,18,3,0.833333,12.94,0.7189,0.0,4.0,12.94,0,8e-06,0.0042
46170,전라남도,나주시,기타 지역,65-69,60-69,고령,10,4,0.6,25.49,2.549,0.0,6.82,25.49,0,1.5e-05,0.008273
46170,전라남도,나주시,기타 지역,70-74,70-79,고령,27,2,0.925926,8.19,0.3033,0.0,4.095,8.19,0,5e-06,0.002658
46170,전라남도,나주시,기타 지역,75-79,70-79,고령,14,1,0.928571,14.01,1.0007,0.0,14.01,14.01,0,8e-06,0.004547
46170,전라남도,나주시,기타 지역,80+,80+,고령,44,0,1.0,0.0,0.0,0.0,,0.0,0,0.0,0.0
46230,전라남도,광양시,기타 지역,00-09,00-09,아동청소년,11,1,0.909091,160.45,14.5864,0.0,160.45,160.45,0,9.5e-05,0.261643
46230,전라남도,광양시,기타 지역,10-14,10-19,아동청소년,21,3,0.857143,18.8,0.8952,0.0,5.56,18.8,0,1.1e-05,0.030657
46230,전라남도,광양시,기타 지역,20-24,20-29,청년,16,3,0.8125,21.75,1.3594,0.0,4.52,21.75,0,1.3e-05,0.035467
46230,전라남도,광양시,기타 지역,25-29,20-29,청년,19,6,0.684211,48.75,2.5658,0.0,6.9,48.75,0,2.9e-05,0.079496
46230,전라남도,광양시,기타 지역,30-34,30-39,청년,10,0,1.0,0.0,0.0,0.0,,0.0,0,0.0,0.0
46230,전라남도,광양시,기타 지역,35-39,30-39,청년,67,12,0.820896,266.42,3.9764,0.0,20.9,266.42,0,0.000158,0.434447
46230,전라남도,광양시,기타 지역,40-44,40-49,중장년,22,3,0.863636,12.86,0.5845,0.0,4.14,12.86,0,8e-06,0.020971
46230,전라남도,광양시,기타 지역,45-49,40-49,중장년,6,2,0.666667,16.14,2.69,0.0,8.07,16.14,0,1e-05,0.026319
46230,전라남도,광양시,기타 지역,50-54,50-59,중장년,7,0,1.0,0.0,0.0,0.0,,0.0,0,0.0,0.0
46230,전라남도,광양시,기타 지역,55-59,50-59,중장년,7,1,0.857143,8.56,1.2229,0.0,8.56,8.56,0,5e-06,0.013959
46230,전라남도,광양시,기타 지역,60-64,60-69,중장년,20,4,0.8,40.78,2.039,0.0,4.635,40.78,0,2.4e-05,0.066499
46230,전라남도,광양시,기타 지역,65-69,60-69,고령,2,0,1.0,0.0,0.0,0.0,,0.0,0,0.0,0.0
46230,전라남도,광양시,기타 지역,70-74,70-79,고령,11,0,1.0,0.0,0.0,0.0,,0.0,0,0.0,0.0
46230,전라남도,광양시,기타 지역,75-79,70-79,고령,4,0,1.0,0.0,0.0,0.0,,0.0,0,0.0,0.0
46230,전라남도,광양시,기타 지역,80+,80+,고령,20,2,0.9,18.73,0.9365,0.0,9.365,18.73,0,1.1e-05,0.030543
46710,전라남도,담양군,기타 지역,00-09,00-09,아동청소년,15,0,1.0,0.0,0.0,0.0,,0.0,0,0.0,0.0
46710,전라남도,담양군,기타 지역,10-14,10-19,아동청소년,32,0,1.0,0.0,0.0,0.0,,0.0,0,0.0,0.0
46710,전라남도,담양군,기타 지역,15-19,10-19,아동청소년,14,2,0.857143,10.51,0.7507,0.0,5.255,10.51,0,6e-06,0.079954
46710,전라남도,담양군,기타 지역,20-24,20-29,청년,25,1,0.96,3.19,0.1276,0.0,3.19,3.19,0,2e-06,0.024268
46710,전라남도,담양군,기타 지역,25-29,20-29,청년,17,1,0.941176,3.55,0.2088,0.0,3.55,3.55,0,2e-06,0.027006
46710,전라남도,담양군,기타 지역,30-34,30-39,청년,24,1,0.958333,4.38,0.1825,0.0,4.38,4.38,0,3e-06,0.033321
46710,전라남도,담양군,기타 지역,35-39,30-39,청년,25,4,0.84,28.15,1.126,0.0,5.065,28.15,0,1.7e-05,0.21415
46710,전라남도,담양군,기타 지역,40-44,40-49,중장년,21,1,0.952381,8.0,0.381,0.0,8.0,8.0,0,5e-06,0.06086
46710,전라남도,담양군,기타 지역,45-49,40-49,중장년,35,0,1.0,0.0,0.0,0.0,,0.0,0,0.0,0.0
46710,전라남도,담양군,기타 지역,50-54,50-59,중장년,23,1,0.956522,17.64,0.767,0.0,17.64,17.64,0,1e-05,0.134196
46710,전라남도,담양군,기타 지역,55-59,50-59,중장년,3,0,1.0,0.0,0.0,0.0,,0.0,0,0.0,0.0
46710,전라남도,담양군,기타 지역,60-64,60-69,중장년,13,1,0.923077,12.95,0.9962,0.0,12.95,12.95,0,8e-06,0.098517
46710,전라남도,담양군,기타 지역,65-69,60-69,고령,19,0,1.0,0.0,0.0,0.0,,0.0,0,0.0,0.0
46710,전라남도,담양군,기타 지역,70-74,70-79,고령,11,1,0.909091,20.25,1.8409,0.0,20.25,20.25,0,1.2e-05,0.154051
46710,전라남도,담양군,기타 지역,75-79,70-79,고령,18,1,0.944444,22.83,1.2683,0.0,22.83,22.83,0,1.4e-05,0.173678
46710,전라남도,담양군,기타 지역,80+,80+,고령,4,0,1.0,0.0,0.0,0.0,,0.0,0,0.0,0.0
46720,전라남도,곡성군,기타 지역,00-09,00-09,아동청소년,32,0,1.0,0.0,0.0,0.0,,0.0,0,0.0,0.0
46720,전라남도,곡성군,기타 지역,10-14,10-19,아동청소년,31,2,0.935484,12.61,0.4068,0.0,6.305,12.61,0,7e-06,0.015943
46720,전라남도,곡성군,기타 지역,15-19,10-19,아동청소년,4,0,1.0,0.0,0.0,0.0,,0.0,0,0.0,0.0
46720,전라남도,곡성군,기타 지역,20-24,20-29,청년,11,3,0.727273,16.79,1.5264,0.0,5.81,16.79,0,1e-05,0.021228
46720,전라남도,곡성군,기타 지역,25-29,20-29,청년,5,0,1.0,0.0,0.0,0.0,,0.0,0,0.0,0.0
46720,전라남도,곡성군,기타 지역,30-34,30-39,청년,19,1,0.947368,4.43,0.2332,0.0,4.43,4.43,0,3e-06,0.005601
46720,전라남도,곡성군,기타 지역,35-39,30-39,청년,29,2,0.931034,23.58,0.8131,0.0,11.79,23.58,0,1.4e-05,0.029813
46720,전라남도,곡성군,기타 지역,40-44,40-49,중장년,18,2,0.888889,16.25,0.9028,0.0,8.125,16.25,0,1e-05,0.020545
46720,전라남도,곡성군,기타 지역,45-49,40-49,중장년,23,5,0.782609,36.98,1.6078,0.0,7.16,36.98,0,2.2e-05,0.046754
46720,전라남도,곡성군,기타 지역,50-54,50-59,중장년,20,1,0.95,14.67,0.7335,0.0,14.67,14.67,0,9e-06,0.018548
46720,전라남도,곡성군,기타 지역,55-59,50-59,중장년,6,2,0.666667,28.7,4.7833,0.0,14.35,28.7,0,1.7e-05,0.036286
46720,전라남도,곡성군,기타 지역,60-64,60-69,중장년,12,0,1.0,0.0,0.0,0.0,,0.0,0,0.0,0.0
46720,전라남도,곡성군,기타 지역,65-69,60-69,고령,9,0,1.0,0.0,0.0,0.0,,0.0,0,0.0,0.0
46720,전라남도,곡성군,기타 지역,70-74,70-79,고령,8,1,0.875,4.02,0.5025,0.0,4.02,4.02,0,2e-06,0.005083
46720,전라남도,곡성군,기타 지역,75-79,70-79,고령,10,0,1.0,0.0,0.0,0.0,,0.0,0,0.0,0.0
46720,전라남도,곡성군,기타 지역,80+,80+,고령,38,1,0.973684,632.91,16.6555,0.0,632.91,632.91,0,0.000374,0.8002
46730,전라남도,구례군,기타 지역,00-09,00-09,아동청소년,31,0,1.0,0.0,0.0,0.0,,0.0,0,0.0,0.0
46730,전라남도,구례군,기타 지역,10-14,10-19,아동청소년,39,4,0.897436,75.0,1.9231,0.0,10.455,75.0,0,4.4e-05,0.018671
46730,전라남도,구례군,기타 지역,15-19,10-19,아동청소년,14,2,0.857143,343.68,24.5486,0.0,171.84,343.68,0,0.000203,0.085559
46730,전라남도,구례군,기타 지역,20-24,20-29,청년,35,4,0.885714,29.62,0.8463,0.0,6.085,29.62,0,1.8e-05,0.007374
46730,전라남도,구례군,기타 지역,25-29,20-29,청년,31,4,0.870968,2947.03,95.0655,0.0,9.155,2947.03,0,0.001744,0.733661
46730,전라남도,구례군,기타 지역,30-34,30-39,청년,27,0,1.0,0.0,0.0,0.0,,0.0,0,0.0,0.0
46730,전라남도,구례군,기타 지역,35-39,30-39,청년,79,10,0.873418,486.07,6.1528,0.0,12.01,486.07,0,0.000288,0.121007
46730,전라남도,구례군,기타 지역,40-44,40-49,중장년,42,1,0.97619,8.1,0.1929,0.0,8.1,8.1,0,5e-06,0.002016
46730,전라남도,구례군,기타 지역,45-49,40-49,중장년,52,4,0.923077,55.04,1.0585,0.0,7.08,55.04,0,3.3e-05,0.013702
46730,전라남도,구례군,기타 지역,50-54,50-59,중장년,51,6,0.882353,39.01,0.7649,0.0,4.54,39.01,0,2.3e-05,0.009712
46730,전라남도,구례군,기타 지역,55-59,50-59,중장년,16,3,0.8125,13.37,0.8356,0.0,4.79,13.37,0,8e-06,0.003328
46730,전라남도,구례군,기타 지역,60-64,60-69,중장년,22,2,0.909091,7.55,0.3432,0.0,3.775,7.55,0,4e-06,0.00188
46730,전라남도,구례군,기타 지역,65-69,60-69,고령,2,0,1.0,0.0,0.0,0.0,,0.0,0,0.0,0.0
46730,전라남도,구례군,기타 지역,70-74,70-79,고령,29,3,0.896552,12.41,0.4279,0.0,4.12,12.41,0,7e-06,0.003089
46730,전라남도,구례군,기타 지역,75-79,70-79,고령,15,0,1.0,0.0,0.0,0.0,,0.0,0,0.0,0.0
46730,전라남도,구례군,기타 지역,80+,80+,고령,21,0,1.0,0.0,0.0,0.0,,0.0,0,0.0,0.0
46770,전라남도,고흥군,기타 지역,00-09,00-09,아동청소년,19,0,1.0,0.0,0.0,0.0,,0.0,0,0.0,0.0
46770,전라남도,고흥군,기타 지역,10-14,10-19,아동청소년,15,0,1.0,0.0,0.0,0.0,,0.0,0,0.0,0.0
46770,전라남도,고흥군,기타 지역,15-19,10-19,아동청소년,16,1,0.9375,9.12,0.57,0.0,9.12,9.12,0,5e-06,0.105227
46770,전라남도,고흥군,기타 지역,20-24,20-29,청년,16,1,0.9375,4.76,0.2975,0.0,4.76,4.76,0,3e-06,0.054921
46770,전라남도,고흥군,기타 지역,25-29,20-29,청년,4,0,1.0,0.0,0.0,0.0,,0.0,0,0.0,0.0
46770,전라남도,고흥군,기타 지역,30-34,30-39,청년,11,0,1.0,0.0,0.0,0.0,,0.0,0,0.0,0.0
46770,전라남도,고흥군,기타 지역,35-39,30-39,청년,17,1,0.941176,4.26,0.2506,0.0,4.26,4.26,0,3e-06,0.049152
46770,전라남도,고흥군,기타 지역,40-44,40-49,중장년,18,2,0.888889,11.56,0.6422,0.0,5.78,11.56,0,7e-06,0.133379
46770,전라남도,고흥군,기타 지역,45-49,40-49,중장년,16,2,0.875,18.04,1.1275,0.0,9.02,18.04,0,1.1e-05,0.208146
46770,전라남도,고흥군,기타 지역,50-54,50-59,중장년,31,2,0.935484,10.83,0.3494,0.0,5.415,10.83,0,6e-06,0.124957
46770,전라남도,고흥군,기타 지역,55-59,50-59,중장년,10,0,1.0,0.0,0.0,0.0,,0.0,0,0.0,0.0
46770,전라남도,고흥군,기타 지역,60-64,60-69,중장년,13,1,0.923077,4.0,0.3077,0.0,4.0,4.0,0,2e-06,0.046152
46770,전라남도,고흥군,기타 지역,65-69,60-69,고령,4,1,0.75,7.07,1.7675,0.0,7.07,7.07,0,4e-06,0.081574
46770,전라남도,고흥군,기타 지역,70-74,70-79,고령,12,1,0.916667,7.38,0.615,0.0,7.38,7.38,0,4e-06,0.085151
46770,전라남도,고흥군,기타 지역,75-79,70-79,고령,17,2,0.882353,9.65,0.5676,0.0,4.825,9.65,0,6e-06,0.111342
46770,전라남도,고흥군,기타 지역,80+,80+,고령,11,0,1.0,0.0,0.0,0.0,,0.0,0,0.0,0.0
46780,전라남도,보성군,기타 지역,00-09,00-09,아동청소년,17,1,0.941176,8.76,0.5153,0.0,8.76,8.76,0,5e-06,0.015687
46780,전라남도,보성군,기타 지역,10-14,10-19,아동청소년,18,0,1.0,0.0,0.0,0.0,,0.0,0,0.0,0.0
46780,전라남도,보성군,기타 지역,15-19,10-19,아동청소년,35,3,0.914286,21.01,0.6003,0.0,6.0,21.01,0,1.2e-05,0.037623
46780,전라남도,보성군,기타 지역,20-24,20-29,청년,47,2,0.957447,9.36,0.1991,0.0,4.68,9.36,0,6e-06,0.016761
46780,전라남도,보성군,기타 지역,25-29,20-29,청년,20,4,0.8,24.32,1.216,0.0,6.0,24.32,0,1.4e-05,0.043551
46780,전라남도,보성군,기타 지역,30-34,30-39,청년,18,2,0.888889,19.88,1.1044,0.0,9.94,19.88,0,1.2e-05,0.0356
46780,전라남도,보성군,기타 지역,35-39,30-39,청년,16,2,0.875,270.23,16.8894,0.0,135.115,270.23,0,0.00016,0.48391
46780,전라남도,보성군,기타 지역,40-44,40-49,중장년,60,9,0.85,68.36,1.1393,0.0,4.63,68.36,0,4e-05,0.122415
46780,전라남도,보성군,기타 지역,45-49,40-49,중장년,8,0,1.0,0.0,0.0,0.0,,0.0,0,0.0,0.0
46780,전라남도,보성군,기타 지역,50-54,50-59,중장년,9,4,0.555556,66.79,7.4211,0.0,15.395,66.79,0,4e-05,0.119603
46780,전라남도,보성군,기타 지역,55-59,50-59,중장년,22,5,0.772727,20.23,0.9195,0.0,4.14,20.23,0,1.2e-05,0.036227
46780,전라남도,보성군,기타 지역,60-64,60-69,중장년,27,3,0.888889,28.72,1.0637,0.0,8.44,28.72,0,1.7e-05,0.05143
46780,전라남도,보성군,기타 지역,65-69,60-69,고령,15,3,0.8,12.2,0.8133,0.0,4.13,12.2,0,7e-06,0.021847
46780,전라남도,보성군,기타 지역,70-74,70-79,고령,13,1,0.923077,8.57,0.6592,0.0,8.57,8.57,0,5e-06,0.015347
46780,전라남도,보성군,기타 지역,75-79,70-79,고령,7,0,1.0,0.0,0.0,0.0,,0.0,0,0.0,0.0
46780,전라남도,보성군,기타 지역,80+,80+,고령,8,0,1.0,0.0,0.0,0.0,,0.0,0,0.0,0.0
46790,전라남도,화순군,기타 지역,00-09,00-09,아동청소년,29,2,0.931034,12.35,0.4259,0.0,6.175,12.35,0,7e-06,0.00356
46790,전라남도,화순군,기타 지역,10-14,10-19,아동청소년,37,1,0.972973,8.0,0.2162,0.0,8.0,8.0,0,5e-06,0.002306
46790,전라남도,화순군,기타 지역,15-19,10-19,아동청소년,23,4,0.826087,3204.28,139.3165,0.0,57.865,3204.28,0,0.001896,0.923573
46790,전라남도,화순군,기타 지역,20-24,20-29,청년,44,6,0.863636,50.83,1.1552,0.0,6.675,50.83,0,3e-05,0.014651
46790,전라남도,화순군,기타 지역,25-29,20-29,청년,17,0,1.0,0.0,0.0,0.0,,0.0,0,0.0,0.0
46790,전라남도,화순군,기타 지역,30-34,30-39,청년,39,2,0.948718,24.88,0.6379,0.0,12.44,24.88,0,1.5e-05,0.007171
46790,전라남도,화순군,기타 지역,35-39,30-39,청년,20,2,0.9,37.24,1.862,0.0,18.62,37.24,0,2.2e-05,0.010734
46790,전라남도,화순군,기타 지역,40-44,40-49,중장년,32,3,0.90625,18.05,0.5641,0.0,4.0,18.05,0,1.1e-05,0.005203
46790,전라남도,화순군,기타 지역,45-49,40-49,중장년,86,10,0.883721,56.01,0.6513,0.0,5.985,56.01,0,3.3e-05,0.016144
46790,전라남도,화순군,기타 지역,50-54,50-59,중장년,6,1,0.833333,4.75,0.7917,0.0,4.75,4.75,0,3e-06,0.001369
46790,전라남도,화순군,기타 지역,55-59,50-59,중장년,11,2,0.818182,12.14,1.1036,0.0,6.07,12.14,0,7e-06,0.003499
46790,전라남도,화순군,기타 지역,60-64,60-69,중장년,16,3,0.8125,29.06,1.8162,0.0,11.85,29.06,0,1.7e-05,0.008376
46790,전라남도,화순군,기타 지역,65-69,60-69,고령,12,2,0.833333,7.1,0.5917,0.0,3.55,7.1,0,4e-06,0.002046
46790,전라남도,화순군,기타 지역,70-74,70-79,고령,8,0,1.0,0.0,0.0,0.0,,0.0,0,0.0,0.0
46790,전라남도,화순군,기타 지역,75-79,70-79,고령,21,0,1.0,0.0,0.0,0.0,,0.0,0,0.0,0.0
46790,전라남도,화순군,기타 지역,80+,80+,고령,25,1,0.96,4.75,0.19,0.0,4.75,4.75,0,3e-06,0.001369
46800,전라남도,장흥군,기타 지역,00-09,00-09,아동청소년,19,1,0.947368,6.3,0.3316,0.0,6.3,6.3,0,4e-06,0.011133
46800,전라남도,장흥군,기타 지역,10-14,10-19,아동청소년,19,1,0.947368,5.0,0.2632,0.0,5.0,5.0,0,3e-06,0.008836
46800,전라남도,장흥군,기타 지역,15-19,10-19,아동청소년,23,0,1.0,0.0,0.0,0.0,,0.0,0,0.0,0.0
46800,전라남도,장흥군,기타 지역,20-24,20-29,청년,59,6,0.898305,47.93,0.8124,0.0,4.7,47.93,0,2.8e-05,0.0847
46800,전라남도,장흥군,기타 지역,25-29,20-29,청년,18,2,0.888889,7.34,0.4078,0.0,3.67,7.34,0,4e-06,0.012971
46800,전라남도,장흥군,기타 지역,30-34,30-39,청년,23,2,0.913043,18.3,0.7957,0.0,9.15,18.3,0,1.1e-05,0.032339
46800,전라남도,장흥군,기타 지역,35-39,30-39,청년,40,2,0.95,27.64,0.691,0.0,13.82,27.64,0,1.6e-05,0.048844
46800,전라남도,장흥군,기타 지역,40-44,40-49,중장년,33,7,0.787879,57.05,1.7288,0.0,7.24,57.05,0,3.4e-05,0.100816
46800,전라남도,장흥군,기타 지역,45-49,40-49,중장년,38,5,0.868421,56.53,1.4876,0.0,9.0,56.53,0,3.3e-05,0.099898
46800,전라남도,장흥군,기타 지역,50-54,50-59,중장년,13,0,1.0,0.0,0.0,0.0,,0.0,0,0.0,0.0
46800,전라남도,장흥군,기타 지역,55-59,50-59,중장년,16,3,0.8125,10.45,0.6531,0.0,3.28,10.45,0,6e-06,0.018467
46800,전라남도,장흥군,기타 지역,60-64,60-69,중장년,33,7,0.787879,57.87,1.7536,0.0,7.0,57.87,0,3.4e-05,0.102265
46800,전라남도,장흥군,기타 지역,65-69,60-69,고령,22,4,0.818182,266.79,12.1268,0.0,21.535,266.79,0,0.000158,0.47146
46800,전라남도,장흥군,기타 지역,70-74,70-79,고령,20,0,1.0,0.0,0.0,0.0,,0.0,0,0.0,0.0
46800,전라남도,장흥군,기타 지역,75-79,70-79,고령,17,0,1.0,0.0,0.0,0.0,,0.0,0,0.0,0.0
46800,전라남도,장흥군,기타 지역,80+,80+,고령,21,1,0.952381,4.68,0.2229,0.0,4.68,4.68,0,3e-06,0.00827
46810,전라남도,강진군,기타 지역,00-09,00-09,아동청소년,16,1,0.9375,7.33,0.4581,0.0,7.33,7.33,0,4e-06,0.048922
46810,전라남도,강진군,기타 지역,10-14,10-19,아동청소년,15,2,0.866667,46.43,3.0953,0.0,23.215,46.43,0,2.7e-05,0.309885
46810,전라남도,강진군,기타 지역,15-19,10-19,아동청소년,13,0,1.0,0.0,0.0,0.0,,0.0,0,0.0,0.0
46810,전라남도,강진군,기타 지역,20-24,20-29,청년,16,3,0.8125,14.35,0.8969,0.0,4.34,14.35,0,8e-06,0.095775
46810,전라남도,강진군,기타 지역,25-29,20-29,청년,6,0,1.0,0.0,0.0,0.0,,0.0,0,0.0,0.0
46810,전라남도,강진군,기타 지역,30-34,30-39,청년,12,1,0.916667,5.97,0.4975,0.0,5.97,5.97,0,4e-06,0.039845
46810,전라남도,강진군,기타 지역,35-39,30-39,청년,8,2,0.75,11.52,1.44,0.0,5.76,11.52,0,7e-06,0.076887
46810,전라남도,강진군,기타 지역,40-44,40-49,중장년,14,3,0.785714,24.71,1.765,0.0,7.77,24.71,0,1.5e-05,0.16492
46810,전라남도,강진군,기타 지역,45-49,40-49,중장년,6,1,0.833333,9.09,1.515,0.0,9.09,9.09,0,5e-06,0.060669
46810,전라남도,강진군,기타 지역,50-54,50-59,중장년,49,4,0.918367,17.94,0.3661,0.0,4.415,17.94,0,1.1e-05,0.119736
46810,전라남도,강진군,기타 지역,55-59,50-59,중장년,3,1,0.666667,4.49,1.4967,0.0,4.49,4.49,0,3e-06,0.029967
46810,전라남도,강진군,기타 지역,60-64,60-69,중장년,7,0,1.0,0.0,0.0,0.0,,0.0,0,0.0,0.0
46810,전라남도,강진군,기타 지역,65-69,60-69,고령,5,1,0.8,4.0,0.8,0.0,4.0,4.0,0,2e-06,0.026697
46810,전라남도,강진군,기타 지역,70-74,70-79,고령,2,0,1.0,0.0,0.0,0.0,,0.0,0,0.0,0.0
46810,전라남도,강진군,기타 지역,75-79,70-79,고령,5,0,1.0,0.0,0.0,0.0,,0.0,0,0.0,0.0
46810,전라남도,강진군,기타 지역,80+,80+,고령,21,1,0.952381,4.0,0.1905,0.0,4.0,4.0,0,2e-06,0.026697
46820,전라남도,해남군,기타 지역,00-09,00-09,아동청소년,17,3,0.823529,18.71,1.1006,0.0,6.71,18.71,0,1.1e-05,0.09219
46820,전라남도,해남군,기타 지역,10-14,10-19,아동청소년,28,0,1.0,0.0,0.0,0.0,,0.0,0,0.0,0.0
46820,전라남도,해남군,기타 지역,15-19,10-19,아동청소년,4,0,1.0,0.0,0.0,0.0,,0.0,0,0.0,0.0
46820,전라남도,해남군,기타 지역,20-24,20-29,청년,11,2,0.818182,10.21,0.9282,0.0,5.105,10.21,0,6e-06,0.050308
46820,전라남도,해남군,기타 지역,25-29,20-29,청년,8,3,0.625,13.4,1.675,0.0,4.0,13.4,0,8e-06,0.066026
46820,전라남도,해남군,기타 지역,30-34,30-39,청년,23,2,0.913043,24.09,1.0474,0.0,12.045,24.09,0,1.4e-05,0.118699
46820,전라남도,해남군,기타 지역,35-39,30-39,청년,34,3,0.911765,24.31,0.715,0.0,6.12,24.31,0,1.4e-05,0.119783
46820,전라남도,해남군,기타 지역,40-44,40-49,중장년,34,5,0.852941,43.55,1.2809,0.0,5.26,43.55,0,2.6e-05,0.214585
46820,전라남도,해남군,기타 지역,45-49,40-49,중장년,22,5,0.772727,26.06,1.1845,0.0,4.0,26.06,0,1.5e-05,0.128406
46820,전라남도,해남군,기타 지역,50-54,50-59,중장년,6,1,0.833333,8.37,1.395,0.0,8.37,8.37,0,5e-06,0.041242
46820,전라남도,해남군,기타 지역,55-59,50-59,중장년,11,3,0.727273,20.55,1.8682,0.0,8.01,20.55,0,1.2e-05,0.101256
46820,전라남도,해남군,기타 지역,60-64,60-69,중장년,7,0,1.0,0.0,0.0,0.0,,0.0,0,0.0,0.0
46820,전라남도,해남군,기타 지역,65-69,60-69,고령,6,0,1.0,0.0,0.0,0.0,,0.0,0,0.0,0.0
46820,전라남도,해남군,기타 지역,70-74,70-79,고령,21,1,0.952381,6.19,0.2948,0.0,6.19,6.19,0,4e-06,0.0305
46820,전라남도,해남군,기타 지역,75-79,70-79,고령,15,2,0.866667,7.51,0.5007,0.0,3.755,7.51,0,4e-06,0.037004
46820,전라남도,해남군,기타 지역,80+,80+,고령,6,0,1.0,0.0,0.0,0.0,,0.0,0,0.0,0.0
46830,전라남도,영암군,기타 지역,00-09,00-09,아동청소년,15,2,0.866667,12.71,0.8473,0.0,6.355,12.71,0,8e-06,0.068536
46830,전라남도,영암군,기타 지역,10-14,10-19,아동청소년,33,1,0.969697,13.23,0.4009,0.0,13.23,13.23,0,8e-06,0.07134
46830,전라남도,영암군,기타 지역,15-19,10-19,아동청소년,10,1,0.9,4.72,0.472,0.0,4.72,4.72,0,3e-06,0.025452
46830,전라남도,영암군,기타 지역,20-24,20-29,청년,5,1,0.8,6.07,1.214,0.0,6.07,6.07,0,4e-06,0.032731
46830,전라남도,영암군,기타 지역,25-29,20-29,청년,5,0,1.0,0.0,0.0,0.0,,0.0,0,0.0,0.0
46830,전라남도,영암군,기타 지역,30-34,30-39,청년,8,0,1.0,0.0,0.0,0.0,,0.0,0,0.0,0.0
46830,전라남도,영암군,기타 지역,35-39,30-39,청년,22,2,0.909091,14.08,0.64,0.0,7.04,14.08,0,8e-06,0.075923
46830,전라남도,영암군,기타 지역,40-44,40-49,중장년,17,1,0.941176,113.05,6.65,0.0,113.05,113.05,0,6.7e-05,0.609598
46830,전라남도,영암군,기타 지역,45-49,40-49,중장년,9,0,1.0,0.0,0.0,0.0,,0.0,0,0.0,0.0
46830,전라남도,영암군,기타 지역,50-54,50-59,중장년,8,0,1.0,0.0,0.0,0.0,,0.0,0,0.0,0.0
46830,전라남도,영암군,기타 지역,55-59,50-59,중장년,4,0,1.0,0.0,0.0,0.0,,0.0,0,0.0,0.0
46830,전라남도,영암군,기타 지역,60-64,60-69,중장년,12,1,0.916667,15.45,1.2875,0.0,15.45,15.45,0,9e-06,0.083311
46830,전라남도,영암군,기타 지역,65-69,60-69,고령,11,0,1.0,0.0,0.0,0.0,,0.0,0,0.0,0.0
46830,전라남도,영암군,기타 지역,70-74,70-79,고령,5,1,0.8,6.14,1.228,0.0,6.14,6.14,0,4e-06,0.033109
46830,전라남도,영암군,기타 지역,75-79,70-79,고령,5,0,1.0,0.0,0.0,0.0,,0.0,0,0.0,0.0
46830,전라남도,영암군,기타 지역,80+,80+,고령,17,0,1.0,0.0,0.0,0.0,,0.0,0,0.0,0.0
46840,전라남도,무안군,기타 지역,00-09,00-09,아동청소년,28,2,0.928571,16.24,0.58,0.0,8.12,16.24,0,1e-05,0.085124
46840,전라남도,무안군,기타 지역,10-14,10-19,아동청소년,17,1,0.941176,4.0,0.2353,0.0,4.0,4.0,0,2e-06,0.020967
46840,전라남도,무안군,기타 지역,15-19,10-19,아동청소년,28,0,1.0,0.0,0.0,0.0,,0.0,0,0.0,0.0
46840,전라남도,무안군,기타 지역,20-24,20-29,청년,25,3,0.88,14.07,0.5628,0.0,4.45,14.07,0,8e-06,0.07375
46840,전라남도,무안군,기타 지역,25-29,20-29,청년,13,3,0.769231,21.6,1.6615,0.0,6.0,21.6,0,1.3e-05,0.113219
46840,전라남도,무안군,기타 지역,30-34,30-39,청년,36,2,0.944444,10.13,0.2814,0.0,5.065,10.13,0,6e-06,0.053098
46840,전라남도,무안군,기타 지역,35-39,30-39,청년,32,0,1.0,0.0,0.0,0.0,,0.0,0,0.0,0.0
46840,전라남도,무안군,기타 지역,40-44,40-49,중장년,54,4,0.925926,22.11,0.4094,0.0,6.245,22.11,0,1.3e-05,0.115893
46840,전라남도,무안군,기타 지역,45-49,40-49,중장년,35,3,0.914286,14.78,0.4223,0.0,4.0,14.78,0,9e-06,0.077471
46840,전라남도,무안군,기타 지역,50-54,50-59,중장년,10,1,0.9,6.37,0.637,0.0,6.37,6.37,0,4e-06,0.033389
46840,전라남도,무안군,기타 지역,55-59,50-59,중장년,17,3,0.823529,22.49,1.3229,0.0,6.94,22.49,0,1.3e-05,0.117884
46840,전라남도,무안군,기타 지역,60-64,60-69,중장년,25,2,0.92,11.39,0.4556,0.0,5.695,11.39,0,7e-06,0.059702
46840,전라남도,무안군,기타 지역,65-69,60-69,고령,13,4,0.692308,21.85,1.6808,0.0,4.965,21.85,0,1.3e-05,0.11453
46840,전라남도,무안군,기타 지역,70-74,70-79,고령,19,1,0.947368,10.02,0.5274,0.0,10.02,10.02,0,6e-06,0.052521
46840,전라남도,무안군,기타 지역,75-79,70-79,고령,13,2,0.846154,15.73,1.21,0.0,7.865,15.73,0,9e-06,0.082451
46840,전라남도,무안군,기타 지역,80+,80+,고령,20,0,1.0,0.0,0.0,0.0,,0.0,0,0.0,0.0
46860,전라남도,함평군,기타 지역,00-09,00-09,아동청소년,23,2,0.913043,7.38,0.3209,0.0,3.69,7.38,0,4e-06,0.019485
46860,전라남도,함평군,기타 지역,10-14,10-19,아동청소년,7,1,0.857143,6.09,0.87,0.0,6.09,6.09,0,4e-06,0.016079
46860,전라남도,함평군,기타 지역,15-19,10-19,아동청소년,24,2,0.916667,11.39,0.4746,0.0,5.695,11.39,0,7e-06,0.030073
46860,전라남도,함평군,기타 지역,25-29,20-29,청년,9,0,1.0,0.0,0.0,0.0,,0.0,0,0.0,0.0
46860,전라남도,함평군,기타 지역,30-34,30-39,청년,19,3,0.842105,22.81,1.2005,0.0,8.88,22.81,0,1.3e-05,0.060224
46860,전라남도,함평군,기타 지역,35-39,30-39,청년,22,4,0.818182,34.09,1.5495,0.0,7.37,34.09,0,2e-05,0.090007
46860,전라남도,함평군,기타 지역,40-44,40-49,중장년,23,7,0.695652,235.1,10.2217,0.0,8.44,235.1,0,0.000139,0.620726
46860,전라남도,함평군,기타 지역,45-49,40-49,중장년,33,2,0.939394,11.83,0.3585,0.0,5.915,11.83,0,7e-06,0.031234
46860,전라남도,함평군,기타 지역,50-54,50-59,중장년,8,2,0.75,9.19,1.1488,0.0,4.595,9.19,0,5e-06,0.024264
46860,전라남도,함평군,기타 지역,55-59,50-59,중장년,7,2,0.714286,10.21,1.4586,0.0,5.105,10.21,0,6e-06,0.026957
46860,전라남도,함평군,기타 지역,60-64,60-69,중장년,23,1,0.956522,19.81,0.8613,0.0,19.81,19.81,0,1.2e-05,0.052304
46860,전라남도,함평군,기타 지역,65-69,60-69,고령,8,1,0.875,5.65,0.7062,0.0,5.65,5.65,0,3e-06,0.014917
46860,전라남도,함평군,기타 지역,70-74,70-79,고령,12,1,0.916667,5.2,0.4333,0.0,5.2,5.2,0,3e-06,0.013729
46860,전라남도,함평군,기타 지역,75-79,70-79,고령,22,0,1.0,0.0,0.0,0.0,,0.0,0,0.0,0.0
46860,전라남도,함평군,기타 지역,80+,80+,고령,15,0,1.0,0.0,0.0,0.0,,0.0,0,0.0,0.0
46870,전라남도,영광군,기타 지역,00-09,00-09,아동청소년,22,1,0.954545,4.0,0.1818,0.0,4.0,4.0,0,2e-06,0.007459
46870,전라남도,영광군,기타 지역,10-14,10-19,아동청소년,23,1,0.956522,4.84,0.2104,0.0,4.84,4.84,0,3e-06,0.009025
46870,전라남도,영광군,기타 지역,15-19,10-19,아동청소년,8,0,1.0,0.0,0.0,0.0,,0.0,0,0.0,0.0
46870,전라남도,영광군,기타 지역,20-24,20-29,청년,25,5,0.8,492.08,19.6832,0.0,5.58,492.08,0,0.000291,0.91758
46870,전라남도,영광군,기타 지역,25-29,20-29,청년,5,0,1.0,0.0,0.0,0.0,,0.0,0,0.0,0.0
46870,전라남도,영광군,기타 지역,30-34,30-39,청년,19,2,0.894737,10.33,0.5437,0.0,5.165,10.33,0,6e-06,0.019262
46870,전라남도,영광군,기타 지역,35-39,30-39,청년,26,2,0.923077,11.36,0.4369,0.0,5.68,11.36,0,7e-06,0.021183
46870,전라남도,영광군,기타 지역,40-44,40-49,중장년,28,1,0.964286,4.81,0.1718,0.0,4.81,4.81,0,3e-06,0.008969
46870,전라남도,영광군,기타 지역,45-49,40-49,중장년,30,1,0.966667,4.86,0.162,0.0,4.86,4.86,0,3e-06,0.009062
46870,전라남도,영광군,기타 지역,50-54,50-59,중장년,16,0,1.0,0.0,0.0,0.0,,0.0,0,0.0,0.0
46870,전라남도,영광군,기타 지역,55-59,50-59,중장년,5,1,0.8,4.0,0.8,0.0,4.0,4.0,0,2e-06,0.007459
46870,전라남도,영광군,기타 지역,60-64,60-69,중장년,6,0,1.0,0.0,0.0,0.0,,0.0,0,0.0,0.0
46870,전라남도,영광군,기타 지역,65-69,60-69,고령,8,0,1.0,0.0,0.0,0.0,,0.0,0,0.0,0.0
46870,전라남도,영광군,기타 지역,70-74,70-79,고령,21,0,1.0,0.0,0.0,0.0,,0.0,0,0.0,0.0
46870,전라남도,영광군,기타 지역,75-79,70-79,고령,16,0,1.0,0.0,0.0,0.0,,0.0,0,0.0,0.0
46870,전라남도,영광군,기타 지역,80+,80+,고령,18,0,1.0,0.0,0.0,0.0,,0.0,0,0.0,0.0
46880,전라남도,장성군,기타 지역,00-09,00-09,아동청소년,21,0,1.0,0.0,0.0,0.0,,0.0,0,0.0,0.0
46880,전라남도,장성군,기타 지역,10-14,10-19,아동청소년,23,0,1.0,0.0,0.0,0.0,,0.0,0,0.0,0.0
46880,전라남도,장성군,기타 지역,15-19,10-19,아동청소년,1,0,1.0,0.0,0.0,0.0,,0.0,0,0.0,0.0
46880,전라남도,장성군,기타 지역,20-24,20-29,청년,24,2,0.916667,8.33,0.3471,0.0,4.165,8.33,0,5e-06,0.057294
46880,전라남도,장성군,기타 지역,25-29,20-29,청년,10,0,1.0,0.0,0.0,0.0,,0.0,0,0.0,0.0
46880,전라남도,장성군,기타 지역,30-34,30-39,청년,29,1,0.965517,4.07,0.1403,0.0,4.07,4.07,0,2e-06,0.027994
46880,전라남도,장성군,기타 지역,35-39,30-39,청년,14,2,0.857143,30.24,2.16,0.0,15.12,30.24,0,1.8e-05,0.207992
46880,전라남도,장성군,기타 지역,40-44,40-49,중장년,11,1,0.909091,7.6,0.6909,0.0,7.6,7.6,0,4e-06,0.052273
46880,전라남도,장성군,기타 지역,45-49,40-49,중장년,13,3,0.769231,20.57,1.5823,0.0,6.84,20.57,0,1.2e-05,0.141482
46880,전라남도,장성군,기타 지역,50-54,50-59,중장년,16,0,1.0,0.0,0.0,0.0,,0.0,0,0.0,0.0
46880,전라남도,장성군,기타 지역,60-64,60-69,중장년,8,3,0.625,23.69,2.9612,0.0,5.99,23.69,0,1.4e-05,0.162941
46880,전라남도,장성군,기타 지역,65-69,60-69,고령,7,2,0.714286,37.67,5.3814,0.0,18.835,37.67,0,2.2e-05,0.259096
46880,전라남도,장성군,기타 지역,70-74,70-79,고령,14,0,1.0,0.0,0.0,0.0,,0.0,0,0.0,0.0
46880,전라남도,장성군,기타 지역,75-79,70-79,고령,9,0,1.0,0.0,0.0,0.0,,0.0,0,0.0,0.0
46880,전라남도,장성군,기타 지역,80+,80+,고령,28,3,0.892857,13.22,0.4721,0.0,4.14,13.22,0,8e-06,0.090928
46890,전라남도,완도군,기타 지역,00-09,00-09,아동청소년,10,1,0.9,18.5,1.85,0.0,18.5,18.5,0,1.1e-05,0.068235
46890,전라남도,완도군,기타 지역,10-14,10-19,아동청소년,20,3,0.85,17.29,0.8645,0.0,5.14,17.29,0,1e-05,0.063772
46890,전라남도,완도군,기타 지역,15-19,10-19,아동청소년,16,0,1.0,0.0,0.0,0.0,,0.0,0,0.0,0.0
46890,전라남도,완도군,기타 지역,20-24,20-29,청년,22,2,0.909091,8.0,0.3636,0.0,4.0,8.0,0,5e-06,0.029507
46890,전라남도,완도군,기타 지역,25-29,20-29,청년,8,1,0.875,6.35,0.7938,0.0,6.35,6.35,0,4e-06,0.023421
46890,전라남도,완도군,기타 지역,30-34,30-39,청년,3,0,1.0,0.0,0.0,0.0,,0.0,0,0.0,0.0
46890,전라남도,완도군,기타 지역,35-39,30-39,청년,21,1,0.952381,4.0,0.1905,0.0,4.0,4.0,0,2e-06,0.014754
46890,전라남도,완도군,기타 지역,40-44,40-49,중장년,7,1,0.857143,4.0,0.5714,0.0,4.0,4.0,0,2e-06,0.014754
46890,전라남도,완도군,기타 지역,45-49,40-49,중장년,15,3,0.8,23.58,1.572,0.0,8.0,23.58,0,1.4e-05,0.086973
46890,전라남도,완도군,기타 지역,50-54,50-59,중장년,11,2,0.818182,14.14,1.2855,0.0,7.07,14.14,0,8e-06,0.052154
46890,전라남도,완도군,기타 지역,55-59,50-59,중장년,2,1,0.5,4.35,2.175,2.175,4.35,4.35,0,3e-06,0.016045
46890,전라남도,완도군,기타 지역,60-64,60-69,중장년,18,3,0.833333,63.43,3.5239,0.0,15.27,63.43,0,3.8e-05,0.233955
46890,전라남도,완도군,기타 지역,65-69,60-69,고령,3,1,0.666667,4.3,1.4333,0.0,4.3,4.3,0,3e-06,0.01586
46890,전라남도,완도군,기타 지역,70-74,70-79,고령,10,1,0.9,12.16,1.216,0.0,12.16,12.16,0,7e-06,0.044851
46890,전라남도,완도군,기타 지역,75-79,70-79,고령,8,3,0.625,91.02,11.3775,0.0,8.75,91.02,0,5.4e-05,0.335719
46890,전라남도,완도군,기타 지역,80+,80+,고령,20,0,1.0,0.0,0.0,0.0,,0.0,0,0.0,0.0
46900,전라남도,진도군,기타 지역,00-09,00-09,아동청소년,27,2,0.925926,27.69,1.0256,0.0,13.845,27.69,0,1.6e-05,0.225177
46900,전라남도,진도군,기타 지역,10-14,10-19,아동청소년,23,1,0.956522,3.71,0.1613,0.0,3.71,3.71,0,2e-06,0.03017
46900,전라남도,진도군,기타 지역,15-19,10-19,아동청소년,5,1,0.8,4.0,0.8,0.0,4.0,4.0,0,2e-06,0.032528
46900,전라남도,진도군,기타 지역,20-24,20-29,청년,32,3,0.90625,21.74,0.6794,0.0,8.2,21.74,0,1.3e-05,0.176791
46900,전라남도,진도군,기타 지역,25-29,20-29,청년,24,2,0.916667,19.44,0.81,0.0,9.72,19.44,0,1.2e-05,0.158087
46900,전라남도,진도군,기타 지역,30-34,30-39,청년,21,0,1.0,0.0,0.0,0.0,,0.0,0,0.0,0.0
46900,전라남도,진도군,기타 지역,35-39,30-39,청년,8,1,0.875,10.68,1.335,0.0,10.68,10.68,0,6e-06,0.08685
46900,전라남도,진도군,기타 지역,40-44,40-49,중장년,9,0,1.0,0.0,0.0,0.0,,0.0,0,0.0,0.0
46900,전라남도,진도군,기타 지역,45-49,40-49,중장년,36,1,0.972222,4.0,0.1111,0.0,4.0,4.0,0,2e-06,0.032528
46900,전라남도,진도군,기타 지역,50-54,50-59,중장년,9,1,0.888889,6.45,0.7167,0.0,6.45,6.45,0,4e-06,0.052452
46900,전라남도,진도군,기타 지역,55-59,50-59,중장년,10,1,0.9,5.25,0.525,0.0,5.25,5.25,0,3e-06,0.042693
46900,전라남도,진도군,기타 지역,60-64,60-69,중장년,21,4,0.809524,16.39,0.7805,0.0,4.18,16.39,0,1e-05,0.133285
46900,전라남도,진도군,기타 지역,65-69,60-69,고령,6,1,0.833333,3.62,0.6033,0.0,3.62,3.62,0,2e-06,0.029438
46900,전라남도,진도군,기타 지역,70-74,70-79,고령,28,0,1.0,0.0,0.0,0.0,,0.0,0,0.0,0.0
46900,전라남도,진도군,기타 지역,75-79,70-79,고령,3,0,1.0,0.0,0.0,0.0,,0.0,0,0.0,0.0
46900,전라남도,진도군,기타 지역,80+,80+,고령,22,0,1.0,0.0,0.0,0.0,,0.0,0,0.0,0.0
46910,전라남도,신안군,기타 지역,00-09,00-09,아동청소년,22,0,1.0,0.0,0.0,0.0,,0.0,0,0.0,0.0
46910,전라남도,신안군,기타 지역,10-14,10-19,아동청소년,42,3,0.928571,42.22,1.0052,0.0,13.33,42.22,0,2.5e-05,0.025609
46910,전라남도,신안군,기타 지역,15-19,10-19,아동청소년,29,2,0.931034,20.12,0.6938,0.0,10.06,20.12,0,1.2e-05,0.012204
46910,전라남도,신안군,기타 지역,20-24,20-29,청년,19,4,0.789474,41.32,2.1747,0.0,10.295,41.32,0,2.4e-05,0.025063
46910,전라남도,신안군,기타 지역,25-29,20-29,청년,25,3,0.88,15.49,0.6196,0.0,4.0,15.49,0,9e-06,0.009395
46910,전라남도,신안군,기타 지역,30-34,30-39,청년,37,5,0.864865,46.73,1.263,0.0,8.0,46.73,0,2.8e-05,0.028344
46910,전라남도,신안군,기타 지역,35-39,30-39,청년,15,1,0.933333,3.6,0.24,0.0,3.6,3.6,0,2e-06,0.002184
46910,전라남도,신안군,기타 지역,40-44,40-49,중장년,40,5,0.875,27.51,0.6878,0.0,6.46,27.51,0,1.6e-05,0.016686
46910,전라남도,신안군,기타 지역,45-49,40-49,중장년,29,4,0.862069,1356.05,46.7603,0.0,7.45,1356.05,0,0.000802,0.822511
46910,전라남도,신안군,기타 지역,50-54,50-59,중장년,30,0,1.0,0.0,0.0,0.0,,0.0,0,0.0,0.0
46910,전라남도,신안군,기타 지역,55-59,50-59,중장년,4,1,0.75,4.52,1.13,0.0,4.52,4.52,0,3e-06,0.002742
46910,전라남도,신안군,기타 지역,60-64,60-69,중장년,14,4,0.714286,35.44,2.5314,0.0,6.835,35.44,0,2.1e-05,0.021496
46910,전라남도,신안군,기타 지역,65-69,60-69,고령,21,6,0.714286,46.66,2.2219,0.0,5.18,46.66,0,2.8e-05,0.028302
46910,전라남도,신안군,기타 지역,70-74,70-79,고령,20,0,1.0,0.0,0.0,0.0,,0.0,0,0.0,0.0
46910,전라남도,신안군,기타 지역,75-79,70-79,고령,34,1,0.970588,9.01,0.265,0.0,9.01,9.01,0,5e-06,0.005465
46910,전라남도,신안군,기타 지역,80+,80+,고령,24,0,1.0,0.0,0.0,0.0,,0.0,0,0.0,0.0
47111,경상북도,포항시 남구,경북 기타,00-09,00-09,아동청소년,20,8,0.6,66.33,3.3165,0.0,8.685,66.33,0,3.9e-05,0.035885
47111,경상북도,포항시 남구,경북 기타,10-14,10-19,아동청소년,28,7,0.75,39.53,1.4118,0.0,4.0,39.53,0,2.3e-05,0.021386
47111,경상북도,포항시 남구,경북 기타,15-19,10-19,아동청소년,13,3,0.769231,22.67,1.7438,0.0,9.41,22.67,0,1.3e-05,0.012265
47111,경상북도,포항시 남구,경북 기타,20-24,20-29,청년,48,25,0.479167,223.17,4.6494,3.21,4.88,223.17,0,0.000132,0.120737
47111,경상북도,포항시 남구,경북 기타,25-29,20-29,청년,37,13,0.648649,98.47,2.6614,0.0,6.6,98.47,0,5.8e-05,0.053273
47111,경상북도,포항시 남구,경북 기타,30-34,30-39,청년,72,26,0.638889,206.85,2.8729,0.0,6.155,206.85,0,0.000122,0.111908
47111,경상북도,포항시 남구,경북 기타,35-39,30-39,청년,41,18,0.560976,324.0,7.9024,0.0,13.945,324.0,0,0.000192,0.175287
47111,경상북도,포항시 남구,경북 기타,40-44,40-49,중장년,44,20,0.545455,149.02,3.3868,0.0,7.1,149.02,0,8.8e-05,0.080621
47111,경상북도,포항시 남구,경북 기타,45-49,40-49,중장년,36,18,0.5,162.81,4.5225,1.935,7.24,162.81,0,9.6e-05,0.088082
47111,경상북도,포항시 남구,경북 기타,50-54,50-59,중장년,60,28,0.533333,247.21,4.1202,0.0,8.19,247.21,0,0.000146,0.133743
47111,경상북도,포항시 남구,경북 기타,55-59,50-59,중장년,18,10,0.444444,55.56,3.0867,3.675,5.48,55.56,0,3.3e-05,0.030058
47111,경상북도,포항시 남구,경북 기타,60-64,60-69,중장년,37,10,0.72973,81.61,2.2057,0.0,7.05,81.61,0,4.8e-05,0.044152
47111,경상북도,포항시 남구,경북 기타,65-69,60-69,고령,25,11,0.56,107.84,4.3136,0.0,4.08,107.84,0,6.4e-05,0.058342
47111,경상북도,포항시 남구,경북 기타,70-74,70-79,고령,13,3,0.769231,47.45,3.65,0.0,3.66,47.45,0,2.8e-05,0.025671
47111,경상북도,포항시 남구,경북 기타,75-79,70-79,고령,9,1,0.888889,4.21,0.4678,0.0,4.21,4.21,0,2e-06,0.002278
47111,경상북도,포항시 남구,경북 기타,80+,80+,고령,18,2,0.888889,11.67,0.6483,0.0,5.835,11.67,0,7e-06,0.006314
47113,경상북도,포항시 북구,경북 기타,00-09,00-09,아동청소년,14,2,0.857143,13.89,0.9921,0.0,6.945,13.89,0,8e-06,0.013411
47113,경상북도,포항시 북구,경북 기타,10-14,10-19,아동청소년,9,3,0.666667,10.69,1.1878,0.0,3.51,10.69,0,6e-06,0.010321
47113,경상북도,포항시 북구,경북 기타,15-19,10-19,아동청소년,10,4,0.6,24.21,2.421,0.0,5.86,24.21,0,1.4e-05,0.023374
47113,경상북도,포항시 북구,경북 기타,20-24,20-29,청년,26,9,0.653846,67.72,2.6046,0.0,6.78,67.72,0,4e-05,0.065383
47113,경상북도,포항시 북구,경북 기타,25-29,20-29,청년,14,2,0.857143,9.72,0.6943,0.0,4.86,9.72,0,6e-06,0.009385
47113,경상북도,포항시 북구,경북 기타,30-34,30-39,청년,30,11,0.633333,104.55,3.485,0.0,9.37,104.55,0,6.2e-05,0.100941
47113,경상북도,포항시 북구,경북 기타,35-39,30-39,청년,23,7,0.695652,52.43,2.2796,0.0,7.68,52.43,0,3.1e-05,0.05062
47113,경상북도,포항시 북구,경북 기타,40-44,40-49,중장년,47,25,0.468085,202.93,4.3177,3.14,7.03,202.93,0,0.00012,0.195926
47113,경상북도,포항시 북구,경북 기타,45-49,40-49,중장년,37,16,0.567568,103.91,2.8084,0.0,6.62,103.91,0,6.1e-05,0.100323
47113,경상북도,포항시 북구,경북 기타,50-54,50-59,중장년,27,15,0.444444,158.35,5.8648,3.54,6.4,158.35,0,9.4e-05,0.152884
47113,경상북도,포항시 북구,경북 기타,55-59,50-59,중장년,15,7,0.533333,55.2,3.68,0.0,7.97,55.2,0,3.3e-05,0.053295
47113,경상북도,포항시 북구,경북 기타,60-64,60-69,중장년,15,6,0.6,30.82,2.0547,0.0,4.25,30.82,0,1.8e-05,0.029756
47113,경상북도,포항시 북구,경북 기타,65-69,60-69,고령,13,9,0.307692,72.25,5.5577,4.5,8.0,72.25,0,4.3e-05,0.069756
47113,경상북도,포항시 북구,경북 기타,70-74,70-79,고령,20,4,0.8,35.06,1.753,0.0,5.4,35.06,0,2.1e-05,0.03385
47113,경상북도,포항시 북구,경북 기타,75-79,70-79,고령,22,1,0.954545,43.7,1.9864,0.0,43.7,43.7,0,2.6e-05,0.042192
47113,경상북도,포항시 북구,경북 기타,80+,80+,고령,7,4,0.428571,50.32,7.1886,3.59,8.735,50.32,0,3e-05,0.048583
47130,경상북도,경주시,경북 기타,00-09,00-09,아동청소년,22,6,0.727273,58.81,2.6732,0.0,7.175,58.81,0,3.5e-05,0.007659
47130,경상북도,경주시,경북 기타,10-14,10-19,아동청소년,21,9,0.571429,93.98,4.4752,0.0,10.77,93.98,0,5.6e-05,0.01224
47130,경상북도,경주시,경북 기타,15-19,10-19,아동청소년,19,5,0.736842,32.29,1.6995,0.0,5.23,32.29,0,1.9e-05,0.004205
47130,경상북도,경주시,경북 기타,20-24,20-29,청년,16,10,0.375,301.8,18.8625,3.71,5.045,301.8,0,0.000179,0.039305
47130,경상북도,경주시,경북 기타,25-29,20-29,청년,19,10,0.473684,70.73,3.7226,3.19,5.535,70.73,0,4.2e-05,0.009212
47130,경상북도,경주시,경북 기타,30-34,30-39,청년,19,10,0.473684,61.04,3.2126,3.0,5.065,61.04,0,3.6e-05,0.00795
47130,경상북도,경주시,경북 기타,35-39,30-39,청년,23,10,0.565217,3016.85,131.1674,0.0,12.325,3016.85,0,0.001785,0.392901
47130,경상북도,경주시,경북 기타,40-44,40-49,중장년,31,24,0.225806,574.62,18.5361,6.12,7.3,574.62,0,0.00034,0.074836
47130,경상북도,경주시,경북 기타,45-49,40-49,중장년,34,20,0.411765,266.53,7.8391,6.185,8.86,266.53,0,0.000158,0.034712
47130,경상북도,경주시,경북 기타,50-54,50-59,중장년,15,9,0.4,133.85,8.9233,4.95,12.0,133.85,0,7.9e-05,0.017432
47130,경상북도,경주시,경북 기타,55-59,50-59,중장년,16,10,0.375,195.15,12.1969,4.85,6.0,195.15,0,0.000115,0.025415
47130,경상북도,경주시,경북 기타,60-64,60-69,중장년,14,7,0.5,48.4,3.4571,2.0,6.18,48.4,0,2.9e-05,0.006303
47130,경상북도,경주시,경북 기타,65-69,60-69,고령,18,13,0.277778,150.1,8.3389,4.265,5.66,150.1,0,8.9e-05,0.019548
47130,경상북도,경주시,경북 기타,70-74,70-79,고령,5,3,0.4,38.7,7.74,6.4,10.3,38.7,0,2.3e-05,0.00504
47130,경상북도,경주시,경북 기타,75-79,70-79,고령,5,1,0.8,11.83,2.366,0.0,11.83,11.83,0,7e-06,0.001541
47130,경상북도,경주시,경북 기타,80+,80+,고령,4,1,0.75,2623.72,655.93,0.0,2623.72,2623.72,0,0.001552,0.341701
47150,경상북도,김천시,김천시(자체),00-09,00-09,아동청소년,10,7,0.3,25369.15,2536.915,1351.79,4857.05,0.0,3,0.01501,0.13405
47150,경상북도,김천시,김천시(자체),10-14,10-19,아동청소년,30,20,0.333333,16544.58,551.486,21.86,155.525,0.0,0,0.009789,0.087421
47150,경상북도,김천시,김천시(자체),15-19,10-19,아동청소년,7,3,0.571429,157.29,22.47,0.0,24.72,0.0,0,9.3e-05,0.000831
47150,경상북도,김천시,김천시(자체),20-24,20-29,청년,11,11,0.0,14709.88,1337.2618,107.83,107.83,0.0,2,0.008703,0.077726
47150,경상북도,김천시,김천시(자체),25-29,20-29,청년,22,14,0.363636,9405.24,427.5109,9.53,18.955,0.0,1,0.005565,0.049697
47150,경상북도,김천시,김천시(자체),30-34,30-39,청년,10,6,0.4,462.68,46.268,17.685,49.62,0.0,0,0.000274,0.002445
47150,경상북도,김천시,김천시(자체),35-39,30-39,청년,16,12,0.25,24672.49,1542.0306,438.365,989.52,0.0,3,0.014598,0.130369
47150,경상북도,김천시,김천시(자체),40-44,40-49,중장년,17,11,0.352941,10207.44,600.4376,17.0,391.79,0.0,1,0.006039,0.053936
47150,경상북도,김천시,김천시(자체),45-49,40-49,중장년,12,10,0.166667,5979.44,498.2867,86.25,112.22,0.0,0,0.003538,0.031595
47150,경상북도,김천시,김천시(자체),50-54,50-59,중장년,16,14,0.125,21963.94,1372.7462,414.755,662.365,0.0,2,0.012995,0.116057
47150,경상북도,김천시,김천시(자체),55-59,50-59,중장년,5,5,0.0,18323.99,3664.798,4197.63,4197.63,0.0,1,0.010842,0.096823
47150,경상북도,김천시,김천시(자체),60-64,60-69,중장년,11,5,0.545455,8755.37,795.9427,0.0,169.21,0.0,1,0.00518,0.046263
47150,경상북도,김천시,김천시(자체),65-69,60-69,고령,10,7,0.3,15155.58,1515.558,369.005,1054.11,0.0,1,0.008967,0.080082
47150,경상북도,김천시,김천시(자체),70-74,70-79,고령,8,3,0.625,7578.89,947.3612,0.0,1621.11,0.0,1,0.004484,0.040047
47150,경상북도,김천시,김천시(자체),75-79,70-79,고령,1,0,1.0,0.0,0.0,0.0,,0.0,0,0.0,0.0
47150,경상북도,김천시,김천시(자체),80+,80+,고령,10,6,0.4,9965.94,996.594,50.475,595.545,0.0,1,0.005896,0.05266
47170,경상북도,안동시,경북 기타,00-09,00-09,아동청소년,15,8,0.466667,74.24,4.9493,4.0,7.895,74.24,0,4.4e-05,0.038522
47170,경상북도,안동시,경북 기타,10-14,10-19,아동청소년,28,9,0.678571,57.61,2.0575,0.0,7.52,57.61,0,3.4e-05,0.029893
47170,경상북도,안동시,경북 기타,15-19,10-19,아동청소년,9,3,0.666667,15.12,1.68,0.0,5.01,15.12,0,9e-06,0.007845
47170,경상북도,안동시,경북 기타,20-24,20-29,청년,13,9,0.307692,65.05,5.0038,4.56,6.0,65.05,0,3.8e-05,0.033753
47170,경상북도,안동시,경북 기타,25-29,20-29,청년,14,9,0.357143,96.36,6.8829,6.995,10.0,96.36,0,5.7e-05,0.049999
47170,경상북도,안동시,경북 기타,30-34,30-39,청년,23,12,0.478261,90.47,3.9335,3.13,6.765,90.47,0,5.4e-05,0.046943
47170,경상북도,안동시,경북 기타,35-39,30-39,청년,21,12,0.428571,624.55,29.7405,4.0,11.29,624.55,0,0.00037,0.324068
47170,경상북도,안동시,경북 기타,40-44,40-49,중장년,23,15,0.347826,103.88,4.5165,4.26,6.28,103.88,0,6.1e-05,0.053901
47170,경상북도,안동시,경북 기타,45-49,40-49,중장년,38,27,0.289474,248.44,6.5379,6.05,7.54,248.44,0,0.000147,0.128911
47170,경상북도,안동시,경북 기타,50-54,50-59,중장년,37,26,0.297297,269.11,7.2732,6.56,8.065,269.11,0,0.000159,0.139636
47170,경상북도,안동시,경북 기타,55-59,50-59,중장년,5,4,0.2,28.61,5.722,5.51,6.965,28.61,0,1.7e-05,0.014845
47170,경상북도,안동시,경북 기타,60-64,60-69,중장년,11,6,0.454545,44.09,4.0082,4.0,5.155,44.09,0,2.6e-05,0.022878
47170,경상북도,안동시,경북 기타,65-69,60-69,고령,23,13,0.434783,109.49,4.7604,3.61,6.73,109.49,0,6.5e-05,0.056812
47170,경상북도,안동시,경북 기타,70-74,70-79,고령,13,4,0.692308,62.31,4.7931,0.0,16.36,62.31,0,3.7e-05,0.032332
47170,경상북도,안동시,경북 기타,75-79,70-79,고령,2,1,0.5,14.47,7.235,7.235,14.47,14.47,0,9e-06,0.007508
47170,경상북도,안동시,경북 기타,80+,80+,고령,23,3,0.869565,23.42,1.0183,0.0,8.0,23.42,0,1.4e-05,0.012152
47190,경상북도,구미시,김천 인접 시군,00-09,00-09,아동청소년,2,1,0.5,374.55,187.275,187.275,374.55,374.55,0,0.000222,0.000793
47190,경상북도,구미시,김천 인접 시군,10-14,10-19,아동청소년,24,22,0.083333,38255.51,1593.9796,66.1,87.86,38255.51,2,0.022634,0.081013
47190,경상북도,구미시,김천 인접 시군,15-19,10-19,아동청소년,1,1,0.0,5.07,5.07,5.07,5.07,5.07,0,3e-06,1.1e-05
47190,경상북도,구미시,김천 인접 시군,20-24,20-29,청년,6,6,0.0,16305.05,2717.5083,2067.25,2067.25,16305.05,1,0.009647,0.034529
47190,경상북도,구미시,김천 인접 시군,25-29,20-29,청년,6,4,0.333333,3955.48,659.2467,12.12,18.865,3955.48,0,0.00234,0.008376
47190,경상북도,구미시,김천 인접 시군,30-34,30-39,청년,5,5,0.0,11805.31,2361.062,314.96,314.96,11805.31,0,0.006985,0.025
47190,경상북도,구미시,김천 인접 시군,35-39,30-39,청년,30,28,0.066667,54662.17,1822.0723,466.39,608.27,54662.17,2,0.032341,0.115757
47190,경상북도,구미시,김천 인접 시군,40-44,40-49,중장년,33,31,0.060606,62683.04,1899.4861,71.0,95.52,62683.04,1,0.037087,0.132743
47190,경상북도,구미시,김천 인접 시군,45-49,40-49,중장년,16,12,0.25,24296.44,1518.5275,38.44,111.425,24296.44,1,0.014375,0.051452
47190,경상북도,구미시,김천 인접 시군,50-54,50-59,중장년,38,35,0.078947,105803.99,2784.3155,2199.225,2817.0,105803.99,6,0.0626,0.22406
47190,경상북도,구미시,김천 인접 시군,55-59,50-59,중장년,20,19,0.05,23960.14,1198.007,60.705,61.89,23960.14,0,0.014176,0.05074
47190,경상북도,구미시,김천 인접 시군,60-64,60-69,중장년,8,6,0.25,1062.93,132.8662,28.38,55.34,1062.93,0,0.000629,0.002251
47190,경상북도,구미시,김천 인접 시군,65-69,60-69,고령,30,25,0.166667,41246.47,1374.8823,33.225,41.38,41246.47,3,0.024404,0.087347
47190,경상북도,구미시,김천 인접 시군,70-74,70-79,고령,24,19,0.208333,47954.28,1998.095,336.355,1998.18,47954.28,2,0.028373,0.101552
47190,경상북도,구미시,김천 인접 시군,75-79,70-79,고령,6,5,0.166667,12178.7,2029.7833,1545.32,3002.65,12178.7,0,0.007206,0.025791
47190,경상북도,구미시,김천 인접 시군,80+,80+,고령,13,7,0.461538,27663.82,2127.9862,94.1,3720.86,27663.82,1,0.016368,0.058583
47210,경상북도,영주시,경북 기타,00-09,00-09,아동청소년,12,2,0.833333,40.92,3.41,0.0,20.46,40.92,0,2.4e-05,0.009368
47210,경상북도,영주시,경북 기타,10-14,10-19,아동청소년,28,10,0.642857,79.56,2.8414,0.0,7.43,79.56,0,4.7e-05,0.018214
47210,경상북도,영주시,경북 기타,15-19,10-19,아동청소년,30,7,0.766667,37.21,1.2403,0.0,4.69,37.21,0,2.2e-05,0.008519
47210,경상북도,영주시,경북 기타,20-24,20-29,청년,51,23,0.54902,125.45,2.4598,0.0,4.33,125.45,0,7.4e-05,0.028719
47210,경상북도,영주시,경북 기타,25-29,20-29,청년,39,11,0.717949,60.03,1.5392,0.0,5.67,60.03,0,3.6e-05,0.013743
47210,경상북도,영주시,경북 기타,30-34,30-39,청년,38,12,0.684211,80.01,2.1055,0.0,4.605,80.01,0,4.7e-05,0.018317
47210,경상북도,영주시,경북 기타,35-39,30-39,청년,7,4,0.428571,51.48,7.3543,5.33,13.6,51.48,0,3e-05,0.011785
47210,경상북도,영주시,경북 기타,40-44,40-49,중장년,49,15,0.693878,82.03,1.6741,0.0,4.12,82.03,0,4.9e-05,0.018779
47210,경상북도,영주시,경북 기타,45-49,40-49,중장년,31,12,0.612903,66.87,2.1571,0.0,4.185,66.87,0,4e-05,0.015309
47210,경상북도,영주시,경북 기타,50-54,50-59,중장년,32,11,0.65625,152.67,4.7709,0.0,5.47,152.67,0,9e-05,0.034951
47210,경상북도,영주시,경북 기타,55-59,50-59,중장년,19,12,0.368421,57.1,3.0053,3.18,4.06,57.1,0,3.4e-05,0.013072
47210,경상북도,영주시,경북 기타,60-64,60-69,중장년,47,18,0.617021,132.8,2.8255,0.0,4.615,132.8,0,7.9e-05,0.030402
47210,경상북도,영주시,경북 기타,65-69,60-69,고령,19,4,0.789474,16.11,0.8479,0.0,3.895,16.11,0,1e-05,0.003688
47210,경상북도,영주시,경북 기타,70-74,70-79,고령,33,5,0.848485,39.24,1.1891,0.0,7.1,39.24,0,2.3e-05,0.008983
47210,경상북도,영주시,경북 기타,75-79,70-79,고령,11,3,0.727273,11.77,1.07,0.0,3.65,11.77,0,7e-06,0.002695
47210,경상북도,영주시,경북 기타,80+,80+,고령,34,3,0.911765,3334.87,98.0844,0.0,4.25,3334.87,0,0.001973,0.763457
47230,경상북도,영천시,경북 기타,00-09,00-09,아동청소년,15,2,0.866667,16.0,1.0667,0.0,8.0,16.0,0,9e-06,0.011304
47230,경상북도,영천시,경북 기타,10-14,10-19,아동청소년,36,7,0.805556,54.14,1.5039,0.0,7.31,54.14,0,3.2e-05,0.038249
47230,경상북도,영천시,경북 기타,15-19,10-19,아동청소년,27,2,0.925926,9.11,0.3374,0.0,4.555,9.11,0,5e-06,0.006436
47230,경상북도,영천시,경북 기타,20-24,20-29,청년,35,8,0.771429,96.69,2.7626,0.0,6.195,96.69,0,5.7e-05,0.068309
47230,경상북도,영천시,경북 기타,25-29,20-29,청년,29,4,0.862069,20.68,0.7131,0.0,4.155,20.68,0,1.2e-05,0.01461
47230,경상북도,영천시,경북 기타,30-34,30-39,청년,12,4,0.666667,18.04,1.5033,0.0,4.065,18.04,0,1.1e-05,0.012745
47230,경상북도,영천시,경북 기타,35-39,30-39,청년,13,4,0.692308,33.98,2.6138,0.0,8.39,33.98,0,2e-05,0.024006
47230,경상북도,영천시,경북 기타,40-44,40-49,중장년,28,8,0.714286,88.04,3.1443,0.0,8.95,88.04,0,5.2e-05,0.062198
47230,경상북도,영천시,경북 기타,45-49,40-49,중장년,19,8,0.578947,55.42,2.9168,0.0,6.65,55.42,0,3.3e-05,0.039153
47230,경상북도,영천시,경북 기타,50-54,50-59,중장년,24,7,0.708333,104.86,4.3692,0.0,10.35,104.86,0,6.2e-05,0.074081
47230,경상북도,영천시,경북 기타,55-59,50-59,중장년,10,6,0.4,738.02,73.802,4.555,5.72,738.02,0,0.000437,0.521396
47230,경상북도,영천시,경북 기타,60-64,60-69,중장년,28,8,0.714286,48.17,1.7204,0.0,4.375,48.17,0,2.9e-05,0.034031
47230,경상북도,영천시,경북 기타,65-69,60-69,고령,6,1,0.833333,10.09,1.6817,0.0,10.09,10.09,0,6e-06,0.007128
47230,경상북도,영천시,경북 기타,70-74,70-79,고령,17,0,1.0,0.0,0.0,0.0,,0.0,0,0.0,0.0
47230,경상북도,영천시,경북 기타,75-79,70-79,고령,20,4,0.8,86.18,4.309,0.0,18.92,86.18,0,5.1e-05,0.060884
47230,경상북도,영천시,경북 기타,80+,80+,고령,12,2,0.833333,36.05,3.0042,0.0,18.025,36.05,0,2.1e-05,0.025469
47250,경상북도,상주시,김천 인접 시군,00-09,00-09,아동청소년,19,14,0.263158,1112.52,58.5537,13.08,38.87,1112.52,0,0.000658,0.033701
47250,경상북도,상주시,김천 인접 시군,10-14,10-19,아동청소년,20,15,0.25,449.16,22.458,15.87,23.22,449.16,0,0.000266,0.013606
47250,경상북도,상주시,김천 인접 시군,15-19,10-19,아동청소년,8,8,0.0,3359.41,419.9262,16.785,16.785,3359.41,0,0.001988,0.101765
47250,경상북도,상주시,김천 인접 시군,20-24,20-29,청년,18,14,0.222222,4455.3,247.5167,13.43,23.48,4455.3,0,0.002636,0.134962
47250,경상북도,상주시,김천 인접 시군,25-29,20-29,청년,20,16,0.2,2984.8,149.24,19.45,26.705,2984.8,0,0.001766,0.090417
47250,경상북도,상주시,김천 인접 시군,30-34,30-39,청년,8,6,0.25,294.45,36.8062,13.86,22.595,294.45,0,0.000174,0.00892
47250,경상북도,상주시,김천 인접 시군,35-39,30-39,청년,50,41,0.18,2840.79,56.8158,23.29,32.89,2840.79,0,0.001681,0.086054
47250,경상북도,상주시,김천 인접 시군,40-44,40-49,중장년,23,17,0.26087,724.2,31.487,11.23,16.42,724.2,0,0.000428,0.021938
47250,경상북도,상주시,김천 인접 시군,45-49,40-49,중장년,29,21,0.275862,312.54,10.7772,9.4,13.19,312.54,0,0.000185,0.009468
47250,경상북도,상주시,김천 인접 시군,50-54,50-59,중장년,51,40,0.215686,1475.19,28.9253,14.07,19.96,1475.19,0,0.000873,0.044687
47250,경상북도,상주시,김천 인접 시군,55-59,50-59,중장년,15,13,0.133333,4614.48,307.632,31.87,34.88,4614.48,0,0.00273,0.139784
47250,경상북도,상주시,김천 인접 시군,60-64,60-69,중장년,40,30,0.25,6799.09,169.9772,14.795,22.055,6799.09,0,0.004023,0.205961
47250,경상북도,상주시,김천 인접 시군,65-69,60-69,고령,11,8,0.272727,142.1,12.9182,14.0,18.775,142.1,0,8.4e-05,0.004305
47250,경상북도,상주시,김천 인접 시군,70-74,70-79,고령,10,3,0.7,79.87,7.987,0.0,12.54,79.87,0,4.7e-05,0.002419
47250,경상북도,상주시,김천 인접 시군,75-79,70-79,고령,14,10,0.285714,151.04,10.7886,9.3,13.095,151.04,0,8.9e-05,0.004575
47250,경상북도,상주시,김천 인접 시군,80+,80+,고령,6,3,0.5,3216.63,536.105,16.265,123.9,3216.63,0,0.001903,0.097439
47280,경상북도,문경시,경북 기타,00-09,00-09,아동청소년,6,2,0.666667,15.12,2.52,0.0,7.56,15.12,0,9e-06,0.00316
47280,경상북도,문경시,경북 기타,10-14,10-19,아동청소년,9,4,0.555556,33.48,3.72,0.0,9.75,33.48,0,2e-05,0.006997
47280,경상북도,문경시,경북 기타,20-24,20-29,청년,12,9,0.25,80.15,6.6792,6.71,8.74,80.15,0,4.7e-05,0.01675
47280,경상북도,문경시,경북 기타,25-29,20-29,청년,18,8,0.555556,49.85,2.7694,0.0,4.0,49.85,0,2.9e-05,0.010418
47280,경상북도,문경시,경북 기타,30-34,30-39,청년,49,28,0.428571,206.52,4.2147,4.0,7.47,206.52,0,0.000122,0.043159
47280,경상북도,문경시,경북 기타,35-39,30-39,청년,20,10,0.5,3602.82,180.141,1.55,12.97,3602.82,0,0.002132,0.752922
47280,경상북도,문경시,경북 기타,40-44,40-49,중장년,34,16,0.529412,348.18,10.2406,0.0,6.675,348.18,0,0.000206,0.072763
47280,경상북도,문경시,경북 기타,45-49,40-49,중장년,16,10,0.375,68.31,4.2694,4.3,7.585,68.31,0,4e-05,0.014276
47280,경상북도,문경시,경북 기타,50-54,50-59,중장년,18,7,0.611111,54.38,3.0211,0.0,6.29,54.38,0,3.2e-05,0.011364
47280,경상북도,문경시,경북 기타,55-59,50-59,중장년,21,16,0.238095,112.89,5.3757,4.25,4.765,112.89,0,6.7e-05,0.023592
47280,경상북도,문경시,경북 기타,60-64,60-69,중장년,5,3,0.4,30.7,6.14,4.44,8.0,30.7,0,1.8e-05,0.006416
47280,경상북도,문경시,경북 기타,65-69,60-69,고령,4,3,0.25,13.62,3.405,3.095,3.1,13.62,0,8e-06,0.002846
47280,경상북도,문경시,경북 기타,70-74,70-79,고령,18,2,0.888889,16.51,0.9172,0.0,8.255,16.51,0,1e-05,0.00345
47280,경상북도,문경시,경북 기타,75-79,70-79,고령,23,10,0.565217,127.84,5.5583,0.0,12.225,127.84,0,7.6e-05,0.026716
47280,경상북도,문경시,경북 기타,80+,80+,고령,8,1,0.875,24.75,3.0938,0.0,24.75,24.75,0,1.5e-05,0.005172
47290,경상북도,경산시,경북 기타,00-09,00-09,아동청소년,6,2,0.666667,78.25,13.0417,0.0,39.125,78.25,0,4.6e-05,0.007081
47290,경상북도,경산시,경북 기타,10-14,10-19,아동청소년,13,8,0.384615,2586.79,198.9838,6.84,20.51,2586.79,0,0.001531,0.234079
47290,경상북도,경산시,경북 기타,15-19,10-19,아동청소년,4,2,0.5,22.24,5.56,2.0,11.12,22.24,0,1.3e-05,0.002013
47290,경상북도,경산시,경북 기타,20-24,20-29,청년,29,22,0.241379,2864.48,98.7752,11.62,12.935,2864.48,0,0.001695,0.259207
47290,경상북도,경산시,경북 기타,25-29,20-29,청년,8,6,0.25,147.44,18.43,9.02,17.93,147.44,0,8.7e-05,0.013342
47290,경상북도,경산시,경북 기타,30-34,30-39,청년,27,18,0.333333,186.2,6.8963,5.58,9.715,186.2,0,0.00011,0.016849
47290,경상북도,경산시,경북 기타,35-39,30-39,청년,19,15,0.210526,457.91,24.1005,18.02,20.76,457.91,0,0.000271,0.041436
47290,경상북도,경산시,경북 기타,40-44,40-49,중장년,16,12,0.25,231.71,14.4819,12.335,14.17,231.71,0,0.000137,0.020967
47290,경상북도,경산시,경북 기타,45-49,40-49,중장년,21,16,0.238095,189.43,9.0205,7.71,8.945,189.43,0,0.000112,0.017142
47290,경상북도,경산시,경북 기타,50-54,50-59,중장년,15,12,0.2,3460.68,230.712,9.05,9.785,3460.68,0,0.002048,0.313157
47290,경상북도,경산시,경북 기타,55-59,50-59,중장년,5,3,0.4,71.52,14.304,4.0,5.92,71.52,0,4.2e-05,0.006472
47290,경상북도,경산시,경북 기타,60-64,60-69,중장년,4,3,0.25,108.02,27.005,20.175,27.99,108.02,0,6.4e-05,0.009775
47290,경상북도,경산시,경북 기타,65-69,60-69,고령,12,7,0.416667,62.97,5.2475,3.87,6.0,62.97,0,3.7e-05,0.005698
47290,경상북도,경산시,경북 기타,70-74,70-79,고령,2,1,0.5,19.09,9.545,9.545,19.09,19.09,0,1.1e-05,0.001727
47290,경상북도,경산시,경북 기타,75-79,70-79,고령,3,2,0.333333,30.14,10.0467,9.91,15.07,30.14,0,1.8e-05,0.002727
47290,경상북도,경산시,경북 기타,80+,80+,고령,8,2,0.75,534.06,66.7575,0.0,267.03,534.06,0,0.000316,0.048327
47730,경상북도,의성군,경북 기타,00-09,00-09,아동청소년,18,2,0.888889,19.38,1.0767,0.0,9.69,19.38,0,1.1e-05,0.02377
47730,경상북도,의성군,경북 기타,10-14,10-19,아동청소년,57,11,0.807018,71.95,1.2623,0.0,4.24,71.95,0,4.3e-05,0.088246
47730,경상북도,의성군,경북 기타,15-19,10-19,아동청소년,8,0,1.0,0.0,0.0,0.0,,0.0,0,0.0,0.0
47730,경상북도,의성군,경북 기타,20-24,20-29,청년,45,18,0.6,130.31,2.8958,0.0,4.555,130.31,0,7.7e-05,0.159825
47730,경상북도,의성군,경북 기타,25-29,20-29,청년,33,3,0.909091,14.57,0.4415,0.0,4.68,14.57,0,9e-06,0.01787
47730,경상북도,의성군,경북 기타,30-34,30-39,청년,41,14,0.658537,74.6,1.8195,0.0,4.195,74.6,0,4.4e-05,0.091497
47730,경상북도,의성군,경북 기타,35-39,30-39,청년,56,15,0.732143,87.12,1.5557,0.0,4.65,87.12,0,5.2e-05,0.106852
47730,경상북도,의성군,경북 기타,40-44,40-49,중장년,44,13,0.704545,65.66,1.4923,0.0,4.38,65.66,0,3.9e-05,0.080532
47730,경상북도,의성군,경북 기타,45-49,40-49,중장년,31,10,0.677419,70.82,2.2845,0.0,6.99,70.82,0,4.2e-05,0.086861
47730,경상북도,의성군,경북 기타,50-54,50-59,중장년,27,7,0.740741,49.39,1.8293,0.0,5.56,49.39,0,2.9e-05,0.060577
47730,경상북도,의성군,경북 기타,55-59,50-59,중장년,29,10,0.655172,87.71,3.0245,0.0,5.395,87.71,0,5.2e-05,0.107576
47730,경상북도,의성군,경북 기타,60-64,60-69,중장년,25,3,0.88,44.77,1.7908,0.0,5.35,44.77,0,2.6e-05,0.05491
47730,경상북도,의성군,경북 기타,65-69,60-69,고령,43,10,0.767442,63.97,1.4877,0.0,4.34,63.97,0,3.8e-05,0.078459
47730,경상북도,의성군,경북 기타,70-74,70-79,고령,15,3,0.8,19.21,1.2807,0.0,6.0,19.21,0,1.1e-05,0.023561
47730,경상북도,의성군,경북 기타,75-79,70-79,고령,14,1,0.928571,8.46,0.6043,0.0,8.46,8.46,0,5e-06,0.010376
47730,경상북도,의성군,경북 기타,80+,80+,고령,48,2,0.958333,7.41,0.1544,0.0,3.705,7.41,0,4e-06,0.009088
47750,경상북도,청송군,경북 기타,00-09,00-09,아동청소년,20,2,0.9,22.03,1.1015,0.0,11.015,22.03,0,1.3e-05,0.034793
47750,경상북도,청송군,경북 기타,10-14,10-19,아동청소년,62,3,0.951613,34.82,0.5616,0.0,13.75,34.82,0,2.1e-05,0.054992
47750,경상북도,청송군,경북 기타,15-19,10-19,아동청소년,4,1,0.75,4.0,1.0,0.0,4.0,4.0,0,2e-06,0.006317
47750,경상북도,청송군,경북 기타,20-24,20-29,청년,16,3,0.8125,12.75,0.7969,0.0,3.43,12.75,0,8e-06,0.020136
47750,경상북도,청송군,경북 기타,25-29,20-29,청년,10,0,1.0,0.0,0.0,0.0,,0.0,0,0.0,0.0
47750,경상북도,청송군,경북 기타,30-34,30-39,청년,29,3,0.896552,25.89,0.8928,0.0,8.93,25.89,0,1.5e-05,0.040889
47750,경상북도,청송군,경북 기타,35-39,30-39,청년,58,5,0.913793,44.8,0.7724,0.0,5.0,44.8,0,2.7e-05,0.070754
47750,경상북도,청송군,경북 기타,40-44,40-49,중장년,20,3,0.85,403.21,20.1605,0.0,7.33,403.21,0,0.000239,0.636802
47750,경상북도,청송군,경북 기타,45-49,40-49,중장년,13,0,1.0,0.0,0.0,0.0,,0.0,0,0.0,0.0
47750,경상북도,청송군,경북 기타,50-54,50-59,중장년,13,0,1.0,0.0,0.0,0.0,,0.0,0,0.0,0.0
47750,경상북도,청송군,경북 기타,55-59,50-59,중장년,6,2,0.666667,26.44,4.4067,0.0,13.22,26.44,0,1.6e-05,0.041757
47750,경상북도,청송군,경북 기타,60-64,60-69,중장년,15,3,0.8,14.42,0.9613,0.0,5.64,14.42,0,9e-06,0.022774
47750,경상북도,청송군,경북 기타,65-69,60-69,고령,13,3,0.769231,18.91,1.4546,0.0,6.0,18.91,0,1.1e-05,0.029865
47750,경상북도,청송군,경북 기타,70-74,70-79,고령,8,1,0.875,7.16,0.895,0.0,7.16,7.16,0,4e-06,0.011308
47750,경상북도,청송군,경북 기타,75-79,70-79,고령,7,0,1.0,0.0,0.0,0.0,,0.0,0,0.0,0.0
47750,경상북도,청송군,경북 기타,80+,80+,고령,26,1,0.961538,18.75,0.7212,0.0,18.75,18.75,0,1.1e-05,0.029612
47760,경상북도,영양군,경북 기타,00-09,00-09,아동청소년,31,0,1.0,0.0,0.0,0.0,,0.0,0,0.0,0.0
47760,경상북도,영양군,경북 기타,10-14,10-19,아동청소년,23,0,1.0,0.0,0.0,0.0,,0.0,0,0.0,0.0
47760,경상북도,영양군,경북 기타,15-19,10-19,아동청소년,18,0,1.0,0.0,0.0,0.0,,0.0,0,0.0,0.0
47760,경상북도,영양군,경북 기타,20-24,20-29,청년,9,1,0.888889,56.4,6.2667,0.0,56.4,56.4,0,3.3e-05,0.217165
47760,경상북도,영양군,경북 기타,25-29,20-29,청년,15,2,0.866667,10.27,0.6847,0.0,5.135,10.27,0,6e-06,0.039544
47760,경상북도,영양군,경북 기타,30-34,30-39,청년,11,1,0.909091,4.65,0.4227,0.0,4.65,4.65,0,3e-06,0.017905
47760,경상북도,영양군,경북 기타,35-39,30-39,청년,6,0,1.0,0.0,0.0,0.0,,0.0,0,0.0,0.0
47760,경상북도,영양군,경북 기타,40-44,40-49,중장년,19,2,0.894737,7.22,0.38,0.0,3.61,7.22,0,4e-06,0.0278
47760,경상북도,영양군,경북 기타,45-49,40-49,중장년,29,4,0.862069,35.55,1.2259,0.0,9.14,35.55,0,2.1e-05,0.136883
47760,경상북도,영양군,경북 기타,50-54,50-59,중장년,40,3,0.925,123.25,3.0812,0.0,7.02,123.25,0,7.3e-05,0.474568
47760,경상북도,영양군,경북 기타,55-59,50-59,중장년,6,2,0.666667,9.17,1.5283,0.0,4.585,9.17,0,5e-06,0.035309
47760,경상북도,영양군,경북 기타,60-64,60-69,중장년,14,0,1.0,0.0,0.0,0.0,,0.0,0,0.0,0.0
47760,경상북도,영양군,경북 기타,65-69,60-69,고령,13,2,0.846154,8.44,0.6492,0.0,4.22,8.44,0,5e-06,0.032498
47760,경상북도,영양군,경북 기타,70-74,70-79,고령,7,0,1.0,0.0,0.0,0.0,,0.0,0,0.0,0.0
47760,경상북도,영양군,경북 기타,75-79,70-79,고령,7,1,0.857143,4.76,0.68,0.0,4.76,4.76,0,3e-06,0.018328
47760,경상북도,영양군,경북 기타,80+,80+,고령,23,0,1.0,0.0,0.0,0.0,,0.0,0,0.0,0.0
47770,경상북도,영덕군,경북 기타,00-09,00-09,아동청소년,5,0,1.0,0.0,0.0,0.0,,0.0,0,0.0,0.0
47770,경상북도,영덕군,경북 기타,10-14,10-19,아동청소년,10,2,0.8,8.52,0.852,0.0,4.26,8.52,0,5e-06,0.065776
47770,경상북도,영덕군,경북 기타,15-19,10-19,아동청소년,4,0,1.0,0.0,0.0,0.0,,0.0,0,0.0,0.0
47770,경상북도,영덕군,경북 기타,20-24,20-29,청년,5,1,0.8,5.28,1.056,0.0,5.28,5.28,0,3e-06,0.040763
47770,경상북도,영덕군,경북 기타,25-29,20-29,청년,8,1,0.875,6.51,0.8138,0.0,6.51,6.51,0,4e-06,0.050259
47770,경상북도,영덕군,경북 기타,30-34,30-39,청년,4,0,1.0,0.0,0.0,0.0,,0.0,0,0.0,0.0
47770,경상북도,영덕군,경북 기타,35-39,30-39,청년,11,1,0.909091,3.66,0.3327,0.0,3.66,3.66,0,2e-06,0.028256
47770,경상북도,영덕군,경북 기타,40-44,40-49,중장년,21,5,0.761905,27.15,1.2929,0.0,6.2,27.15,0,1.6e-05,0.209604
47770,경상북도,영덕군,경북 기타,45-49,40-49,중장년,12,2,0.833333,16.25,1.3542,0.0,8.125,16.25,0,1e-05,0.125454
47770,경상북도,영덕군,경북 기타,50-54,50-59,중장년,9,1,0.888889,7.42,0.8244,0.0,7.42,7.42,0,4e-06,0.057284
47770,경상북도,영덕군,경북 기타,55-59,50-59,중장년,2,0,1.0,0.0,0.0,0.0,,0.0,0,0.0,0.0
47770,경상북도,영덕군,경북 기타,60-64,60-69,중장년,14,2,0.857143,8.34,0.5957,0.0,4.17,8.34,0,5e-06,0.064387
47770,경상북도,영덕군,경북 기타,65-69,60-69,고령,6,1,0.833333,3.18,0.53,0.0,3.18,3.18,0,2e-06,0.02455
47770,경상북도,영덕군,경북 기타,70-74,70-79,고령,10,0,1.0,0.0,0.0,0.0,,0.0,0,0.0,0.0
47770,경상북도,영덕군,경북 기타,75-79,70-79,고령,7,1,0.857143,34.0,4.8571,0.0,34.0,34.0,0,2e-05,0.262487
47770,경상북도,영덕군,경북 기타,80+,80+,고령,24,1,0.958333,9.22,0.3842,0.0,9.22,9.22,0,5e-06,0.07118
47820,경상북도,청도군,경북 기타,00-09,00-09,아동청소년,7,0,1.0,0.0,0.0,0.0,,0.0,0,0.0,0.0
47820,경상북도,청도군,경북 기타,10-14,10-19,아동청소년,24,1,0.958333,4.13,0.1721,0.0,4.13,4.13,0,2e-06,0.000904
47820,경상북도,청도군,경북 기타,15-19,10-19,아동청소년,2,0,1.0,0.0,0.0,0.0,,0.0,0,0.0,0.0
47820,경상북도,청도군,경북 기타,20-24,20-29,청년,9,3,0.666667,52.59,5.8433,0.0,9.62,52.59,0,3.1e-05,0.011517
47820,경상북도,청도군,경북 기타,25-29,20-29,청년,30,2,0.933333,8.84,0.2947,0.0,4.42,8.84,0,5e-06,0.001936
47820,경상북도,청도군,경북 기타,30-34,30-39,청년,20,1,0.95,5.1,0.255,0.0,5.1,5.1,0,3e-06,0.001117
47820,경상북도,청도군,경북 기타,35-39,30-39,청년,27,8,0.703704,690.62,25.5785,0.0,8.6,690.62,0,0.000409,0.151243
47820,경상북도,청도군,경북 기타,40-44,40-49,중장년,25,5,0.8,3590.84,143.6336,0.0,10.4,3590.84,0,0.002125,0.786382
47820,경상북도,청도군,경북 기타,45-49,40-49,중장년,30,8,0.733333,57.46,1.9153,0.0,5.44,57.46,0,3.4e-05,0.012584
47820,경상북도,청도군,경북 기타,50-54,50-59,중장년,20,3,0.85,26.07,1.3035,0.0,3.6,26.07,0,1.5e-05,0.005709
47820,경상북도,청도군,경북 기타,55-59,50-59,중장년,17,7,0.588235,32.42,1.9071,0.0,4.09,32.42,0,1.9e-05,0.0071
47820,경상북도,청도군,경북 기타,60-64,60-69,중장년,13,3,0.769231,54.27,4.1746,0.0,6.73,54.27,0,3.2e-05,0.011885
47820,경상북도,청도군,경북 기타,65-69,60-69,고령,10,3,0.7,10.49,1.049,0.0,3.32,10.49,0,6e-06,0.002297
47820,경상북도,청도군,경북 기타,70-74,70-79,고령,23,3,0.869565,14.64,0.6365,0.0,5.53,14.64,0,9e-06,0.003206
47820,경상북도,청도군,경북 기타,75-79,70-79,고령,7,2,0.714286,18.81,2.6871,0.0,9.405,18.81,0,1.1e-05,0.004119
47820,경상북도,청도군,경북 기타,80+,80+,고령,2,0,1.0,0.0,0.0,0.0,,0.0,0,0.0,0.0
47830,경상북도,고령군,경북 기타,00-09,00-09,아동청소년,9,0,1.0,0.0,0.0,0.0,,0.0,0,0.0,0.0
47830,경상북도,고령군,경북 기타,10-14,10-19,아동청소년,16,6,0.625,39.21,2.4506,0.0,6.02,39.21,0,2.3e-05,0.132767
47830,경상북도,고령군,경북 기타,15-19,10-19,아동청소년,18,1,0.944444,3.14,0.1744,0.0,3.14,3.14,0,2e-06,0.010632
47830,경상북도,고령군,경북 기타,20-24,20-29,청년,21,3,0.857143,33.77,1.6081,0.0,5.14,33.77,0,2e-05,0.114347
47830,경상북도,고령군,경북 기타,25-29,20-29,청년,4,0,1.0,0.0,0.0,0.0,,0.0,0,0.0,0.0
47830,경상북도,고령군,경북 기타,30-34,30-39,청년,7,1,0.857143,3.32,0.4743,0.0,3.32,3.32,0,2e-06,0.011242
47830,경상북도,고령군,경북 기타,35-39,30-39,청년,11,3,0.727273,22.83,2.0755,0.0,5.16,22.83,0,1.4e-05,0.077303
47830,경상북도,고령군,경북 기타,40-44,40-49,중장년,6,2,0.666667,15.77,2.6283,0.0,7.885,15.77,0,9e-06,0.053398
47830,경상북도,고령군,경북 기타,45-49,40-49,중장년,14,3,0.785714,14.42,1.03,0.0,4.83,14.42,0,9e-06,0.048827
47830,경상북도,고령군,경북 기타,50-54,50-59,중장년,19,7,0.631579,85.32,4.4905,0.0,5.66,85.32,0,5e-05,0.288897
47830,경상북도,고령군,경북 기타,55-59,50-59,중장년,8,1,0.875,4.0,0.5,0.0,4.0,4.0,0,2e-06,0.013544
47830,경상북도,고령군,경북 기타,60-64,60-69,중장년,9,3,0.666667,23.17,2.5744,0.0,4.73,23.17,0,1.4e-05,0.078455
47830,경상북도,고령군,경북 기타,65-69,60-69,고령,12,2,0.833333,7.85,0.6542,0.0,3.925,7.85,0,5e-06,0.02658
47830,경상북도,고령군,경북 기타,70-74,70-79,고령,8,1,0.875,30.47,3.8088,0.0,30.47,30.47,0,1.8e-05,0.103173
47830,경상북도,고령군,경북 기타,75-79,70-79,고령,3,2,0.333333,8.32,2.7733,4.0,4.16,8.32,0,5e-06,0.028172
47830,경상북도,고령군,경북 기타,80+,80+,고령,9,1,0.888889,3.74,0.4156,0.0,3.74,3.74,0,2e-06,0.012664
47840,경상북도,성주군,김천 인접 시군,00-09,00-09,아동청소년,10,1,0.9,16.98,1.698,0.0,16.98,16.98,0,1e-05,0.003278
47840,경상북도,성주군,김천 인접 시군,10-14,10-19,아동청소년,27,14,0.481481,552.01,20.4448,4.19,10.39,552.01,0,0.000327,0.106563
47840,경상북도,성주군,김천 인접 시군,15-19,10-19,아동청소년,7,1,0.857143,17.26,2.4657,0.0,17.26,17.26,0,1e-05,0.003332
47840,경상북도,성주군,김천 인접 시군,20-24,20-29,청년,34,21,0.382353,291.39,8.5703,5.34,10.0,291.39,0,0.000172,0.056252
47840,경상북도,성주군,김천 인접 시군,25-29,20-29,청년,21,11,0.47619,1065.67,50.7462,3.82,10.34,1065.67,0,0.000631,0.205723
47840,경상북도,성주군,김천 인접 시군,30-34,30-39,청년,18,8,0.555556,103.76,5.7644,0.0,13.505,103.76,0,6.1e-05,0.02003
47840,경상북도,성주군,김천 인접 시군,35-39,30-39,청년,51,29,0.431373,1554.05,30.4716,5.47,14.16,1554.05,0,0.000919,0.300003
47840,경상북도,성주군,김천 인접 시군,40-44,40-49,중장년,23,14,0.391304,199.09,8.6561,6.01,8.845,199.09,0,0.000118,0.038433
47840,경상북도,성주군,김천 인접 시군,45-49,40-49,중장년,9,4,0.555556,73.35,8.15,0.0,9.955,73.35,0,4.3e-05,0.01416
47840,경상북도,성주군,김천 인접 시군,50-54,50-59,중장년,18,10,0.444444,205.0,11.3889,3.46,11.22,205.0,0,0.000121,0.039574
47840,경상북도,성주군,김천 인접 시군,55-59,50-59,중장년,15,12,0.2,202.2,13.48,5.21,6.08,202.2,0,0.00012,0.039034
47840,경상북도,성주군,김천 인접 시군,60-64,60-69,중장년,14,12,0.142857,179.79,12.8421,9.22,14.135,179.79,0,0.000106,0.034708
47840,경상북도,성주군,김천 인접 시군,65-69,60-69,고령,1,0,1.0,0.0,0.0,0.0,,0.0,0,0.0,0.0
47840,경상북도,성주군,김천 인접 시군,75-79,70-79,고령,7,3,0.571429,31.83,4.5471,0.0,10.03,31.83,0,1.9e-05,0.006145
47840,경상북도,성주군,김천 인접 시군,80+,80+,고령,13,5,0.615385,687.74,52.9031,0.0,20.96,687.74,0,0.000407,0.132765
47850,경상북도,칠곡군,김천 인접 시군,00-09,00-09,아동청소년,13,8,0.384615,8230.41,633.1085,9.18,16.245,8230.41,0,0.00487,0.04058
47850,경상북도,칠곡군,김천 인접 시군,10-14,10-19,아동청소년,21,18,0.142857,26635.08,1268.3371,27.69,35.12,26635.08,0,0.015759,0.131324
47850,경상북도,칠곡군,김천 인접 시군,15-19,10-19,아동청소년,20,18,0.1,7114.14,355.707,16.565,19.7,7114.14,0,0.004209,0.035076
47850,경상북도,칠곡군,김천 인접 시군,20-24,20-29,청년,24,22,0.083333,7151.15,297.9646,24.71,26.015,7151.15,0,0.004231,0.035259
47850,경상북도,칠곡군,김천 인접 시군,25-29,20-29,청년,4,3,0.25,3952.3,988.075,42.345,66.47,3952.3,0,0.002338,0.019487
47850,경상북도,칠곡군,김천 인접 시군,30-34,30-39,청년,11,7,0.363636,4171.34,379.2127,17.47,28.64,4171.34,0,0.002468,0.020567
47850,경상북도,칠곡군,김천 인접 시군,35-39,30-39,청년,49,47,0.040816,44294.68,903.9731,51.02,74.23,44294.68,0,0.026207,0.218395
47850,경상북도,칠곡군,김천 인접 시군,40-44,40-49,중장년,42,37,0.119048,33789.09,804.5021,37.75,39.4,33789.09,0,0.019992,0.166597
47850,경상북도,칠곡군,김천 인접 시군,45-49,40-49,중장년,34,32,0.058824,6823.11,200.6797,24.37,26.265,6823.11,0,0.004037,0.033641
47850,경상북도,칠곡군,김천 인접 시군,50-54,50-59,중장년,27,24,0.111111,7561.02,280.0378,28.22,31.675,7561.02,0,0.004474,0.03728
47850,경상북도,칠곡군,김천 인접 시군,55-59,50-59,중장년,28,26,0.071429,4585.72,163.7757,25.04,29.79,4585.72,0,0.002713,0.02261
47850,경상북도,칠곡군,김천 인접 시군,60-64,60-69,중장년,16,13,0.1875,14527.5,907.9688,48.665,54.28,14527.5,0,0.008595,0.071628
47850,경상북도,칠곡군,김천 인접 시군,65-69,60-69,고령,53,44,0.169811,11624.88,219.3374,16.09,17.965,11624.88,0,0.006878,0.057317
47850,경상북도,칠곡군,김천 인접 시군,70-74,70-79,고령,46,39,0.152174,6661.93,144.8246,22.09,28.57,6661.93,0,0.003942,0.032847
47850,경상북도,칠곡군,김천 인접 시군,75-79,70-79,고령,21,17,0.190476,7821.23,372.4395,26.39,35.82,7821.23,0,0.004628,0.038563
47850,경상북도,칠곡군,김천 인접 시군,80+,80+,고령,5,3,0.4,7875.39,1575.078,37.52,2603.35,7875.39,0,0.00466,0.03883
47900,경상북도,예천군,경북 기타,00-09,00-09,아동청소년,19,4,0.789474,30.18,1.5884,0.0,7.465,30.18,0,1.8e-05,0.073502
47900,경상북도,예천군,경북 기타,10-14,10-19,아동청소년,18,2,0.888889,15.91,0.8839,0.0,7.955,15.91,0,9e-06,0.038748
47900,경상북도,예천군,경북 기타,15-19,10-19,아동청소년,20,7,0.65,43.07,2.1535,0.0,4.64,43.07,0,2.5e-05,0.104895
47900,경상북도,예천군,경북 기타,20-24,20-29,청년,10,2,0.8,9.14,0.914,0.0,4.57,9.14,0,5e-06,0.02226
47900,경상북도,예천군,경북 기타,25-29,20-29,청년,14,0,1.0,0.0,0.0,0.0,,0.0,0,0.0,0.0
47900,경상북도,예천군,경북 기타,30-34,30-39,청년,8,3,0.625,11.1,1.3875,0.0,3.84,11.1,0,7e-06,0.027034
47900,경상북도,예천군,경북 기타,35-39,30-39,청년,13,4,0.692308,34.09,2.6223,0.0,7.8,34.09,0,2e-05,0.083025
47900,경상북도,예천군,경북 기타,40-44,40-49,중장년,43,14,0.674419,93.82,2.1819,0.0,6.265,93.82,0,5.6e-05,0.228495
47900,경상북도,예천군,경북 기타,45-49,40-49,중장년,48,11,0.770833,73.57,1.5327,0.0,6.77,73.57,0,4.4e-05,0.179177
47900,경상북도,예천군,경북 기타,50-54,50-59,중장년,10,3,0.7,14.22,1.422,0.0,4.41,14.22,0,8e-06,0.034632
47900,경상북도,예천군,경북 기타,55-59,50-59,중장년,10,3,0.7,14.31,1.431,0.0,4.77,14.31,0,8e-06,0.034851
47900,경상북도,예천군,경북 기타,60-64,60-69,중장년,7,2,0.714286,8.56,1.2229,0.0,4.28,8.56,0,5e-06,0.020848
47900,경상북도,예천군,경북 기타,65-69,60-69,고령,21,4,0.809524,19.04,0.9067,0.0,4.705,19.04,0,1.1e-05,0.046371
47900,경상북도,예천군,경북 기타,70-74,70-79,고령,19,3,0.842105,43.59,2.2942,0.0,7.92,43.59,0,2.6e-05,0.106162
47900,경상북도,예천군,경북 기타,75-79,70-79,고령,8,0,1.0,0.0,0.0,0.0,,0.0,0,0.0,0.0
47900,경상북도,예천군,경북 기타,80+,80+,고령,11,0,1.0,0.0,0.0,0.0,,0.0,0,0.0,0.0
47920,경상북도,봉화군,경북 기타,00-09,00-09,아동청소년,40,0,1.0,0.0,0.0,0.0,,0.0,0,0.0,0.0
47920,경상북도,봉화군,경북 기타,10-14,10-19,아동청소년,19,0,1.0,0.0,0.0,0.0,,0.0,0,0.0,0.0
47920,경상북도,봉화군,경북 기타,15-19,10-19,아동청소년,8,0,1.0,0.0,0.0,0.0,,0.0,0,0.0,0.0
47920,경상북도,봉화군,경북 기타,20-24,20-29,청년,18,2,0.888889,9.63,0.535,0.0,4.815,9.63,0,6e-06,0.113481
47920,경상북도,봉화군,경북 기타,25-29,20-29,청년,11,1,0.909091,14.0,1.2727,0.0,14.0,14.0,0,8e-06,0.164978
47920,경상북도,봉화군,경북 기타,30-34,30-39,청년,7,0,1.0,0.0,0.0,0.0,,0.0,0,0.0,0.0
47920,경상북도,봉화군,경북 기타,35-39,30-39,청년,13,0,1.0,0.0,0.0,0.0,,0.0,0,0.0,0.0
47920,경상북도,봉화군,경북 기타,40-44,40-49,중장년,19,4,0.789474,22.88,1.2042,0.0,4.535,22.88,0,1.4e-05,0.269621
47920,경상북도,봉화군,경북 기타,45-49,40-49,중장년,16,2,0.875,21.15,1.3219,0.0,10.575,21.15,0,1.3e-05,0.249234
47920,경상북도,봉화군,경북 기타,50-54,50-59,중장년,14,2,0.857143,7.17,0.5121,0.0,3.585,7.17,0,4e-06,0.084492
47920,경상북도,봉화군,경북 기타,60-64,60-69,중장년,11,1,0.909091,10.03,0.9118,0.0,10.03,10.03,0,6e-06,0.118195
47920,경상북도,봉화군,경북 기타,65-69,60-69,고령,9,0,1.0,0.0,0.0,0.0,,0.0,0,0.0,0.0
47920,경상북도,봉화군,경북 기타,70-74,70-79,고령,15,0,1.0,0.0,0.0,0.0,,0.0,0,0.0,0.0
47920,경상북도,봉화군,경북 기타,75-79,70-79,고령,21,0,1.0,0.0,0.0,0.0,,0.0,0,0.0,0.0
47920,경상북도,봉화군,경북 기타,80+,80+,고령,42,0,1.0,0.0,0.0,0.0,,0.0,0,0.0,0.0
47930,경상북도,울진군,경북 기타,00-09,00-09,아동청소년,3,1,0.666667,12.73,4.2433,0.0,12.73,12.73,0,8e-06,0.046335
47930,경상북도,울진군,경북 기타,10-14,10-19,아동청소년,8,1,0.875,5.5,0.6875,0.0,5.5,5.5,0,3e-06,0.020019
47930,경상북도,울진군,경북 기타,15-19,10-19,아동청소년,2,0,1.0,0.0,0.0,0.0,,0.0,0,0.0,0.0
47930,경상북도,울진군,경북 기타,20-24,20-29,청년,16,5,0.6875,39.8,2.4875,0.0,7.01,39.8,0,2.4e-05,0.144864
47930,경상북도,울진군,경북 기타,25-29,20-29,청년,11,1,0.909091,4.25,0.3864,0.0,4.25,4.25,0,3e-06,0.015469
47930,경상북도,울진군,경북 기타,30-34,30-39,청년,12,4,0.666667,20.49,1.7075,0.0,4.24,20.49,0,1.2e-05,0.07458
47930,경상북도,울진군,경북 기타,35-39,30-39,청년,16,3,0.8125,46.25,2.8906,0.0,3.19,46.25,0,2.7e-05,0.168341
47930,경상북도,울진군,경북 기타,40-44,40-49,중장년,24,3,0.875,13.64,0.5683,0.0,4.15,13.64,0,8e-06,0.049647
47930,경상북도,울진군,경북 기타,45-49,40-49,중장년,14,3,0.785714,21.9,1.5643,0.0,7.52,21.9,0,1.3e-05,0.079712
47930,경상북도,울진군,경북 기타,50-54,50-59,중장년,7,1,0.857143,4.26,0.6086,0.0,4.26,4.26,0,3e-06,0.015506
47930,경상북도,울진군,경북 기타,60-64,60-69,중장년,27,8,0.703704,41.79,1.5478,0.0,4.855,41.79,0,2.5e-05,0.152107
47930,경상북도,울진군,경북 기타,65-69,60-69,고령,15,6,0.6,41.3,2.7533,0.0,3.75,41.3,0,2.4e-05,0.150324
47930,경상북도,울진군,경북 기타,70-74,70-79,고령,4,0,1.0,0.0,0.0,0.0,,0.0,0,0.0,0.0
47930,경상북도,울진군,경북 기타,75-79,70-79,고령,6,2,0.666667,22.83,3.805,0.0,11.415,22.83,0,1.4e-05,0.083097
47930,경상북도,울진군,경북 기타,80+,80+,고령,8,0,1.0,0.0,0.0,0.0,,0.0,0,0.0,0.0
47940,경상북도,울릉군,경북 기타,00-09,00-09,아동청소년,23,4,0.826087,32.52,1.4139,0.0,9.245,32.52,0,1.9e-05,0.143926
47940,경상북도,울릉군,경북 기타,10-14,10-19,아동청소년,21,2,0.904762,8.68,0.4133,0.0,4.34,8.68,0,5e-06,0.038416
47940,경상북도,울릉군,경북 기타,15-19,10-19,아동청소년,3,0,1.0,0.0,0.0,0.0,,0.0,0,0.0,0.0
47940,경상북도,울릉군,경북 기타,20-24,20-29,청년,20,3,0.85,10.95,0.5475,0.0,3.64,10.95,0,6e-06,0.048462
47940,경상북도,울릉군,경북 기타,25-29,20-29,청년,3,0,1.0,0.0,0.0,0.0,,0.0,0,0.0,0.0
47940,경상북도,울릉군,경북 기타,30-34,30-39,청년,3,2,0.333333,9.06,3.02,4.0,4.53,9.06,0,5e-06,0.040097
47940,경상북도,울릉군,경북 기타,35-39,30-39,청년,18,2,0.888889,12.25,0.6806,0.0,6.125,12.25,0,7e-06,0.054216
47940,경상북도,울릉군,경북 기타,40-44,40-49,중장년,22,6,0.727273,39.85,1.8114,0.0,4.115,39.85,0,2.4e-05,0.176366
47940,경상북도,울릉군,경북 기타,45-49,40-49,중장년,26,7,0.730769,50.75,1.9519,0.0,6.62,50.75,0,3e-05,0.224607
47940,경상북도,울릉군,경북 기타,50-54,50-59,중장년,32,4,0.875,25.76,0.805,0.0,6.505,25.76,0,1.5e-05,0.114008
47940,경상북도,울릉군,경북 기타,55-59,50-59,중장년,6,0,1.0,0.0,0.0,0.0,,0.0,0,0.0,0.0
47940,경상북도,울릉군,경북 기타,60-64,60-69,중장년,8,2,0.75,21.17,2.6463,0.0,10.585,21.17,0,1.3e-05,0.093693
47940,경상북도,울릉군,경북 기타,65-69,60-69,고령,8,2,0.75,9.93,1.2412,0.0,4.965,9.93,0,6e-06,0.043948
47940,경상북도,울릉군,경북 기타,70-74,70-79,고령,13,1,0.923077,5.03,0.3869,0.0,5.03,5.03,0,3e-06,0.022262
47940,경상북도,울릉군,경북 기타,75-79,70-79,고령,1,0,1.0,0.0,0.0,0.0,,0.0,0,0.0,0.0
47940,경상북도,울릉군,경북 기타,80+,80+,고령,17,0,1.0,0.0,0.0,0.0,,0.0,0,0.0,0.0
48121,경상남도,창원시 의창구,기타 지역,00-09,00-09,아동청소년,10,1,0.9,8.0,0.8,0.0,8.0,8.0,0,5e-06,0.011082
48121,경상남도,창원시 의창구,기타 지역,10-14,10-19,아동청소년,22,4,0.818182,36.32,1.6509,0.0,7.035,36.32,0,2.1e-05,0.050311
48121,경상남도,창원시 의창구,기타 지역,15-19,10-19,아동청소년,8,1,0.875,8.37,1.0462,0.0,8.37,8.37,0,5e-06,0.011594
48121,경상남도,창원시 의창구,기타 지역,20-24,20-29,청년,34,12,0.647059,108.62,3.1947,0.0,6.41,108.62,0,6.4e-05,0.150462
48121,경상남도,창원시 의창구,기타 지역,25-29,20-29,청년,9,2,0.777778,18.56,2.0622,0.0,9.28,18.56,0,1.1e-05,0.02571
48121,경상남도,창원시 의창구,기타 지역,30-34,30-39,청년,18,3,0.833333,19.22,1.0678,0.0,4.0,19.22,0,1.1e-05,0.026624
48121,경상남도,창원시 의창구,기타 지역,35-39,30-39,청년,16,6,0.625,94.79,5.9244,0.0,11.975,94.79,0,5.6e-05,0.131304
48121,경상남도,창원시 의창구,기타 지역,40-44,40-49,중장년,24,5,0.791667,55.53,2.3138,0.0,11.84,55.53,0,3.3e-05,0.076921
48121,경상남도,창원시 의창구,기타 지역,45-49,40-49,중장년,40,11,0.725,96.98,2.4245,0.0,6.86,96.98,0,5.7e-05,0.134338
48121,경상남도,창원시 의창구,기타 지역,50-54,50-59,중장년,9,1,0.888889,4.81,0.5344,0.0,4.81,4.81,0,3e-06,0.006663
48121,경상남도,창원시 의창구,기타 지역,55-59,50-59,중장년,7,1,0.857143,5.27,0.7529,0.0,5.27,5.27,0,3e-06,0.0073
48121,경상남도,창원시 의창구,기타 지역,60-64,60-69,중장년,22,8,0.636364,100.16,4.5527,0.0,8.0,100.16,0,5.9e-05,0.138743
48121,경상남도,창원시 의창구,기타 지역,65-69,60-69,고령,14,2,0.857143,15.18,1.0843,0.0,7.59,15.18,0,9e-06,0.021028
48121,경상남도,창원시 의창구,기타 지역,70-74,70-79,고령,14,4,0.714286,108.98,7.7843,0.0,22.24,108.98,0,6.4e-05,0.150961
48121,경상남도,창원시 의창구,기타 지역,75-79,70-79,고령,41,5,0.878049,41.12,1.0029,0.0,7.76,41.12,0,2.4e-05,0.05696
48121,경상남도,창원시 의창구,기타 지역,80+,80+,고령,6,0,1.0,0.0,0.0,0.0,,0.0,0,0.0,0.0
48123,경상남도,창원시 성산구,기타 지역,00-09,00-09,아동청소년,6,0,1.0,0.0,0.0,0.0,,0.0,0,0.0,0.0
48123,경상남도,창원시 성산구,기타 지역,10-14,10-19,아동청소년,28,3,0.892857,13.32,0.4757,0.0,4.03,13.32,0,8e-06,0.032117
48123,경상남도,창원시 성산구,기타 지역,15-19,10-19,아동청소년,6,0,1.0,0.0,0.0,0.0,,0.0,0,0.0,0.0
48123,경상남도,창원시 성산구,기타 지역,20-24,20-29,청년,20,9,0.55,71.57,3.5785,0.0,4.86,71.57,0,4.2e-05,0.172566
48123,경상남도,창원시 성산구,기타 지역,25-29,20-29,청년,14,4,0.714286,18.71,1.3364,0.0,4.34,18.71,0,1.1e-05,0.045113
48123,경상남도,창원시 성산구,기타 지역,30-34,30-39,청년,54,12,0.777778,88.66,1.6419,0.0,5.145,88.66,0,5.2e-05,0.213772
48123,경상남도,창원시 성산구,기타 지역,35-39,30-39,청년,21,6,0.714286,32.8,1.5619,0.0,4.2,32.8,0,1.9e-05,0.079086
48123,경상남도,창원시 성산구,기타 지역,40-44,40-49,중장년,15,3,0.8,17.18,1.1453,0.0,5.18,17.18,0,1e-05,0.041424
48123,경상남도,창원시 성산구,기타 지역,45-49,40-49,중장년,27,7,0.740741,53.96,1.9985,0.0,8.0,53.96,0,3.2e-05,0.130106
48123,경상남도,창원시 성산구,기타 지역,50-54,50-59,중장년,18,2,0.888889,9.57,0.5317,0.0,4.785,9.57,0,6e-06,0.023075
48123,경상남도,창원시 성산구,기타 지역,55-59,50-59,중장년,8,2,0.75,8.34,1.0425,0.0,4.17,8.34,0,5e-06,0.020109
48123,경상남도,창원시 성산구,기타 지역,60-64,60-69,중장년,28,4,0.857143,30.78,1.0993,0.0,4.56,30.78,0,1.8e-05,0.074215
48123,경상남도,창원시 성산구,기타 지역,65-69,60-69,고령,4,2,0.5,21.35,5.3375,1.885,10.675,21.35,0,1.3e-05,0.051478
48123,경상남도,창원시 성산구,기타 지역,70-74,70-79,고령,13,3,0.769231,20.02,1.54,0.0,5.82,20.02,0,1.2e-05,0.048271
48123,경상남도,창원시 성산구,기타 지역,75-79,70-79,고령,13,2,0.846154,8.13,0.6254,0.0,4.065,8.13,0,5e-06,0.019603
48123,경상남도,창원시 성산구,기타 지역,80+,80+,고령,15,2,0.866667,20.35,1.3567,0.0,10.175,20.35,0,1.2e-05,0.049067
48125,경상남도,창원시 마산합포구,기타 지역,00-09,00-09,아동청소년,9,1,0.888889,10.19,1.1322,0.0,10.19,10.19,0,6e-06,0.015117
48125,경상남도,창원시 마산합포구,기타 지역,10-14,10-19,아동청소년,22,4,0.818182,21.21,0.9641,0.0,4.23,21.21,0,1.3e-05,0.031466
48125,경상남도,창원시 마산합포구,기타 지역,15-19,10-19,아동청소년,24,4,0.833333,38.8,1.6167,0.0,7.455,38.8,0,2.3e-05,0.057561
48125,경상남도,창원시 마산합포구,기타 지역,20-24,20-29,청년,65,19,0.707692,108.4,1.6677,0.0,4.0,108.4,0,6.4e-05,0.160814
48125,경상남도,창원시 마산합포구,기타 지역,25-29,20-29,청년,77,12,0.844156,73.97,0.9606,0.0,4.735,73.97,0,4.4e-05,0.109736
48125,경상남도,창원시 마산합포구,기타 지역,30-34,30-39,청년,31,7,0.774194,56.9,1.8355,0.0,6.36,56.9,0,3.4e-05,0.084413
48125,경상남도,창원시 마산합포구,기타 지역,35-39,30-39,청년,20,4,0.8,19.75,0.9875,0.0,5.09,19.75,0,1.2e-05,0.0293
48125,경상남도,창원시 마산합포구,기타 지역,40-44,40-49,중장년,82,23,0.719512,147.43,1.7979,0.0,5.62,147.43,0,8.7e-05,0.218716
48125,경상남도,창원시 마산합포구,기타 지역,45-49,40-49,중장년,22,5,0.772727,26.87,1.2214,0.0,4.67,26.87,0,1.6e-05,0.039862
48125,경상남도,창원시 마산합포구,기타 지역,50-54,50-59,중장년,39,7,0.820513,89.28,2.2892,0.0,6.21,89.28,0,5.3e-05,0.132449
48125,경상남도,창원시 마산합포구,기타 지역,55-59,50-59,중장년,6,2,0.666667,8.38,1.3967,0.0,4.19,8.38,0,5e-06,0.012432
48125,경상남도,창원시 마산합포구,기타 지역,60-64,60-69,중장년,22,4,0.818182,20.41,0.9277,0.0,4.39,20.41,0,1.2e-05,0.030279
48125,경상남도,창원시 마산합포구,기타 지역,65-69,60-69,고령,19,6,0.684211,29.97,1.5774,0.0,5.145,29.97,0,1.8e-05,0.044461
48125,경상남도,창원시 마산합포구,기타 지역,70-74,70-79,고령,16,0,1.0,0.0,0.0,0.0,,0.0,0,0.0,0.0
48125,경상남도,창원시 마산합포구,기타 지역,75-79,70-79,고령,23,3,0.869565,15.05,0.6543,0.0,4.04,15.05,0,9e-06,0.022327
48125,경상남도,창원시 마산합포구,기타 지역,80+,80+,고령,35,2,0.942857,7.46,0.2131,0.0,3.73,7.46,0,4e-06,0.011067
48127,경상남도,창원시 마산회원구,기타 지역,00-09,00-09,아동청소년,27,3,0.888889,432.17,16.0063,0.0,81.24,432.17,0,0.000256,0.373175
48127,경상남도,창원시 마산회원구,기타 지역,10-14,10-19,아동청소년,41,3,0.926829,22.67,0.5529,0.0,7.57,22.67,0,1.3e-05,0.019575
48127,경상남도,창원시 마산회원구,기타 지역,15-19,10-19,아동청소년,23,4,0.826087,39.36,1.7113,0.0,4.92,39.36,0,2.3e-05,0.033987
48127,경상남도,창원시 마산회원구,기타 지역,20-24,20-29,청년,20,6,0.7,42.99,2.1495,0.0,4.595,42.99,0,2.5e-05,0.037121
48127,경상남도,창원시 마산회원구,기타 지역,25-29,20-29,청년,13,0,1.0,0.0,0.0,0.0,,0.0,0,0.0,0.0
48127,경상남도,창원시 마산회원구,기타 지역,30-34,30-39,청년,10,3,0.7,19.72,1.972,0.0,4.0,19.72,0,1.2e-05,0.017028
48127,경상남도,창원시 마산회원구,기타 지역,35-39,30-39,청년,62,11,0.822581,121.6,1.9613,0.0,9.3,121.6,0,7.2e-05,0.105
48127,경상남도,창원시 마산회원구,기타 지역,40-44,40-49,중장년,40,7,0.825,62.55,1.5638,0.0,6.0,62.55,0,3.7e-05,0.054011
48127,경상남도,창원시 마산회원구,기타 지역,45-49,40-49,중장년,40,8,0.8,54.92,1.373,0.0,6.445,54.92,0,3.2e-05,0.047423
48127,경상남도,창원시 마산회원구,기타 지역,50-54,50-59,중장년,25,5,0.8,28.45,1.138,0.0,5.47,28.45,0,1.7e-05,0.024566
48127,경상남도,창원시 마산회원구,기타 지역,55-59,50-59,중장년,18,4,0.777778,19.81,1.1006,0.0,5.095,19.81,0,1.2e-05,0.017106
48127,경상남도,창원시 마산회원구,기타 지역,60-64,60-69,중장년,117,29,0.752137,283.2,2.4205,0.0,5.24,283.2,0,0.000168,0.244541
48127,경상남도,창원시 마산회원구,기타 지역,65-69,60-69,고령,29,5,0.827586,19.05,0.6569,0.0,3.81,19.05,0,1.1e-05,0.016449
48127,경상남도,창원시 마산회원구,기타 지역,70-74,70-79,고령,22,1,0.954545,5.6,0.2545,0.0,5.6,5.6,0,3e-06,0.004836
48127,경상남도,창원시 마산회원구,기타 지역,75-79,70-79,고령,11,1,0.909091,6.0,0.5455,0.0,6.0,6.0,0,4e-06,0.005181
48127,경상남도,창원시 마산회원구,기타 지역,80+,80+,고령,20,0,1.0,0.0,0.0,0.0,,0.0,0,0.0,0.0
48129,경상남도,창원시 진해구,기타 지역,00-09,00-09,아동청소년,13,1,0.923077,7.9,0.6077,0.0,7.9,7.9,0,5e-06,0.006467
48129,경상남도,창원시 진해구,기타 지역,10-14,10-19,아동청소년,21,1,0.952381,5.15,0.2452,0.0,5.15,5.15,0,3e-06,0.004216
48129,경상남도,창원시 진해구,기타 지역,15-19,10-19,아동청소년,16,4,0.75,152.94,9.5588,0.0,8.135,152.94,0,9e-05,0.125193
48129,경상남도,창원시 진해구,기타 지역,20-24,20-29,청년,27,11,0.592593,66.67,2.4693,0.0,6.0,66.67,0,3.9e-05,0.054575
48129,경상남도,창원시 진해구,기타 지역,25-29,20-29,청년,4,2,0.5,9.01,2.2525,2.105,4.505,9.01,0,5e-06,0.007375
48129,경상남도,창원시 진해구,기타 지역,30-34,30-39,청년,16,6,0.625,26.13,1.6331,0.0,4.15,26.13,0,1.5e-05,0.021389
48129,경상남도,창원시 진해구,기타 지역,35-39,30-39,청년,28,6,0.785714,156.52,5.59,0.0,16.135,156.52,0,9.3e-05,0.128124
48129,경상남도,창원시 진해구,기타 지역,40-44,40-49,중장년,29,10,0.655172,125.01,4.3107,0.0,5.1,125.01,0,7.4e-05,0.10233
48129,경상남도,창원시 진해구,기타 지역,45-49,40-49,중장년,30,13,0.566667,102.3,3.41,0.0,6.45,102.3,0,6.1e-05,0.083741
48129,경상남도,창원시 진해구,기타 지역,50-54,50-59,중장년,27,8,0.703704,111.64,4.1348,0.0,7.3,111.64,0,6.6e-05,0.091386
48129,경상남도,창원시 진해구,기타 지역,55-59,50-59,중장년,19,12,0.368421,83.98,4.42,4.0,4.9,83.98,0,5e-05,0.068744
48129,경상남도,창원시 진해구,기타 지역,60-64,60-69,중장년,32,4,0.875,49.87,1.5584,0.0,6.195,49.87,0,3e-05,0.040823
48129,경상남도,창원시 진해구,기타 지역,65-69,60-69,고령,25,11,0.56,57.02,2.2808,0.0,4.0,57.02,0,3.4e-05,0.046675
48129,경상남도,창원시 진해구,기타 지역,70-74,70-79,고령,52,14,0.730769,127.51,2.4521,0.0,6.65,127.51,0,7.5e-05,0.104377
48129,경상남도,창원시 진해구,기타 지역,75-79,70-79,고령,10,1,0.9,129.66,12.966,0.0,129.66,129.66,0,7.7e-05,0.106137
48129,경상남도,창원시 진해구,기타 지역,80+,80+,고령,12,1,0.916667,10.32,0.86,0.0,10.32,10.32,0,6e-06,0.008448
48170,경상남도,진주시,기타 지역,00-09,00-09,아동청소년,8,1,0.875,8.7,1.0875,0.0,8.7,8.7,0,5e-06,0.017991
48170,경상남도,진주시,기타 지역,10-14,10-19,아동청소년,27,4,0.851852,20.24,0.7496,0.0,4.905,20.24,0,1.2e-05,0.041855
48170,경상남도,진주시,기타 지역,15-19,10-19,아동청소년,5,0,1.0,0.0,0.0,0.0,,0.0,0,0.0,0.0
48170,경상남도,진주시,기타 지역,20-24,20-29,청년,32,7,0.78125,54.26,1.6956,0.0,7.0,54.26,0,3.2e-05,0.112207
48170,경상남도,진주시,기타 지역,25-29,20-29,청년,1,0,1.0,0.0,0.0,0.0,,0.0,0,0.0,0.0
48170,경상남도,진주시,기타 지역,30-34,30-39,청년,12,8,0.333333,63.52,5.2933,4.0,4.825,63.52,0,3.8e-05,0.131356
48170,경상남도,진주시,기타 지역,35-39,30-39,청년,21,7,0.666667,95.03,4.5252,0.0,6.53,95.03,0,5.6e-05,0.196518
48170,경상남도,진주시,기타 지역,40-44,40-49,중장년,22,3,0.863636,16.14,0.7336,0.0,5.57,16.14,0,1e-05,0.033377
48170,경상남도,진주시,기타 지역,45-49,40-49,중장년,19,5,0.736842,31.48,1.6568,0.0,6.43,31.48,0,1.9e-05,0.065099
48170,경상남도,진주시,기타 지역,50-54,50-59,중장년,27,8,0.703704,113.92,4.2193,0.0,8.11,113.92,0,6.7e-05,0.235581
48170,경상남도,진주시,기타 지역,55-59,50-59,중장년,11,8,0.272727,34.62,3.1473,3.61,3.905,34.62,0,2e-05,0.071593
48170,경상남도,진주시,기타 지역,60-64,60-69,중장년,12,3,0.75,13.83,1.1525,0.0,4.14,13.83,0,8e-06,0.0286
48170,경상남도,진주시,기타 지역,65-69,60-69,고령,16,4,0.75,21.72,1.3575,0.0,4.37,21.72,0,1.3e-05,0.044916
48170,경상남도,진주시,기타 지역,70-74,70-79,고령,12,2,0.833333,10.11,0.8425,0.0,5.055,10.11,0,6e-06,0.020907
48170,경상남도,진주시,기타 지역,75-79,70-79,고령,3,0,1.0,0.0,0.0,0.0,,0.0,0,0.0,0.0
48170,경상남도,진주시,기타 지역,80+,80+,고령,9,0,1.0,0.0,0.0,0.0,,0.0,0,0.0,0.0
48220,경상남도,통영시,기타 지역,00-09,00-09,아동청소년,23,0,1.0,0.0,0.0,0.0,,0.0,0,0.0,0.0
48220,경상남도,통영시,기타 지역,10-14,10-19,아동청소년,44,5,0.886364,37.83,0.8598,0.0,6.12,37.83,0,2.2e-05,0.009771
48220,경상남도,통영시,기타 지역,15-19,10-19,아동청소년,3,0,1.0,0.0,0.0,0.0,,0.0,0,0.0,0.0
48220,경상남도,통영시,기타 지역,20-24,20-29,청년,19,6,0.684211,259.65,13.6658,0.0,9.175,259.65,0,0.000154,0.067064
48220,경상남도,통영시,기타 지역,25-29,20-29,청년,13,3,0.769231,76.63,5.8946,0.0,5.69,76.63,0,4.5e-05,0.019793
48220,경상남도,통영시,기타 지역,30-34,30-39,청년,10,3,0.7,25.07,2.507,0.0,8.01,25.07,0,1.5e-05,0.006475
48220,경상남도,통영시,기타 지역,35-39,30-39,청년,33,2,0.939394,50.7,1.5364,0.0,25.35,50.7,0,3e-05,0.013095
48220,경상남도,통영시,기타 지역,40-44,40-49,중장년,22,4,0.818182,117.27,5.3305,0.0,24.0,117.27,0,6.9e-05,0.030289
48220,경상남도,통영시,기타 지역,45-49,40-49,중장년,8,1,0.875,3.88,0.485,0.0,3.88,3.88,0,2e-06,0.001002
48220,경상남도,통영시,기타 지역,50-54,50-59,중장년,15,1,0.933333,3.67,0.2447,0.0,3.67,3.67,0,2e-06,0.000948
48220,경상남도,통영시,기타 지역,55-59,50-59,중장년,2,0,1.0,0.0,0.0,0.0,,0.0,0,0.0,0.0
48220,경상남도,통영시,기타 지역,60-64,60-69,중장년,22,5,0.772727,32.03,1.4559,0.0,6.0,32.03,0,1.9e-05,0.008273
48220,경상남도,통영시,기타 지역,65-69,60-69,고령,13,5,0.615385,31.71,2.4392,0.0,4.47,31.71,0,1.9e-05,0.00819
48220,경상남도,통영시,기타 지역,70-74,70-79,고령,7,0,1.0,0.0,0.0,0.0,,0.0,0,0.0,0.0
48220,경상남도,통영시,기타 지역,75-79,70-79,고령,12,3,0.75,3093.21,257.7675,0.0,34.81,3093.21,0,0.00183,0.798936
48220,경상남도,통영시,기타 지역,80+,80+,고령,15,1,0.933333,140.01,9.334,0.0,140.01,140.01,0,8.3e-05,0.036163
48240,경상남도,사천시,기타 지역,00-09,00-09,아동청소년,14,0,1.0,0.0,0.0,0.0,,0.0,0,0.0,0.0
48240,경상남도,사천시,기타 지역,10-14,10-19,아동청소년,9,0,1.0,0.0,0.0,0.0,,0.0,0,0.0,0.0
48240,경상남도,사천시,기타 지역,15-19,10-19,아동청소년,14,1,0.928571,6.19,0.4421,0.0,6.19,6.19,0,4e-06,0.022966
48240,경상남도,사천시,기타 지역,20-24,20-29,청년,22,4,0.818182,33.1,1.5045,0.0,6.295,33.1,0,2e-05,0.122806
48240,경상남도,사천시,기타 지역,25-29,20-29,청년,2,0,1.0,0.0,0.0,0.0,,0.0,0,0.0,0.0
48240,경상남도,사천시,기타 지역,30-34,30-39,청년,16,1,0.9375,4.26,0.2662,0.0,4.26,4.26,0,3e-06,0.015805
48240,경상남도,사천시,기타 지역,35-39,30-39,청년,21,2,0.904762,55.28,2.6324,0.0,27.64,55.28,0,3.3e-05,0.205098
48240,경상남도,사천시,기타 지역,40-44,40-49,중장년,32,6,0.8125,31.24,0.9762,0.0,4.025,31.24,0,1.8e-05,0.115905
48240,경상남도,사천시,기타 지역,45-49,40-49,중장년,9,2,0.777778,21.0,2.3333,0.0,10.5,21.0,0,1.2e-05,0.077913
48240,경상남도,사천시,기타 지역,50-54,50-59,중장년,27,3,0.888889,27.29,1.0107,0.0,8.56,27.29,0,1.6e-05,0.10125
48240,경상남도,사천시,기타 지역,55-59,50-59,중장년,12,5,0.583333,52.05,4.3375,0.0,6.0,52.05,0,3.1e-05,0.193114
48240,경상남도,사천시,기타 지역,60-64,60-69,중장년,20,1,0.95,4.33,0.2165,0.0,4.33,4.33,0,3e-06,0.016065
48240,경상남도,사천시,기타 지역,65-69,60-69,고령,4,1,0.75,6.0,1.5,0.0,6.0,6.0,0,4e-06,0.022261
48240,경상남도,사천시,기타 지역,70-74,70-79,고령,7,0,1.0,0.0,0.0,0.0,,0.0,0,0.0,0.0
48240,경상남도,사천시,기타 지역,75-79,70-79,고령,6,2,0.666667,24.79,4.1317,0.0,12.395,24.79,0,1.5e-05,0.091975
48240,경상남도,사천시,기타 지역,80+,80+,고령,18,1,0.944444,4.0,0.2222,0.0,4.0,4.0,0,2e-06,0.014841
48250,경상남도,김해시,기타 지역,00-09,00-09,아동청소년,20,8,0.6,88.65,4.4325,0.0,9.835,88.65,0,5.2e-05,0.030615
48250,경상남도,김해시,기타 지역,10-14,10-19,아동청소년,14,6,0.571429,63.1,4.5071,0.0,11.68,63.1,0,3.7e-05,0.021791
48250,경상남도,김해시,기타 지역,15-19,10-19,아동청소년,12,4,0.666667,22.9,1.9083,0.0,5.34,22.9,0,1.4e-05,0.007908
48250,경상남도,김해시,기타 지역,20-24,20-29,청년,33,18,0.454545,144.3,4.3727,3.86,5.79,144.3,0,8.5e-05,0.049833
48250,경상남도,김해시,기타 지역,25-29,20-29,청년,20,16,0.2,182.48,9.124,5.825,7.265,182.48,0,0.000108,0.063018
48250,경상남도,김해시,기타 지역,30-34,30-39,청년,26,14,0.461538,120.26,4.6254,3.81,5.965,120.26,0,7.1e-05,0.041531
48250,경상남도,김해시,기타 지역,35-39,30-39,청년,22,14,0.363636,176.36,8.0164,4.09,6.26,176.36,0,0.000104,0.060905
48250,경상남도,김해시,기타 지역,40-44,40-49,중장년,41,20,0.512195,1014.61,24.7466,0.0,7.94,1014.61,0,0.0006,0.35039
48250,경상남도,김해시,기타 지역,45-49,40-49,중장년,19,12,0.368421,132.04,6.9495,6.73,8.175,132.04,0,7.8e-05,0.045599
48250,경상남도,김해시,기타 지역,50-54,50-59,중장년,24,10,0.583333,88.97,3.7071,0.0,6.72,88.97,0,5.3e-05,0.030725
48250,경상남도,김해시,기타 지역,55-59,50-59,중장년,10,6,0.4,45.46,4.546,3.71,6.68,45.46,0,2.7e-05,0.015699
48250,경상남도,김해시,기타 지역,60-64,60-69,중장년,21,11,0.47619,139.31,6.6338,3.07,6.32,139.31,0,8.2e-05,0.04811
48250,경상남도,김해시,기타 지역,65-69,60-69,고령,55,28,0.490909,201.55,3.6645,3.0,4.16,201.55,0,0.000119,0.069604
48250,경상남도,김해시,기타 지역,70-74,70-79,고령,14,5,0.642857,67.43,4.8164,0.0,13.19,67.43,0,4e-05,0.023287
48250,경상남도,김해시,기타 지역,75-79,70-79,고령,19,6,0.684211,107.36,5.6505,0.0,13.055,107.36,0,6.4e-05,0.037076
48250,경상남도,김해시,기타 지역,80+,80+,고령,13,2,0.846154,300.88,23.1446,0.0,150.44,300.88,0,0.000178,0.103907
48270,경상남도,밀양시,기타 지역,00-09,00-09,아동청소년,14,1,0.928571,6.78,0.4843,0.0,6.78,6.78,0,4e-06,0.000847
48270,경상남도,밀양시,기타 지역,10-14,10-19,아동청소년,12,3,0.75,310.81,25.9008,0.0,10.24,310.81,0,0.000184,0.03882
48270,경상남도,밀양시,기타 지역,15-19,10-19,아동청소년,8,1,0.875,8.0,1.0,0.0,8.0,8.0,0,5e-06,0.000999
48270,경상남도,밀양시,기타 지역,20-24,20-29,청년,34,10,0.705882,114.83,3.3774,0.0,10.67,114.83,0,6.8e-05,0.014342
48270,경상남도,밀양시,기타 지역,25-29,20-29,청년,28,7,0.75,130.49,4.6604,0.0,7.9,130.49,0,7.7e-05,0.016298
48270,경상남도,밀양시,기타 지역,30-34,30-39,청년,11,1,0.909091,13.09,1.19,0.0,13.09,13.09,0,8e-06,0.001635
48270,경상남도,밀양시,기타 지역,35-39,30-39,청년,46,15,0.673913,3304.42,71.8352,0.0,8.19,3304.42,0,0.001955,0.412715
48270,경상남도,밀양시,기타 지역,40-44,40-49,중장년,23,3,0.869565,936.82,40.7313,0.0,6.28,936.82,0,0.000554,0.117007
48270,경상남도,밀양시,기타 지역,45-49,40-49,중장년,30,10,0.666667,140.46,4.682,0.0,9.855,140.46,0,8.3e-05,0.017543
48270,경상남도,밀양시,기타 지역,50-54,50-59,중장년,17,5,0.705882,24.92,1.4659,0.0,4.0,24.92,0,1.5e-05,0.003112
48270,경상남도,밀양시,기타 지역,55-59,50-59,중장년,14,4,0.714286,2911.5,207.9643,0.0,5.365,2911.5,0,0.001723,0.36364
48270,경상남도,밀양시,기타 지역,60-64,60-69,중장년,4,0,1.0,0.0,0.0,0.0,,0.0,0,0.0,0.0
48270,경상남도,밀양시,기타 지역,65-69,60-69,고령,29,4,0.862069,29.17,1.0059,0.0,6.2,29.17,0,1.7e-05,0.003643
48270,경상남도,밀양시,기타 지역,70-74,70-79,고령,22,5,0.772727,34.28,1.5582,0.0,6.92,34.28,0,2e-05,0.004281
48270,경상남도,밀양시,기타 지역,75-79,70-79,고령,6,3,0.5,24.77,4.1283,2.61,8.14,24.77,0,1.5e-05,0.003094
48270,경상남도,밀양시,기타 지역,80+,80+,고령,17,1,0.941176,16.2,0.9529,0.0,16.2,16.2,0,1e-05,0.002023
48310,경상남도,거제시,기타 지역,00-09,00-09,아동청소년,14,0,1.0,0.0,0.0,0.0,,0.0,0,0.0,0.0
48310,경상남도,거제시,기타 지역,10-14,10-19,아동청소년,24,5,0.791667,32.43,1.3512,0.0,4.08,32.43,0,1.9e-05,0.108053
48310,경상남도,거제시,기타 지역,15-19,10-19,아동청소년,7,0,1.0,0.0,0.0,0.0,,0.0,0,0.0,0.0
48310,경상남도,거제시,기타 지역,20-24,20-29,청년,6,3,0.5,25.24,4.2067,1.835,9.57,25.24,0,1.5e-05,0.084097
48310,경상남도,거제시,기타 지역,25-29,20-29,청년,1,0,1.0,0.0,0.0,0.0,,0.0,0,0.0,0.0
48310,경상남도,거제시,기타 지역,30-34,30-39,청년,18,2,0.888889,10.0,0.5556,0.0,5.0,10.0,0,6e-06,0.033319
48310,경상남도,거제시,기타 지역,35-39,30-39,청년,20,4,0.8,23.1,1.155,0.0,5.84,23.1,0,1.4e-05,0.076967
48310,경상남도,거제시,기타 지역,40-44,40-49,중장년,25,2,0.92,7.3,0.292,0.0,3.65,7.3,0,4e-06,0.024323
48310,경상남도,거제시,기타 지역,45-49,40-49,중장년,14,1,0.928571,7.06,0.5043,0.0,7.06,7.06,0,4e-06,0.023523
48310,경상남도,거제시,기타 지역,50-54,50-59,중장년,12,4,0.666667,71.55,5.9625,0.0,8.58,71.55,0,4.2e-05,0.238397
48310,경상남도,거제시,기타 지역,55-59,50-59,중장년,8,5,0.375,24.47,3.0588,3.82,5.33,24.47,0,1.4e-05,0.081531
48310,경상남도,거제시,기타 지역,60-64,60-69,중장년,18,4,0.777778,25.24,1.4022,0.0,4.835,25.24,0,1.5e-05,0.084097
48310,경상남도,거제시,기타 지역,65-69,60-69,고령,12,3,0.75,38.34,3.195,0.0,6.05,38.34,0,2.3e-05,0.127745
48310,경상남도,거제시,기타 지역,70-74,70-79,고령,14,1,0.928571,4.51,0.3221,0.0,4.51,4.51,0,3e-06,0.015027
48310,경상남도,거제시,기타 지역,75-79,70-79,고령,19,1,0.947368,23.75,1.25,0.0,23.75,23.75,0,1.4e-05,0.079132
48310,경상남도,거제시,기타 지역,80+,80+,고령,32,2,0.9375,7.14,0.2231,0.0,3.57,7.14,0,4e-06,0.02379
48330,경상남도,양산시,기타 지역,00-09,00-09,아동청소년,25,7,0.72,69.51,2.7804,0.0,8.47,69.51,0,4.1e-05,0.056199
48330,경상남도,양산시,기타 지역,10-14,10-19,아동청소년,32,8,0.75,50.42,1.5756,0.0,4.505,50.42,0,3e-05,0.040765
48330,경상남도,양산시,기타 지역,15-19,10-19,아동청소년,21,6,0.714286,45.87,2.1843,0.0,7.15,45.87,0,2.7e-05,0.037086
48330,경상남도,양산시,기타 지역,20-24,20-29,청년,34,17,0.5,88.44,2.6012,1.55,4.6,88.44,0,5.2e-05,0.071504
48330,경상남도,양산시,기타 지역,25-29,20-29,청년,15,5,0.666667,25.95,1.73,0.0,4.46,25.95,0,1.5e-05,0.020981
48330,경상남도,양산시,기타 지역,30-34,30-39,청년,25,9,0.64,62.41,2.4964,0.0,5.41,62.41,0,3.7e-05,0.050459
48330,경상남도,양산시,기타 지역,35-39,30-39,청년,28,9,0.678571,119.23,4.2582,0.0,4.49,119.23,0,7.1e-05,0.096398
48330,경상남도,양산시,기타 지역,40-44,40-49,중장년,69,33,0.521739,211.72,3.0684,0.0,4.61,211.72,0,0.000125,0.171177
48330,경상남도,양산시,기타 지역,45-49,40-49,중장년,66,25,0.621212,161.13,2.4414,0.0,6.31,161.13,0,9.5e-05,0.130274
48330,경상남도,양산시,기타 지역,50-54,50-59,중장년,26,9,0.653846,90.75,3.4904,0.0,8.0,90.75,0,5.4e-05,0.073372
48330,경상남도,양산시,기타 지역,55-59,50-59,중장년,29,16,0.448276,87.06,3.0021,3.44,4.04,87.06,0,5.2e-05,0.070388
48330,경상남도,양산시,기타 지역,60-64,60-69,중장년,13,4,0.692308,63.09,4.8531,0.0,7.455,63.09,0,3.7e-05,0.051009
48330,경상남도,양산시,기타 지역,65-69,60-69,고령,24,8,0.666667,79.25,3.3021,0.0,6.3,79.25,0,4.7e-05,0.064074
48330,경상남도,양산시,기타 지역,70-74,70-79,고령,31,5,0.83871,38.8,1.2516,0.0,6.71,38.8,0,2.3e-05,0.03137
48330,경상남도,양산시,기타 지역,75-79,70-79,고령,16,4,0.75,43.22,2.7012,0.0,9.14,43.22,0,2.6e-05,0.034944
48330,경상남도,양산시,기타 지역,80+,80+,고령,3,0,1.0,0.0,0.0,0.0,,0.0,0,0.0,0.0
48720,경상남도,의령군,기타 지역,00-09,00-09,아동청소년,20,3,0.85,36.33,1.8165,0.0,13.07,36.33,0,2.1e-05,0.224079
48720,경상남도,의령군,기타 지역,10-14,10-19,아동청소년,15,1,0.933333,3.06,0.204,0.0,3.06,3.06,0,2e-06,0.018874
48720,경상남도,의령군,기타 지역,15-19,10-19,아동청소년,12,1,0.916667,6.06,0.505,0.0,6.06,6.06,0,4e-06,0.037377
48720,경상남도,의령군,기타 지역,20-24,20-29,청년,8,0,1.0,0.0,0.0,0.0,,0.0,0,0.0,0.0
48720,경상남도,의령군,기타 지역,25-29,20-29,청년,14,2,0.857143,8.0,0.5714,0.0,4.0,8.0,0,5e-06,0.049343
48720,경상남도,의령군,기타 지역,30-34,30-39,청년,26,4,0.846154,16.16,0.6215,0.0,4.0,16.16,0,1e-05,0.099673
48720,경상남도,의령군,기타 지역,35-39,30-39,청년,28,3,0.892857,36.68,1.31,0.0,11.73,36.68,0,2.2e-05,0.226238
48720,경상남도,의령군,기타 지역,40-44,40-49,중장년,27,4,0.851852,18.95,0.7019,0.0,4.69,18.95,0,1.1e-05,0.116882
48720,경상남도,의령군,기타 지역,45-49,40-49,중장년,11,0,1.0,0.0,0.0,0.0,,0.0,0,0.0,0.0
48720,경상남도,의령군,기타 지역,50-54,50-59,중장년,12,1,0.916667,3.35,0.2792,0.0,3.35,3.35,0,2e-06,0.020662
48720,경상남도,의령군,기타 지역,55-59,50-59,중장년,16,4,0.75,23.3,1.4562,0.0,5.87,23.3,0,1.4e-05,0.143712
48720,경상남도,의령군,기타 지역,60-64,60-69,중장년,23,2,0.913043,10.24,0.4452,0.0,5.12,10.24,0,6e-06,0.063159
48720,경상남도,의령군,기타 지역,65-69,60-69,고령,6,0,1.0,0.0,0.0,0.0,,0.0,0,0.0,0.0
48720,경상남도,의령군,기타 지역,70-74,70-79,고령,8,0,1.0,0.0,0.0,0.0,,0.0,0,0.0,0.0
48720,경상남도,의령군,기타 지역,75-79,70-79,고령,2,0,1.0,0.0,0.0,0.0,,0.0,0,0.0,0.0
48720,경상남도,의령군,기타 지역,80+,80+,고령,13,0,1.0,0.0,0.0,0.0,,0.0,0,0.0,0.0
48730,경상남도,함안군,기타 지역,00-09,00-09,아동청소년,26,1,0.961538,6.29,0.2419,0.0,6.29,6.29,0,4e-06,0.018327
48730,경상남도,함안군,기타 지역,10-14,10-19,아동청소년,21,3,0.857143,14.85,0.7071,0.0,4.97,14.85,0,9e-06,0.043268
48730,경상남도,함안군,기타 지역,15-19,10-19,아동청소년,13,2,0.846154,11.99,0.9223,0.0,5.995,11.99,0,7e-06,0.034935
48730,경상남도,함안군,기타 지역,20-24,20-29,청년,12,4,0.666667,19.55,1.6292,0.0,4.61,19.55,0,1.2e-05,0.056962
48730,경상남도,함안군,기타 지역,25-29,20-29,청년,12,2,0.833333,18.54,1.545,0.0,9.27,18.54,0,1.1e-05,0.054019
48730,경상남도,함안군,기타 지역,30-34,30-39,청년,27,5,0.814815,25.02,0.9267,0.0,4.72,25.02,0,1.5e-05,0.0729
48730,경상남도,함안군,기타 지역,35-39,30-39,청년,27,4,0.851852,93.5,3.463,0.0,21.055,93.5,0,5.5e-05,0.272428
48730,경상남도,함안군,기타 지역,40-44,40-49,중장년,13,4,0.692308,39.19,3.0146,0.0,9.345,39.19,0,2.3e-05,0.114187
48730,경상남도,함안군,기타 지역,45-49,40-49,중장년,30,4,0.866667,24.35,0.8117,0.0,5.34,24.35,0,1.4e-05,0.070948
48730,경상남도,함안군,기타 지역,50-54,50-59,중장년,21,2,0.904762,12.52,0.5962,0.0,6.26,12.52,0,7e-06,0.036479
48730,경상남도,함안군,기타 지역,55-59,50-59,중장년,9,0,1.0,0.0,0.0,0.0,,0.0,0,0.0,0.0
48730,경상남도,함안군,기타 지역,60-64,60-69,중장년,32,5,0.84375,41.16,1.2862,0.0,4.5,41.16,0,2.4e-05,0.119927
48730,경상남도,함안군,기타 지역,65-69,60-69,고령,5,0,1.0,0.0,0.0,0.0,,0.0,0,0.0,0.0
48730,경상남도,함안군,기타 지역,70-74,70-79,고령,14,2,0.857143,36.25,2.5893,0.0,18.125,36.25,0,2.1e-05,0.10562
48730,경상남도,함안군,기타 지역,75-79,70-79,고령,12,0,1.0,0.0,0.0,0.0,,0.0,0,0.0,0.0
48730,경상남도,함안군,기타 지역,80+,80+,고령,22,0,1.0,0.0,0.0,0.0,,0.0,0,0.0,0.0
48740,경상남도,창녕군,기타 지역,00-09,00-09,아동청소년,10,0,1.0,0.0,0.0,0.0,,0.0,0,0.0,0.0
48740,경상남도,창녕군,기타 지역,10-14,10-19,아동청소년,20,1,0.95,35.39,1.7695,0.0,35.39,35.39,0,2.1e-05,0.102636
48740,경상남도,창녕군,기타 지역,15-19,10-19,아동청소년,4,0,1.0,0.0,0.0,0.0,,0.0,0,0.0,0.0
48740,경상남도,창녕군,기타 지역,20-24,20-29,청년,10,2,0.8,8.0,0.8,0.0,4.0,8.0,0,5e-06,0.023201
48740,경상남도,창녕군,기타 지역,25-29,20-29,청년,7,2,0.714286,10.0,1.4286,0.0,5.0,10.0,0,6e-06,0.029001
48740,경상남도,창녕군,기타 지역,30-34,30-39,청년,22,2,0.909091,7.04,0.32,0.0,3.52,7.04,0,4e-06,0.020417
48740,경상남도,창녕군,기타 지역,35-39,30-39,청년,23,4,0.826087,29.26,1.2722,0.0,5.405,29.26,0,1.7e-05,0.084858
48740,경상남도,창녕군,기타 지역,40-44,40-49,중장년,21,4,0.809524,28.73,1.3681,0.0,7.275,28.73,0,1.7e-05,0.083321
48740,경상남도,창녕군,기타 지역,45-49,40-49,중장년,24,4,0.833333,31.21,1.3004,0.0,8.075,31.21,0,1.8e-05,0.090514
48740,경상남도,창녕군,기타 지역,50-54,50-59,중장년,19,5,0.736842,39.97,2.1037,0.0,6.16,39.97,0,2.4e-05,0.115919
48740,경상남도,창녕군,기타 지역,55-59,50-59,중장년,18,1,0.944444,4.0,0.2222,0.0,4.0,4.0,0,2e-06,0.011601
48740,경상남도,창녕군,기타 지역,60-64,60-69,중장년,38,4,0.894737,44.41,1.1687,0.0,5.795,44.41,0,2.6e-05,0.128796
48740,경상남도,창녕군,기타 지역,65-69,60-69,고령,8,3,0.625,12.15,1.5188,0.0,3.41,12.15,0,7e-06,0.035237
48740,경상남도,창녕군,기타 지역,70-74,70-79,고령,18,4,0.777778,52.46,2.9144,0.0,4.855,52.46,0,3.1e-05,0.152142
48740,경상남도,창녕군,기타 지역,75-79,70-79,고령,6,0,1.0,0.0,0.0,0.0,,0.0,0,0.0,0.0
48740,경상남도,창녕군,기타 지역,80+,80+,고령,27,3,0.888889,42.19,1.5626,0.0,6.1,42.19,0,2.5e-05,0.122357
48820,경상남도,고성군,기타 지역,00-09,00-09,아동청소년,10,0,1.0,0.0,0.0,0.0,,0.0,0,0.0,0.0
48820,경상남도,고성군,기타 지역,10-14,10-19,아동청소년,29,0,1.0,0.0,0.0,0.0,,0.0,0,0.0,0.0
48820,경상남도,고성군,기타 지역,15-19,10-19,아동청소년,5,1,0.8,2902.28,580.456,0.0,2902.28,2902.28,0,0.001717,0.909558
48820,경상남도,고성군,기타 지역,20-24,20-29,청년,27,4,0.851852,82.06,3.0393,0.0,22.01,82.06,0,4.9e-05,0.025717
48820,경상남도,고성군,기타 지역,25-29,20-29,청년,17,3,0.823529,24.26,1.4271,0.0,6.3,24.26,0,1.4e-05,0.007603
48820,경상남도,고성군,기타 지역,30-34,30-39,청년,23,2,0.913043,7.85,0.3413,0.0,3.925,7.85,0,5e-06,0.00246
48820,경상남도,고성군,기타 지역,35-39,30-39,청년,18,2,0.888889,30.15,1.675,0.0,15.075,30.15,0,1.8e-05,0.009449
48820,경상남도,고성군,기타 지역,40-44,40-49,중장년,22,4,0.818182,26.12,1.1873,0.0,7.06,26.12,0,1.5e-05,0.008186
48820,경상남도,고성군,기타 지역,45-49,40-49,중장년,37,4,0.891892,24.41,0.6597,0.0,5.585,24.41,0,1.4e-05,0.00765
48820,경상남도,고성군,기타 지역,50-54,50-59,중장년,21,0,1.0,0.0,0.0,0.0,,0.0,0,0.0,0.0
48820,경상남도,고성군,기타 지역,55-59,50-59,중장년,2,0,1.0,0.0,0.0,0.0,,0.0,0,0.0,0.0
48820,경상남도,고성군,기타 지역,60-64,60-69,중장년,11,0,1.0,0.0,0.0,0.0,,0.0,0,0.0,0.0
48820,경상남도,고성군,기타 지역,65-69,60-69,고령,11,2,0.818182,17.49,1.59,0.0,8.745,17.49,0,1e-05,0.005481
48820,경상남도,고성군,기타 지역,70-74,70-79,고령,18,1,0.944444,71.14,3.9522,0.0,71.14,71.14,0,4.2e-05,0.022295
48820,경상남도,고성군,기타 지역,75-79,70-79,고령,5,0,1.0,0.0,0.0,0.0,,0.0,0,0.0,0.0
48820,경상남도,고성군,기타 지역,80+,80+,고령,18,1,0.944444,5.11,0.2839,0.0,5.11,5.11,0,3e-06,0.001601
48840,경상남도,남해군,기타 지역,00-09,00-09,아동청소년,31,2,0.935484,15.55,0.5016,0.0,7.775,15.55,0,9e-06,0.002265
48840,경상남도,남해군,기타 지역,10-14,10-19,아동청소년,57,6,0.894737,56.43,0.99,0.0,8.18,56.43,0,3.3e-05,0.008219
48840,경상남도,남해군,기타 지역,15-19,10-19,아동청소년,35,4,0.885714,1348.78,38.5366,0.0,11.335,1348.78,0,0.000798,0.19646
48840,경상남도,남해군,기타 지역,20-24,20-29,청년,37,3,0.918919,27.36,0.7395,0.0,5.29,27.36,0,1.6e-05,0.003985
48840,경상남도,남해군,기타 지역,25-29,20-29,청년,19,1,0.947368,5.0,0.2632,0.0,5.0,5.0,0,3e-06,0.000728
48840,경상남도,남해군,기타 지역,30-34,30-39,청년,50,10,0.8,97.06,1.9412,0.0,5.835,97.06,0,5.7e-05,0.014137
48840,경상남도,남해군,기타 지역,35-39,30-39,청년,71,13,0.816901,213.31,3.0044,0.0,6.43,213.31,0,0.000126,0.03107
48840,경상남도,남해군,기타 지역,40-44,40-49,중장년,26,3,0.884615,17.61,0.6773,0.0,5.11,17.61,0,1e-05,0.002565
48840,경상남도,남해군,기타 지역,45-49,40-49,중장년,42,7,0.833333,43.96,1.0467,0.0,5.14,43.96,0,2.6e-05,0.006403
48840,경상남도,남해군,기타 지역,50-54,50-59,중장년,58,9,0.844828,85.45,1.4733,0.0,8.0,85.45,0,5.1e-05,0.012446
48840,경상남도,남해군,기타 지역,55-59,50-59,중장년,48,8,0.833333,49.71,1.0356,0.0,6.395,49.71,0,2.9e-05,0.007241
48840,경상남도,남해군,기타 지역,60-64,60-69,중장년,29,5,0.827586,106.75,3.681,0.0,5.69,106.75,0,6.3e-05,0.015549
48840,경상남도,남해군,기타 지역,65-69,60-69,고령,77,10,0.87013,78.31,1.017,0.0,6.19,78.31,0,4.6e-05,0.011406
48840,경상남도,남해군,기타 지역,70-74,70-79,고령,9,1,0.888889,3169.95,352.2167,0.0,3169.95,3169.95,0,0.001876,0.461726
48840,경상남도,남해군,기타 지역,75-79,70-79,고령,19,0,1.0,0.0,0.0,0.0,,0.0,0,0.0,0.0
48840,경상남도,남해군,기타 지역,80+,80+,고령,56,2,0.964286,1550.2,27.6821,0.0,775.1,1550.2,0,0.000917,0.225798
48850,경상남도,하동군,기타 지역,00-09,00-09,아동청소년,28,1,0.964286,8.32,0.2971,0.0,8.32,8.32,0,5e-06,0.010139
48850,경상남도,하동군,기타 지역,10-14,10-19,아동청소년,37,0,1.0,0.0,0.0,0.0,,0.0,0,0.0,0.0
48850,경상남도,하동군,기타 지역,15-19,10-19,아동청소년,29,1,0.965517,545.66,18.8159,0.0,545.66,545.66,0,0.000323,0.664977
48850,경상남도,하동군,기타 지역,20-24,20-29,청년,33,1,0.969697,4.26,0.1291,0.0,4.26,4.26,0,3e-06,0.005192
48850,경상남도,하동군,기타 지역,25-29,20-29,청년,14,1,0.928571,3.0,0.2143,0.0,3.0,3.0,0,2e-06,0.003656
48850,경상남도,하동군,기타 지역,30-34,30-39,청년,11,0,1.0,0.0,0.0,0.0,,0.0,0,0.0,0.0
48850,경상남도,하동군,기타 지역,35-39,30-39,청년,23,2,0.913043,8.08,0.3513,0.0,4.04,8.08,0,5e-06,0.009847
48850,경상남도,하동군,기타 지역,40-44,40-49,중장년,24,2,0.916667,10.16,0.4233,0.0,5.08,10.16,0,6e-06,0.012382
48850,경상남도,하동군,기타 지역,45-49,40-49,중장년,25,6,0.76,27.74,1.1096,0.0,3.885,27.74,0,1.6e-05,0.033806
48850,경상남도,하동군,기타 지역,50-54,50-59,중장년,33,2,0.939394,18.71,0.567,0.0,9.355,18.71,0,1.1e-05,0.022801
48850,경상남도,하동군,기타 지역,55-59,50-59,중장년,12,5,0.583333,33.03,2.7525,0.0,6.97,33.03,0,2e-05,0.040253
48850,경상남도,하동군,기타 지역,60-64,60-69,중장년,18,2,0.888889,9.46,0.5256,0.0,4.73,9.46,0,6e-06,0.011529
48850,경상남도,하동군,기타 지역,65-69,60-69,고령,8,0,1.0,0.0,0.0,0.0,,0.0,0,0.0,0.0
48850,경상남도,하동군,기타 지역,70-74,70-79,고령,24,1,0.958333,146.75,6.1146,0.0,146.75,146.75,0,8.7e-05,0.178839
48850,경상남도,하동군,기타 지역,75-79,70-79,고령,14,1,0.928571,5.4,0.3857,0.0,5.4,5.4,0,3e-06,0.006581
48850,경상남도,하동군,기타 지역,80+,80+,고령,16,0,1.0,0.0,0.0,0.0,,0.0,0,0.0,0.0
48860,경상남도,산청군,기타 지역,00-09,00-09,아동청소년,24,0,1.0,0.0,0.0,0.0,,0.0,0,0.0,0.0
48860,경상남도,산청군,기타 지역,10-14,10-19,아동청소년,14,1,0.928571,3.23,0.2307,0.0,3.23,3.23,0,2e-06,0.019266
48860,경상남도,산청군,기타 지역,15-19,10-19,아동청소년,1,0,1.0,0.0,0.0,0.0,,0.0,0,0.0,0.0
48860,경상남도,산청군,기타 지역,20-24,20-29,청년,27,5,0.814815,33.32,1.2341,0.0,4.06,33.32,0,2e-05,0.198747
48860,경상남도,산청군,기타 지역,25-29,20-29,청년,6,2,0.666667,9.41,1.5683,0.0,4.705,9.41,0,6e-06,0.056129
48860,경상남도,산청군,기타 지역,30-34,30-39,청년,15,1,0.933333,8.2,0.5467,0.0,8.2,8.2,0,5e-06,0.048911
48860,경상남도,산청군,기타 지역,35-39,30-39,청년,11,0,1.0,0.0,0.0,0.0,,0.0,0,0.0,0.0
48860,경상남도,산청군,기타 지역,40-44,40-49,중장년,14,3,0.785714,16.88,1.2057,0.0,4.0,16.88,0,1e-05,0.100686
48860,경상남도,산청군,기타 지역,45-49,40-49,중장년,17,3,0.823529,17.97,1.0571,0.0,6.64,17.97,0,1.1e-05,0.107188
48860,경상남도,산청군,기타 지역,50-54,50-59,중장년,3,0,1.0,0.0,0.0,0.0,,0.0,0,0.0,0.0
48860,경상남도,산청군,기타 지역,55-59,50-59,중장년,6,2,0.666667,9.37,1.5617,0.0,4.685,9.37,0,6e-06,0.05589
48860,경상남도,산청군,기타 지역,60-64,60-69,중장년,17,5,0.705882,43.81,2.5771,0.0,5.54,43.81,0,2.6e-05,0.261318
48860,경상남도,산청군,기타 지역,65-69,60-69,고령,2,0,1.0,0.0,0.0,0.0,,0.0,0,0.0,0.0
48860,경상남도,산청군,기타 지역,70-74,70-79,고령,8,2,0.75,8.17,1.0212,0.0,4.085,8.17,0,5e-06,0.048732
48860,경상남도,산청군,기타 지역,75-79,70-79,고령,7,2,0.714286,6.8,0.9714,0.0,3.4,6.8,0,4e-06,0.040561
48860,경상남도,산청군,기타 지역,80+,80+,고령,9,1,0.888889,10.49,1.1656,0.0,10.49,10.49,0,6e-06,0.062571
48870,경상남도,함양군,기타 지역,00-09,00-09,아동청소년,19,0,1.0,0.0,0.0,0.0,,0.0,0,0.0,0.0
48870,경상남도,함양군,기타 지역,10-14,10-19,아동청소년,35,4,0.885714,36.31,1.0374,0.0,9.64,36.31,0,2.1e-05,0.012041
48870,경상남도,함양군,기타 지역,15-19,10-19,아동청소년,26,2,0.923077,71.23,2.7396,0.0,35.615,71.23,0,4.2e-05,0.023621
48870,경상남도,함양군,기타 지역,20-24,20-29,청년,9,1,0.888889,18.52,2.0578,0.0,18.52,18.52,0,1.1e-05,0.006142
48870,경상남도,함양군,기타 지역,25-29,20-29,청년,13,1,0.923077,4.99,0.3838,0.0,4.99,4.99,0,3e-06,0.001655
48870,경상남도,함양군,기타 지역,30-34,30-39,청년,48,2,0.958333,19.27,0.4015,0.0,9.635,19.27,0,1.1e-05,0.00639
48870,경상남도,함양군,기타 지역,35-39,30-39,청년,50,10,0.8,2756.42,55.1284,0.0,6.14,2756.42,0,0.001631,0.914087
48870,경상남도,함양군,기타 지역,40-44,40-49,중장년,17,2,0.882353,10.22,0.6012,0.0,5.11,10.22,0,6e-06,0.003389
48870,경상남도,함양군,기타 지역,45-49,40-49,중장년,37,7,0.810811,32.72,0.8843,0.0,4.0,32.72,0,1.9e-05,0.010851
48870,경상남도,함양군,기타 지역,50-54,50-59,중장년,16,0,1.0,0.0,0.0,0.0,,0.0,0,0.0,0.0
48870,경상남도,함양군,기타 지역,55-59,50-59,중장년,17,6,0.647059,41.09,2.4171,0.0,6.655,41.09,0,2.4e-05,0.013626
48870,경상남도,함양군,기타 지역,60-64,60-69,중장년,13,0,1.0,0.0,0.0,0.0,,0.0,0,0.0,0.0
48870,경상남도,함양군,기타 지역,65-69,60-69,고령,33,4,0.878788,17.02,0.5158,0.0,4.215,17.02,0,1e-05,0.005644
48870,경상남도,함양군,기타 지역,70-74,70-79,고령,43,1,0.976744,4.0,0.093,0.0,4.0,4.0,0,2e-06,0.001326
48870,경상남도,함양군,기타 지역,75-79,70-79,고령,25,1,0.96,3.7,0.148,0.0,3.7,3.7,0,2e-06,0.001227
48870,경상남도,함양군,기타 지역,80+,80+,고령,20,0,1.0,0.0,0.0,0.0,,0.0,0,0.0,0.0
48880,경상남도,거창군,김천 인접 시군,00-09,00-09,아동청소년,5,1,0.8,7.48,1.496,0.0,7.48,7.48,0,4e-06,0.014099
48880,경상남도,거창군,김천 인접 시군,10-14,10-19,아동청소년,18,3,0.833333,61.84,3.4356,0.0,15.2,61.84,0,3.7e-05,0.116565
48880,경상남도,거창군,김천 인접 시군,15-19,10-19,아동청소년,3,0,1.0,0.0,0.0,0.0,,0.0,0,0.0,0.0
48880,경상남도,거창군,김천 인접 시군,20-24,20-29,청년,6,3,0.5,55.04,9.1733,4.57,16.71,55.04,0,3.3e-05,0.103747
48880,경상남도,거창군,김천 인접 시군,25-29,20-29,청년,5,1,0.8,3.55,0.71,0.0,3.55,3.55,0,2e-06,0.006692
48880,경상남도,거창군,김천 인접 시군,30-34,30-39,청년,12,4,0.666667,42.32,3.5267,0.0,6.79,42.32,0,2.5e-05,0.079771
48880,경상남도,거창군,김천 인접 시군,35-39,30-39,청년,12,5,0.583333,37.14,3.095,0.0,8.32,37.14,0,2.2e-05,0.070007
48880,경상남도,거창군,김천 인접 시군,40-44,40-49,중장년,29,10,0.655172,64.56,2.2262,0.0,6.815,64.56,0,3.8e-05,0.121692
48880,경상남도,거창군,김천 인접 시군,45-49,40-49,중장년,23,14,0.391304,101.05,4.3935,4.32,7.36,101.05,0,6e-05,0.190473
48880,경상남도,거창군,김천 인접 시군,50-54,50-59,중장년,7,3,0.571429,60.09,8.5843,0.0,9.62,60.09,0,3.6e-05,0.113266
48880,경상남도,거창군,김천 인접 시군,55-59,50-59,중장년,7,4,0.428571,48.15,6.8786,4.86,6.455,48.15,0,2.8e-05,0.09076
48880,경상남도,거창군,김천 인접 시군,60-64,60-69,중장년,9,2,0.777778,10.56,1.1733,0.0,5.28,10.56,0,6e-06,0.019905
48880,경상남도,거창군,김천 인접 시군,65-69,60-69,고령,21,6,0.714286,38.74,1.8448,0.0,5.485,38.74,0,2.3e-05,0.073023
48880,경상남도,거창군,김천 인접 시군,70-74,70-79,고령,3,0,1.0,0.0,0.0,0.0,,0.0,0,0.0,0.0
48880,경상남도,거창군,김천 인접 시군,75-79,70-79,고령,1,0,1.0,0.0,0.0,0.0,,0.0,0,0.0,0.0
48880,경상남도,거창군,김천 인접 시군,80+,80+,고령,11,0,1.0,0.0,0.0,0.0,,0.0,0,0.0,0.0
48890,경상남도,합천군,기타 지역,00-09,00-09,아동청소년,14,1,0.928571,6.0,0.4286,0.0,6.0,6.0,0,4e-06,0.034062
48890,경상남도,합천군,기타 지역,10-14,10-19,아동청소년,16,2,0.875,8.44,0.5275,0.0,4.22,8.44,0,5e-06,0.047914
48890,경상남도,합천군,기타 지역,15-19,10-19,아동청소년,8,2,0.75,8.36,1.045,0.0,4.18,8.36,0,5e-06,0.04746
48890,경상남도,합천군,기타 지역,20-24,20-29,청년,13,7,0.461538,65.93,5.0715,3.49,4.54,65.93,0,3.9e-05,0.374283
48890,경상남도,합천군,기타 지역,25-29,20-29,청년,8,1,0.875,4.05,0.5062,0.0,4.05,4.05,0,2e-06,0.022992
48890,경상남도,합천군,기타 지역,30-34,30-39,청년,7,2,0.714286,9.83,1.4043,0.0,4.915,9.83,0,6e-06,0.055805
48890,경상남도,합천군,기타 지역,35-39,30-39,청년,12,1,0.916667,8.0,0.6667,0.0,8.0,8.0,0,5e-06,0.045416
48890,경상남도,합천군,기타 지역,40-44,40-49,중장년,8,0,1.0,0.0,0.0,0.0,,0.0,0,0.0,0.0
48890,경상남도,합천군,기타 지역,45-49,40-49,중장년,13,3,0.769231,24.1,1.8538,0.0,9.62,24.1,0,1.4e-05,0.136815
48890,경상남도,합천군,기타 지역,50-54,50-59,중장년,7,0,1.0,0.0,0.0,0.0,,0.0,0,0.0,0.0
48890,경상남도,합천군,기타 지역,55-59,50-59,중장년,4,1,0.75,5.11,1.2775,0.0,5.11,5.11,0,3e-06,0.029009
48890,경상남도,합천군,기타 지역,60-64,60-69,중장년,7,0,1.0,0.0,0.0,0.0,,0.0,0,0.0,0.0
48890,경상남도,합천군,기타 지역,65-69,60-69,고령,8,2,0.75,9.36,1.17,0.0,4.68,9.36,0,6e-06,0.053137
48890,경상남도,합천군,기타 지역,70-74,70-79,고령,14,2,0.857143,22.97,1.6407,0.0,11.485,22.97,0,1.4e-05,0.1304
48890,경상남도,합천군,기타 지역,75-79,70-79,고령,16,1,0.9375,4.0,0.25,0.0,4.0,4.0,0,2e-06,0.022708
48890,경상남도,합천군,기타 지역,80+,80+,고령,15,0,1.0,0.0,0.0,0.0,,0.0,0,0.0,0.0
50110,제주특별자치도,제주시,기타 지역,00-09,00-09,아동청소년,6,0,1.0,0.0,0.0,0.0,,0.0,0,0.0,0.0
50110,제주특별자치도,제주시,기타 지역,10-14,10-19,아동청소년,21,2,0.904762,8.44,0.4019,0.0,4.22,8.44,0,5e-06,0.021032
50110,제주특별자치도,제주시,기타 지역,15-19,10-19,아동청소년,4,1,0.75,4.03,1.0075,0.0,4.03,4.03,0,2e-06,0.010042
50110,제주특별자치도,제주시,기타 지역,20-24,20-29,청년,10,5,0.5,72.06,7.206,2.0,4.63,72.06,0,4.3e-05,0.179566
50110,제주특별자치도,제주시,기타 지역,25-29,20-29,청년,16,3,0.8125,25.84,1.615,0.0,6.61,25.84,0,1.5e-05,0.064391
50110,제주특별자치도,제주시,기타 지역,30-34,30-39,청년,23,2,0.913043,10.24,0.4452,0.0,5.12,10.24,0,6e-06,0.025517
50110,제주특별자치도,제주시,기타 지역,35-39,30-39,청년,20,8,0.6,149.68,7.484,0.0,14.12,149.68,0,8.9e-05,0.372988
50110,제주특별자치도,제주시,기타 지역,40-44,40-49,중장년,19,4,0.789474,35.54,1.8705,0.0,8.99,35.54,0,2.1e-05,0.088562
50110,제주특별자치도,제주시,기타 지역,45-49,40-49,중장년,12,1,0.916667,8.33,0.6942,0.0,8.33,8.33,0,5e-06,0.020758
50110,제주특별자치도,제주시,기타 지역,50-54,50-59,중장년,19,5,0.736842,45.91,2.4163,0.0,10.0,45.91,0,2.7e-05,0.114403
50110,제주특별자치도,제주시,기타 지역,55-59,50-59,중장년,6,3,0.5,18.62,3.1033,2.175,6.14,18.62,0,1.1e-05,0.046399
50110,제주특별자치도,제주시,기타 지역,60-64,60-69,중장년,14,1,0.928571,4.13,0.295,0.0,4.13,4.13,0,2e-06,0.010292
50110,제주특별자치도,제주시,기타 지역,65-69,60-69,고령,6,2,0.666667,8.0,1.3333,0.0,4.0,8.0,0,5e-06,0.019935
50110,제주특별자치도,제주시,기타 지역,70-74,70-79,고령,15,0,1.0,0.0,0.0,0.0,,0.0,0,0.0,0.0
50110,제주특별자치도,제주시,기타 지역,75-79,70-79,고령,8,0,1.0,0.0,0.0,0.0,,0.0,0,0.0,0.0
50110,제주특별자치도,제주시,기타 지역,80+,80+,고령,16,1,0.9375,10.48,0.655,0.0,10.48,10.48,0,6e-06,0.026115
50130,제주특별자치도,서귀포시,기타 지역,00-09,00-09,아동청소년,23,0,1.0,0.0,0.0,0.0,,0.0,0,0.0,0.0
50130,제주특별자치도,서귀포시,기타 지역,10-14,10-19,아동청소년,28,0,1.0,0.0,0.0,0.0,,0.0,0,0.0,0.0
50130,제주특별자치도,서귀포시,기타 지역,15-19,10-19,아동청소년,15,2,0.866667,15.35,1.0233,0.0,7.675,15.35,0,9e-06,0.04202
50130,제주특별자치도,서귀포시,기타 지역,20-24,20-29,청년,24,3,0.875,15.78,0.6575,0.0,5.32,15.78,0,9e-06,0.043197
50130,제주특별자치도,서귀포시,기타 지역,25-29,20-29,청년,17,2,0.882353,10.34,0.6082,0.0,5.17,10.34,0,6e-06,0.028306
50130,제주특별자치도,서귀포시,기타 지역,30-34,30-39,청년,17,2,0.882353,9.87,0.5806,0.0,4.935,9.87,0,6e-06,0.027019
50130,제주특별자치도,서귀포시,기타 지역,35-39,30-39,청년,51,5,0.901961,65.89,1.292,0.0,14.89,65.89,0,3.9e-05,0.180372
50130,제주특별자치도,서귀포시,기타 지역,40-44,40-49,중장년,18,2,0.888889,11.49,0.6383,0.0,5.745,11.49,0,7e-06,0.031454
50130,제주특별자치도,서귀포시,기타 지역,45-49,40-49,중장년,64,8,0.875,103.29,1.6139,0.0,7.25,103.29,0,6.1e-05,0.282754
50130,제주특별자치도,서귀포시,기타 지역,50-54,50-59,중장년,16,3,0.8125,49.78,3.1112,0.0,11.44,49.78,0,2.9e-05,0.136272
50130,제주특별자치도,서귀포시,기타 지역,55-59,50-59,중장년,15,2,0.866667,12.11,0.8073,0.0,6.055,12.11,0,7e-06,0.033151
50130,제주특별자치도,서귀포시,기타 지역,60-64,60-69,중장년,13,5,0.615385,34.38,2.6446,0.0,6.27,34.38,0,2e-05,0.094114
50130,제주특별자치도,서귀포시,기타 지역,65-69,60-69,고령,19,2,0.894737,19.89,1.0468,0.0,9.945,19.89,0,1.2e-05,0.054448
50130,제주특별자치도,서귀포시,기타 지역,70-74,70-79,고령,36,4,0.888889,17.13,0.4758,0.0,4.585,17.13,0,1e-05,0.046893
50130,제주특별자치도,서귀포시,기타 지역,75-79,70-79,고령,21,0,1.0,0.0,0.0,0.0,,0.0,0,0.0,0.0
50130,제주특별자치도,서귀포시,기타 지역,80+,80+,고령,9,0,1.0,0.0,0.0,0.0,,0.0,0,0.0,0.0
51110,강원특별자치도,춘천시,기타 지역,00-09,00-09,아동청소년,4,0,1.0,0.0,0.0,0.0,,0.0,0,0.0,0.0
51110,강원특별자치도,춘천시,기타 지역,10-14,10-19,아동청소년,19,2,0.894737,23.32,1.2274,0.0,11.66,23.32,0,1.4e-05,0.142639
51110,강원특별자치도,춘천시,기타 지역,15-19,10-19,아동청소년,11,1,0.909091,4.0,0.3636,0.0,4.0,4.0,0,2e-06,0.024466
51110,강원특별자치도,춘천시,기타 지역,20-24,20-29,청년,21,5,0.761905,30.35,1.4452,0.0,4.0,30.35,0,1.8e-05,0.185638
51110,강원특별자치도,춘천시,기타 지역,25-29,20-29,청년,14,0,1.0,0.0,0.0,0.0,,0.0,0,0.0,0.0
51110,강원특별자치도,춘천시,기타 지역,30-34,30-39,청년,22,1,0.954545,3.04,0.1382,0.0,3.04,3.04,0,2e-06,0.018594
51110,강원특별자치도,춘천시,기타 지역,35-39,30-39,청년,19,2,0.894737,37.77,1.9879,0.0,18.885,37.77,0,2.2e-05,0.231023
51110,강원특별자치도,춘천시,기타 지역,40-44,40-49,중장년,22,2,0.909091,13.86,0.63,0.0,6.93,13.86,0,8e-06,0.084776
51110,강원특별자치도,춘천시,기타 지역,45-49,40-49,중장년,10,0,1.0,0.0,0.0,0.0,,0.0,0,0.0,0.0
51110,강원특별자치도,춘천시,기타 지역,50-54,50-59,중장년,27,3,0.888889,17.01,0.63,0.0,4.97,17.01,0,1e-05,0.104043
51110,강원특별자치도,춘천시,기타 지역,55-59,50-59,중장년,1,0,1.0,0.0,0.0,0.0,,0.0,0,0.0,0.0
51110,강원특별자치도,춘천시,기타 지역,60-64,60-69,중장년,15,1,0.933333,5.12,0.3413,0.0,5.12,5.12,0,3e-06,0.031317
51110,강원특별자치도,춘천시,기타 지역,65-69,60-69,고령,20,1,0.95,10.13,0.5065,0.0,10.13,10.13,0,6e-06,0.061961
51110,강원특별자치도,춘천시,기타 지역,70-74,70-79,고령,31,0,1.0,0.0,0.0,0.0,,0.0,0,0.0,0.0
51110,강원특별자치도,춘천시,기타 지역,75-79,70-79,고령,13,0,1.0,0.0,0.0,0.0,,0.0,0,0.0,0.0
51110,강원특별자치도,춘천시,기타 지역,80+,80+,고령,30,1,0.966667,18.89,0.6297,0.0,18.89,18.89,0,1.1e-05,0.115542
51130,강원특별자치도,원주시,기타 지역,00-09,00-09,아동청소년,6,3,0.5,31.72,5.2867,3.84,10.4,31.72,0,1.9e-05,0.031318
51130,강원특별자치도,원주시,기타 지역,10-14,10-19,아동청소년,27,9,0.666667,47.14,1.7459,0.0,4.28,47.14,0,2.8e-05,0.046542
51130,강원특별자치도,원주시,기타 지역,15-19,10-19,아동청소년,13,3,0.769231,31.52,2.4246,0.0,8.09,31.52,0,1.9e-05,0.03112
51130,강원특별자치도,원주시,기타 지역,20-24,20-29,청년,23,14,0.391304,125.45,5.4543,4.51,6.385,125.45,0,7.4e-05,0.123858
51130,강원특별자치도,원주시,기타 지역,25-29,20-29,청년,7,2,0.714286,13.16,1.88,0.0,6.58,13.16,0,8e-06,0.012993
51130,강원특별자치도,원주시,기타 지역,30-34,30-39,청년,28,12,0.571429,100.46,3.5879,0.0,6.04,100.46,0,5.9e-05,0.099185
51130,강원특별자치도,원주시,기타 지역,35-39,30-39,청년,17,7,0.588235,65.64,3.8612,0.0,9.12,65.64,0,3.9e-05,0.064807
51130,강원특별자치도,원주시,기타 지역,40-44,40-49,중장년,43,14,0.674419,116.53,2.71,0.0,5.495,116.53,0,6.9e-05,0.115052
51130,강원특별자치도,원주시,기타 지역,45-49,40-49,중장년,10,6,0.4,55.97,5.597,4.965,8.18,55.97,0,3.3e-05,0.05526
51130,강원특별자치도,원주시,기타 지역,50-54,50-59,중장년,14,6,0.571429,148.41,10.6007,0.0,7.01,148.41,0,8.8e-05,0.146527
51130,강원특별자치도,원주시,기타 지역,55-59,50-59,중장년,10,4,0.6,26.47,2.647,0.0,5.03,26.47,0,1.6e-05,0.026134
51130,강원특별자치도,원주시,기타 지역,60-64,60-69,중장년,16,7,0.5625,113.14,7.0712,0.0,13.88,113.14,0,6.7e-05,0.111705
51130,강원특별자치도,원주시,기타 지역,65-69,60-69,고령,7,2,0.714286,18.58,2.6543,0.0,9.29,18.58,0,1.1e-05,0.018344
51130,강원특별자치도,원주시,기타 지역,70-74,70-79,고령,16,7,0.5625,63.34,3.9588,0.0,5.83,63.34,0,3.7e-05,0.062536
51130,강원특별자치도,원주시,기타 지역,75-79,70-79,고령,15,4,0.733333,55.32,3.688,0.0,11.875,55.32,0,3.3e-05,0.054618
51130,강원특별자치도,원주시,기타 지역,80+,80+,고령,13,0,1.0,0.0,0.0,0.0,,0.0,0,0.0,0.0
51150,강원특별자치도,강릉시,기타 지역,00-09,00-09,아동청소년,21,5,0.761905,79.28,3.7752,0.0,11.55,79.28,0,4.7e-05,0.080071
51150,강원특별자치도,강릉시,기타 지역,10-14,10-19,아동청소년,8,1,0.875,3.64,0.455,0.0,3.64,3.64,0,2e-06,0.003676
51150,강원특별자치도,강릉시,기타 지역,15-19,10-19,아동청소년,12,2,0.833333,13.81,1.1508,0.0,6.905,13.81,0,8e-06,0.013948
51150,강원특별자치도,강릉시,기타 지역,20-24,20-29,청년,10,1,0.9,4.86,0.486,0.0,4.86,4.86,0,3e-06,0.004908
51150,강원특별자치도,강릉시,기타 지역,25-29,20-29,청년,10,2,0.8,17.46,1.746,0.0,8.73,17.46,0,1e-05,0.017634
51150,강원특별자치도,강릉시,기타 지역,30-34,30-39,청년,9,2,0.777778,8.61,0.9567,0.0,4.305,8.61,0,5e-06,0.008696
51150,강원특별자치도,강릉시,기타 지역,35-39,30-39,청년,50,9,0.82,69.91,1.3982,0.0,6.98,69.91,0,4.1e-05,0.070608
51150,강원특별자치도,강릉시,기타 지역,40-44,40-49,중장년,27,6,0.777778,82.66,3.0615,0.0,12.105,82.66,0,4.9e-05,0.083485
51150,강원특별자치도,강릉시,기타 지역,45-49,40-49,중장년,23,6,0.73913,58.59,2.5474,0.0,9.645,58.59,0,3.5e-05,0.059175
51150,강원특별자치도,강릉시,기타 지역,50-54,50-59,중장년,17,3,0.823529,37.82,2.2247,0.0,11.7,37.82,0,2.2e-05,0.038197
51150,강원특별자치도,강릉시,기타 지역,55-59,50-59,중장년,4,1,0.75,4.34,1.085,0.0,4.34,4.34,0,3e-06,0.004383
51150,강원특별자치도,강릉시,기타 지역,60-64,60-69,중장년,6,0,1.0,0.0,0.0,0.0,,0.0,0,0.0,0.0
51150,강원특별자치도,강릉시,기타 지역,65-69,60-69,고령,40,11,0.725,51.26,1.2815,0.0,4.24,51.26,0,3e-05,0.051772
51150,강원특별자치도,강릉시,기타 지역,70-74,70-79,고령,15,0,1.0,0.0,0.0,0.0,,0.0,0,0.0,0.0
51150,강원특별자치도,강릉시,기타 지역,75-79,70-79,고령,19,4,0.789474,526.28,27.6989,0.0,12.235,526.28,0,0.000311,0.531532
51150,강원특별자치도,강릉시,기타 지역,80+,80+,고령,20,3,0.85,31.6,1.58,0.0,9.09,31.6,0,1.9e-05,0.031915
51170,강원특별자치도,동해시,기타 지역,00-09,00-09,아동청소년,30,2,0.933333,37.37,1.2457,0.0,18.685,37.37,0,2.2e-05,0.23227
51170,강원특별자치도,동해시,기타 지역,10-14,10-19,아동청소년,34,1,0.970588,14.24,0.4188,0.0,14.24,14.24,0,8e-06,0.088508
51170,강원특별자치도,동해시,기타 지역,15-19,10-19,아동청소년,10,1,0.9,4.0,0.4,0.0,4.0,4.0,0,2e-06,0.024862
51170,강원특별자치도,동해시,기타 지역,20-24,20-29,청년,14,1,0.928571,10.0,0.7143,0.0,10.0,10.0,0,6e-06,0.062154
51170,강원특별자치도,동해시,기타 지역,25-29,20-29,청년,7,1,0.857143,5.98,0.8543,0.0,5.98,5.98,0,4e-06,0.037168
51170,강원특별자치도,동해시,기타 지역,30-34,30-39,청년,20,2,0.9,20.16,1.008,0.0,10.08,20.16,0,1.2e-05,0.125303
51170,강원특별자치도,동해시,기타 지역,35-39,30-39,청년,17,1,0.941176,5.94,0.3494,0.0,5.94,5.94,0,4e-06,0.03692
51170,강원특별자치도,동해시,기타 지역,40-44,40-49,중장년,10,1,0.9,6.05,0.605,0.0,6.05,6.05,0,4e-06,0.037603
51170,강원특별자치도,동해시,기타 지역,45-49,40-49,중장년,11,0,1.0,0.0,0.0,0.0,,0.0,0,0.0,0.0
51170,강원특별자치도,동해시,기타 지역,50-54,50-59,중장년,19,1,0.947368,4.0,0.2105,0.0,4.0,4.0,0,2e-06,0.024862
51170,강원특별자치도,동해시,기타 지역,55-59,50-59,중장년,6,1,0.833333,5.0,0.8333,0.0,5.0,5.0,0,3e-06,0.031077
51170,강원특별자치도,동해시,기타 지역,60-64,60-69,중장년,8,1,0.875,27.64,3.455,0.0,27.64,27.64,0,1.6e-05,0.171794
51170,강원특별자치도,동해시,기타 지역,65-69,60-69,고령,10,2,0.8,8.37,0.837,0.0,4.185,8.37,0,5e-06,0.052023
51170,강원특별자치도,동해시,기타 지역,70-74,70-79,고령,24,1,0.958333,3.51,0.1462,0.0,3.51,3.51,0,2e-06,0.021816
51170,강원특별자치도,동해시,기타 지역,75-79,70-79,고령,20,1,0.95,4.43,0.2215,0.0,4.43,4.43,0,3e-06,0.027534
51170,강원특별자치도,동해시,기타 지역,80+,80+,고령,33,1,0.969697,4.2,0.1273,0.0,4.2,4.2,0,2e-06,0.026105
51190,강원특별자치도,태백시,기타 지역,00-09,00-09,아동청소년,20,1,0.95,7.62,0.381,0.0,7.62,7.62,0,5e-06,0.007698
51190,강원특별자치도,태백시,기타 지역,10-14,10-19,아동청소년,21,1,0.952381,17.0,0.8095,0.0,17.0,17.0,0,1e-05,0.017174
51190,강원특별자치도,태백시,기타 지역,15-19,10-19,아동청소년,10,1,0.9,8.15,0.815,0.0,8.15,8.15,0,5e-06,0.008233
51190,강원특별자치도,태백시,기타 지역,20-24,20-29,청년,47,10,0.787234,168.25,3.5798,0.0,12.135,168.25,0,0.0001,0.169972
51190,강원특별자치도,태백시,기타 지역,25-29,20-29,청년,46,8,0.826087,448.93,9.7593,0.0,7.325,448.93,0,0.000266,0.453524
51190,강원특별자치도,태백시,기타 지역,30-34,30-39,청년,27,1,0.962963,3.04,0.1126,0.0,3.04,3.04,0,2e-06,0.003071
51190,강원특별자치도,태백시,기타 지역,35-39,30-39,청년,20,2,0.9,118.67,5.9335,0.0,59.335,118.67,0,7e-05,0.119884
51190,강원특별자치도,태백시,기타 지역,40-44,40-49,중장년,27,4,0.851852,19.77,0.7322,0.0,4.475,19.77,0,1.2e-05,0.019972
51190,강원특별자치도,태백시,기타 지역,45-49,40-49,중장년,20,4,0.8,22.96,1.148,0.0,6.56,22.96,0,1.4e-05,0.023195
51190,강원특별자치도,태백시,기타 지역,50-54,50-59,중장년,25,3,0.88,36.68,1.4672,0.0,11.92,36.68,0,2.2e-05,0.037055
51190,강원특별자치도,태백시,기타 지역,55-59,50-59,중장년,4,0,1.0,0.0,0.0,0.0,,0.0,0,0.0,0.0
51190,강원특별자치도,태백시,기타 지역,60-64,60-69,중장년,38,8,0.789474,71.92,1.8926,0.0,4.61,71.92,0,4.3e-05,0.072656
51190,강원특별자치도,태백시,기타 지역,65-69,60-69,고령,33,9,0.727273,66.88,2.0267,0.0,6.78,66.88,0,4e-05,0.067564
51190,강원특별자치도,태백시,기타 지역,70-74,70-79,고령,18,0,1.0,0.0,0.0,0.0,,0.0,0,0.0,0.0
51190,강원특별자치도,태백시,기타 지역,75-79,70-79,고령,7,0,1.0,0.0,0.0,0.0,,0.0,0,0.0,0.0
51190,강원특별자치도,태백시,기타 지역,80+,80+,고령,21,0,1.0,0.0,0.0,0.0,,0.0,0,0.0,0.0
51210,강원특별자치도,속초시,기타 지역,00-09,00-09,아동청소년,25,2,0.92,15.64,0.6256,0.0,7.82,15.64,0,9e-06,0.061946
51210,강원특별자치도,속초시,기타 지역,10-14,10-19,아동청소년,21,1,0.952381,6.7,0.319,0.0,6.7,6.7,0,4e-06,0.026537
51210,강원특별자치도,속초시,기타 지역,15-19,10-19,아동청소년,28,2,0.928571,15.24,0.5443,0.0,7.62,15.24,0,9e-06,0.060361
51210,강원특별자치도,속초시,기타 지역,20-24,20-29,청년,44,4,0.909091,23.26,0.5286,0.0,4.04,23.26,0,1.4e-05,0.092126
51210,강원특별자치도,속초시,기타 지역,25-29,20-29,청년,24,2,0.916667,11.74,0.4892,0.0,5.87,11.74,0,7e-06,0.046499
51210,강원특별자치도,속초시,기타 지역,30-34,30-39,청년,23,2,0.913043,8.55,0.3717,0.0,4.275,8.55,0,5e-06,0.033864
51210,강원특별자치도,속초시,기타 지역,35-39,30-39,청년,31,1,0.967742,75.42,2.4329,0.0,75.42,75.42,0,4.5e-05,0.298717
51210,강원특별자치도,속초시,기타 지역,40-44,40-49,중장년,27,1,0.962963,3.01,0.1115,0.0,3.01,3.01,0,2e-06,0.011922
51210,강원특별자치도,속초시,기타 지역,45-49,40-49,중장년,34,3,0.911765,21.43,0.6303,0.0,7.99,21.43,0,1.3e-05,0.084878
51210,강원특별자치도,속초시,기타 지역,50-54,50-59,중장년,31,7,0.774194,38.45,1.2403,0.0,5.29,38.45,0,2.3e-05,0.152289
51210,강원특별자치도,속초시,기타 지역,55-59,50-59,중장년,28,2,0.928571,7.72,0.2757,0.0,3.86,7.72,0,5e-06,0.030577
51210,강원특별자치도,속초시,기타 지역,60-64,60-69,중장년,32,6,0.8125,25.32,0.7912,0.0,4.255,25.32,0,1.5e-05,0.100285
51210,강원특별자치도,속초시,기타 지역,65-69,60-69,고령,11,0,1.0,0.0,0.0,0.0,,0.0,0,0.0,0.0
51210,강원특별자치도,속초시,기타 지역,70-74,70-79,고령,5,0,1.0,0.0,0.0,0.0,,0.0,0,0.0,0.0
51210,강원특별자치도,속초시,기타 지역,75-79,70-79,고령,18,0,1.0,0.0,0.0,0.0,,0.0,0,0.0,0.0
51210,강원특별자치도,속초시,기타 지역,80+,80+,고령,17,0,1.0,0.0,0.0,0.0,,0.0,0,0.0,0.0
51230,강원특별자치도,삼척시,기타 지역,00-09,00-09,아동청소년,32,3,0.90625,22.08,0.69,0.0,8.48,22.08,0,1.3e-05,0.042367
51230,강원특별자치도,삼척시,기타 지역,10-14,10-19,아동청소년,37,5,0.864865,47.0,1.2703,0.0,10.91,47.0,0,2.8e-05,0.090183
51230,강원특별자치도,삼척시,기타 지역,15-19,10-19,아동청소년,11,2,0.818182,24.05,2.1864,0.0,12.025,24.05,0,1.4e-05,0.046147
51230,강원특별자치도,삼척시,기타 지역,20-24,20-29,청년,55,8,0.854545,71.5,1.3,0.0,10.22,71.5,0,4.2e-05,0.137194
51230,강원특별자치도,삼척시,기타 지역,25-29,20-29,청년,4,0,1.0,0.0,0.0,0.0,,0.0,0,0.0,0.0
51230,강원특별자치도,삼척시,기타 지역,30-34,30-39,청년,16,3,0.8125,13.26,0.8288,0.0,3.5,13.26,0,8e-06,0.025443
51230,강원특별자치도,삼척시,기타 지역,35-39,30-39,청년,29,3,0.896552,97.97,3.3783,0.0,13.66,97.97,0,5.8e-05,0.187984
51230,강원특별자치도,삼척시,기타 지역,40-44,40-49,중장년,42,6,0.857143,43.88,1.0448,0.0,7.18,43.88,0,2.6e-05,0.084197
51230,강원특별자치도,삼척시,기타 지역,45-49,40-49,중장년,30,7,0.766667,47.2,1.5733,0.0,7.32,47.2,0,2.8e-05,0.090567
51230,강원특별자치도,삼척시,기타 지역,50-54,50-59,중장년,15,1,0.933333,26.11,1.7407,0.0,26.11,26.11,0,1.5e-05,0.0501
51230,강원특별자치도,삼척시,기타 지역,55-59,50-59,중장년,11,2,0.818182,9.79,0.89,0.0,4.895,9.79,0,6e-06,0.018785
51230,강원특별자치도,삼척시,기타 지역,60-64,60-69,중장년,15,3,0.8,60.27,4.018,0.0,11.88,60.27,0,3.6e-05,0.115646
51230,강원특별자치도,삼척시,기타 지역,65-69,60-69,고령,14,1,0.928571,5.2,0.3714,0.0,5.2,5.2,0,3e-06,0.009978
51230,강원특별자치도,삼척시,기타 지역,70-74,70-79,고령,28,1,0.964286,15.29,0.5461,0.0,15.29,15.29,0,9e-06,0.029338
51230,강원특별자치도,삼척시,기타 지역,75-79,70-79,고령,15,0,1.0,0.0,0.0,0.0,,0.0,0,0.0,0.0
51230,강원특별자치도,삼척시,기타 지역,80+,80+,고령,69,2,0.971014,37.56,0.5443,0.0,18.78,37.56,0,2.2e-05,0.07207
51720,강원특별자치도,홍천군,기타 지역,00-09,00-09,아동청소년,14,0,1.0,0.0,0.0,0.0,,0.0,0,0.0,0.0
51720,강원특별자치도,홍천군,기타 지역,10-14,10-19,아동청소년,17,0,1.0,0.0,0.0,0.0,,0.0,0,0.0,0.0
51720,강원특별자치도,홍천군,기타 지역,15-19,10-19,아동청소년,30,2,0.933333,22.08,0.736,0.0,11.04,22.08,0,1.3e-05,0.085479
51720,강원특별자치도,홍천군,기타 지역,20-24,20-29,청년,28,6,0.785714,36.72,1.3114,0.0,6.14,36.72,0,2.2e-05,0.142155
51720,강원특별자치도,홍천군,기타 지역,25-29,20-29,청년,8,2,0.75,6.61,0.8262,0.0,3.305,6.61,0,4e-06,0.025589
51720,강원특별자치도,홍천군,기타 지역,30-34,30-39,청년,23,1,0.956522,7.52,0.327,0.0,7.52,7.52,0,4e-06,0.029112
51720,강원특별자치도,홍천군,기타 지역,35-39,30-39,청년,23,0,1.0,0.0,0.0,0.0,,0.0,0,0.0,0.0
51720,강원특별자치도,홍천군,기타 지역,40-44,40-49,중장년,31,4,0.870968,34.58,1.1155,0.0,7.665,34.58,0,2e-05,0.13387
51720,강원특별자치도,홍천군,기타 지역,45-49,40-49,중장년,9,0,1.0,0.0,0.0,0.0,,0.0,0,0.0,0.0
51720,강원특별자치도,홍천군,기타 지역,50-54,50-59,중장년,46,5,0.891304,38.58,0.8387,0.0,8.0,38.58,0,2.3e-05,0.149355
51720,강원특별자치도,홍천군,기타 지역,55-59,50-59,중장년,2,1,0.5,10.14,5.07,5.07,10.14,10.14,0,6e-06,0.039255
51720,강원특별자치도,홍천군,기타 지역,60-64,60-69,중장년,19,2,0.894737,9.97,0.5247,0.0,4.985,9.97,0,6e-06,0.038597
51720,강원특별자치도,홍천군,기타 지역,65-69,60-69,고령,19,4,0.789474,69.28,3.6463,0.0,4.33,69.28,0,4.1e-05,0.268205
51720,강원특별자치도,홍천군,기타 지역,70-74,70-79,고령,5,0,1.0,0.0,0.0,0.0,,0.0,0,0.0,0.0
51720,강원특별자치도,홍천군,기타 지역,75-79,70-79,고령,17,2,0.882353,18.12,1.0659,0.0,9.06,18.12,0,1.1e-05,0.070148
51720,강원특별자치도,홍천군,기타 지역,80+,80+,고령,44,1,0.977273,4.71,0.107,0.0,4.71,4.71,0,3e-06,0.018234
51730,강원특별자치도,횡성군,기타 지역,00-09,00-09,아동청소년,16,0,1.0,0.0,0.0,0.0,,0.0,0,0.0,0.0
51730,강원특별자치도,횡성군,기타 지역,10-14,10-19,아동청소년,32,3,0.90625,31.24,0.9762,0.0,6.0,31.24,0,1.8e-05,0.124845
51730,강원특별자치도,횡성군,기타 지역,15-19,10-19,아동청소년,15,2,0.866667,12.11,0.8073,0.0,6.055,12.11,0,7e-06,0.048395
51730,강원특별자치도,횡성군,기타 지역,20-24,20-29,청년,7,0,1.0,0.0,0.0,0.0,,0.0,0,0.0,0.0
51730,강원특별자치도,횡성군,기타 지역,25-29,20-29,청년,6,1,0.833333,4.98,0.83,0.0,4.98,4.98,0,3e-06,0.019902
51730,강원특별자치도,횡성군,기타 지역,30-34,30-39,청년,19,2,0.894737,10.36,0.5453,0.0,5.18,10.36,0,6e-06,0.041402
51730,강원특별자치도,횡성군,기타 지역,35-39,30-39,청년,9,2,0.777778,24.47,2.7189,0.0,12.235,24.47,0,1.4e-05,0.09779
51730,강원특별자치도,횡성군,기타 지역,40-44,40-49,중장년,10,2,0.8,25.77,2.577,0.0,12.885,25.77,0,1.5e-05,0.102985
51730,강원특별자치도,횡성군,기타 지역,45-49,40-49,중장년,24,5,0.791667,36.02,1.5008,0.0,7.73,36.02,0,2.1e-05,0.143948
51730,강원특별자치도,횡성군,기타 지역,50-54,50-59,중장년,21,3,0.857143,41.42,1.9724,0.0,14.29,41.42,0,2.5e-05,0.165528
51730,강원특별자치도,횡성군,기타 지역,55-59,50-59,중장년,4,0,1.0,0.0,0.0,0.0,,0.0,0,0.0,0.0
51730,강원특별자치도,횡성군,기타 지역,60-64,60-69,중장년,27,4,0.851852,28.22,1.0452,0.0,4.61,28.22,0,1.7e-05,0.112776
51730,강원특별자치도,횡성군,기타 지역,65-69,60-69,고령,4,0,1.0,0.0,0.0,0.0,,0.0,0,0.0,0.0
51730,강원특별자치도,횡성군,기타 지역,70-74,70-79,고령,33,1,0.969697,29.55,0.8955,0.0,29.55,29.55,0,1.7e-05,0.118091
51730,강원특별자치도,횡성군,기타 지역,75-79,70-79,고령,14,0,1.0,0.0,0.0,0.0,,0.0,0,0.0,0.0
51730,강원특별자치도,횡성군,기타 지역,80+,80+,고령,33,1,0.969697,6.09,0.1845,0.0,6.09,6.09,0,4e-06,0.024338
51750,강원특별자치도,영월군,기타 지역,00-09,00-09,아동청소년,28,1,0.964286,6.82,0.2436,0.0,6.82,6.82,0,4e-06,0.067665
51750,강원특별자치도,영월군,기타 지역,10-14,10-19,아동청소년,17,0,1.0,0.0,0.0,0.0,,0.0,0,0.0,0.0
51750,강원특별자치도,영월군,기타 지역,15-19,10-19,아동청소년,32,3,0.90625,13.88,0.4338,0.0,4.9,13.88,0,8e-06,0.137712
51750,강원특별자치도,영월군,기타 지역,20-24,20-29,청년,7,0,1.0,0.0,0.0,0.0,,0.0,0,0.0,0.0
51750,강원특별자치도,영월군,기타 지역,25-29,20-29,청년,10,0,1.0,0.0,0.0,0.0,,0.0,0,0.0,0.0
51750,강원특별자치도,영월군,기타 지역,30-34,30-39,청년,12,0,1.0,0.0,0.0,0.0,,0.0,0,0.0,0.0
51750,강원특별자치도,영월군,기타 지역,35-39,30-39,청년,27,4,0.851852,34.66,1.2837,0.0,7.665,34.66,0,2.1e-05,0.343883
51750,강원특별자치도,영월군,기타 지역,40-44,40-49,중장년,10,3,0.7,11.79,1.179,0.0,4.0,11.79,0,7e-06,0.116976
51750,강원특별자치도,영월군,기타 지역,45-49,40-49,중장년,20,1,0.95,3.37,0.1685,0.0,3.37,3.37,0,2e-06,0.033436
51750,강원특별자치도,영월군,기타 지역,50-54,50-59,중장년,19,3,0.842105,12.14,0.6389,0.0,4.35,12.14,0,7e-06,0.120448
51750,강원특별자치도,영월군,기타 지역,55-59,50-59,중장년,1,0,1.0,0.0,0.0,0.0,,0.0,0,0.0,0.0
51750,강원특별자치도,영월군,기타 지역,60-64,60-69,중장년,9,1,0.888889,4.05,0.45,0.0,4.05,4.05,0,2e-06,0.040183
51750,강원특별자치도,영월군,기타 지역,65-69,60-69,고령,17,2,0.882353,9.51,0.5594,0.0,4.755,9.51,0,6e-06,0.094355
51750,강원특별자치도,영월군,기타 지역,70-74,70-79,고령,7,1,0.857143,4.57,0.6529,0.0,4.57,4.57,0,3e-06,0.045342
51750,강원특별자치도,영월군,기타 지역,75-79,70-79,고령,15,0,1.0,0.0,0.0,0.0,,0.0,0,0.0,0.0
51750,강원특별자치도,영월군,기타 지역,80+,80+,고령,17,0,1.0,0.0,0.0,0.0,,0.0,0,0.0,0.0
51760,강원특별자치도,평창군,기타 지역,00-09,00-09,아동청소년,18,0,1.0,0.0,0.0,0.0,,0.0,0,0.0,0.0
51760,강원특별자치도,평창군,기타 지역,10-14,10-19,아동청소년,31,3,0.903226,21.81,0.7035,0.0,5.42,21.81,0,1.3e-05,0.075877
51760,강원특별자치도,평창군,기타 지역,15-19,10-19,아동청소년,2,0,1.0,0.0,0.0,0.0,,0.0,0,0.0,0.0
51760,강원특별자치도,평창군,기타 지역,20-24,20-29,청년,8,1,0.875,12.38,1.5475,0.0,12.38,12.38,0,7e-06,0.04307
51760,강원특별자치도,평창군,기타 지역,25-29,20-29,청년,5,0,1.0,0.0,0.0,0.0,,0.0,0,0.0,0.0
51760,강원특별자치도,평창군,기타 지역,30-34,30-39,청년,16,3,0.8125,21.99,1.3744,0.0,4.0,21.99,0,1.3e-05,0.076503
51760,강원특별자치도,평창군,기타 지역,35-39,30-39,청년,42,8,0.809524,93.35,2.2226,0.0,8.19,93.35,0,5.5e-05,0.324763
51760,강원특별자치도,평창군,기타 지역,40-44,40-49,중장년,31,5,0.83871,22.92,0.7394,0.0,4.0,22.92,0,1.4e-05,0.079738
51760,강원특별자치도,평창군,기타 지역,45-49,40-49,중장년,3,2,0.333333,31.76,10.5867,6.1,15.88,31.76,0,1.9e-05,0.110493
51760,강원특별자치도,평창군,기타 지역,50-54,50-59,중장년,12,2,0.833333,17.21,1.4342,0.0,8.605,17.21,0,1e-05,0.059873
51760,강원특별자치도,평창군,기타 지역,55-59,50-59,중장년,5,1,0.8,6.24,1.248,0.0,6.24,6.24,0,4e-06,0.021709
51760,강원특별자치도,평창군,기타 지역,60-64,60-69,중장년,17,3,0.823529,20.98,1.2341,0.0,5.52,20.98,0,1.2e-05,0.072989
51760,강원특별자치도,평창군,기타 지역,65-69,60-69,고령,3,0,1.0,0.0,0.0,0.0,,0.0,0,0.0,0.0
51760,강원특별자치도,평창군,기타 지역,70-74,70-79,고령,25,2,0.92,18.38,0.7352,0.0,9.19,18.38,0,1.1e-05,0.063944
51760,강원특별자치도,평창군,기타 지역,75-79,70-79,고령,13,1,0.923077,7.56,0.5815,0.0,7.56,7.56,0,4e-06,0.026301
51760,강원특별자치도,평창군,기타 지역,80+,80+,고령,25,1,0.96,12.86,0.5144,0.0,12.86,12.86,0,8e-06,0.04474
51770,강원특별자치도,정선군,기타 지역,00-09,00-09,아동청소년,19,1,0.947368,112.6,5.9263,0.0,112.6,112.6,0,6.7e-05,0.39138
51770,강원특별자치도,정선군,기타 지역,10-14,10-19,아동청소년,51,2,0.960784,9.36,0.1835,0.0,4.68,9.36,0,6e-06,0.032534
51770,강원특별자치도,정선군,기타 지역,15-19,10-19,아동청소년,14,1,0.928571,3.11,0.2221,0.0,3.11,3.11,0,2e-06,0.01081
51770,강원특별자치도,정선군,기타 지역,20-24,20-29,청년,18,4,0.777778,16.33,0.9072,0.0,3.6,16.33,0,1e-05,0.056761
51770,강원특별자치도,정선군,기타 지역,25-29,20-29,청년,36,2,0.944444,7.06,0.1961,0.0,3.53,7.06,0,4e-06,0.024539
51770,강원특별자치도,정선군,기타 지역,30-34,30-39,청년,20,3,0.85,21.74,1.087,0.0,5.67,21.74,0,1.3e-05,0.075565
51770,강원특별자치도,정선군,기타 지역,35-39,30-39,청년,21,1,0.952381,5.8,0.2762,0.0,5.8,5.8,0,3e-06,0.02016
51770,강원특별자치도,정선군,기타 지역,40-44,40-49,중장년,42,3,0.928571,41.89,0.9974,0.0,18.82,41.89,0,2.5e-05,0.145603
51770,강원특별자치도,정선군,기타 지역,45-49,40-49,중장년,14,0,1.0,0.0,0.0,0.0,,0.0,0,0.0,0.0
51770,강원특별자치도,정선군,기타 지역,50-54,50-59,중장년,15,1,0.933333,4.5,0.3,0.0,4.5,4.5,0,3e-06,0.015641
51770,강원특별자치도,정선군,기타 지역,55-59,50-59,중장년,6,2,0.666667,17.51,2.9183,0.0,8.755,17.51,0,1e-05,0.060862
51770,강원특별자치도,정선군,기타 지역,60-64,60-69,중장년,15,2,0.866667,47.8,3.1867,0.0,23.9,47.8,0,2.8e-05,0.166145
51770,강원특별자치도,정선군,기타 지역,65-69,60-69,고령,11,0,1.0,0.0,0.0,0.0,,0.0,0,0.0,0.0
51770,강원특별자치도,정선군,기타 지역,70-74,70-79,고령,18,0,1.0,0.0,0.0,0.0,,0.0,0,0.0,0.0
51770,강원특별자치도,정선군,기타 지역,75-79,70-79,고령,7,0,1.0,0.0,0.0,0.0,,0.0,0,0.0,0.0
51770,강원특별자치도,정선군,기타 지역,80+,80+,고령,18,0,1.0,0.0,0.0,0.0,,0.0,0,0.0,0.0
51780,강원특별자치도,철원군,기타 지역,00-09,00-09,아동청소년,29,0,1.0,0.0,0.0,0.0,,0.0,0,0.0,0.0
51780,강원특별자치도,철원군,기타 지역,10-14,10-19,아동청소년,20,2,0.9,21.06,1.053,0.0,10.53,21.06,0,1.2e-05,0.194658
51780,강원특별자치도,철원군,기타 지역,15-19,10-19,아동청소년,18,2,0.888889,18.91,1.0506,0.0,9.455,18.91,0,1.1e-05,0.174785
51780,강원특별자치도,철원군,기타 지역,20-24,20-29,청년,15,2,0.866667,7.96,0.5307,0.0,3.98,7.96,0,5e-06,0.073574
51780,강원특별자치도,철원군,기타 지역,25-29,20-29,청년,16,1,0.9375,24.0,1.5,0.0,24.0,24.0,0,1.4e-05,0.221832
51780,강원특별자치도,철원군,기타 지역,30-34,30-39,청년,18,0,1.0,0.0,0.0,0.0,,0.0,0,0.0,0.0
51780,강원특별자치도,철원군,기타 지역,35-39,30-39,청년,26,1,0.961538,5.38,0.2069,0.0,5.38,5.38,0,3e-06,0.049727
51780,강원특별자치도,철원군,기타 지역,40-44,40-49,중장년,24,3,0.875,17.34,0.7225,0.0,4.96,17.34,0,1e-05,0.160274
51780,강원특별자치도,철원군,기타 지역,45-49,40-49,중장년,32,1,0.96875,4.86,0.1519,0.0,4.86,4.86,0,3e-06,0.044921
51780,강원특별자치도,철원군,기타 지역,50-54,50-59,중장년,4,0,1.0,0.0,0.0,0.0,,0.0,0,0.0,0.0
51780,강원특별자치도,철원군,기타 지역,55-59,50-59,중장년,7,0,1.0,0.0,0.0,0.0,,0.0,0,0.0,0.0
51780,강원특별자치도,철원군,기타 지역,60-64,60-69,중장년,3,0,1.0,0.0,0.0,0.0,,0.0,0,0.0,0.0
51780,강원특별자치도,철원군,기타 지역,65-69,60-69,고령,18,1,0.944444,4.19,0.2328,0.0,4.19,4.19,0,2e-06,0.038728
51780,강원특별자치도,철원군,기타 지역,70-74,70-79,고령,9,1,0.888889,4.49,0.4989,0.0,4.49,4.49,0,3e-06,0.041501
51780,강원특별자치도,철원군,기타 지역,75-79,70-79,고령,6,0,1.0,0.0,0.0,0.0,,0.0,0,0.0,0.0
51780,강원특별자치도,철원군,기타 지역,80+,80+,고령,24,0,1.0,0.0,0.0,0.0,,0.0,0,0.0,0.0
51790,강원특별자치도,화천군,기타 지역,00-09,00-09,아동청소년,43,0,1.0,0.0,0.0,0.0,,0.0,0,0.0,0.0
51790,강원특별자치도,화천군,기타 지역,10-14,10-19,아동청소년,26,1,0.961538,5.92,0.2277,0.0,5.92,5.92,0,4e-06,0.049853
51790,강원특별자치도,화천군,기타 지역,15-19,10-19,아동청소년,38,4,0.894737,23.15,0.6092,0.0,5.35,23.15,0,1.4e-05,0.194947
51790,강원특별자치도,화천군,기타 지역,20-24,20-29,청년,13,0,1.0,0.0,0.0,0.0,,0.0,0,0.0,0.0
51790,강원특별자치도,화천군,기타 지역,25-29,20-29,청년,29,2,0.931034,8.25,0.2845,0.0,4.125,8.25,0,5e-06,0.069474
51790,강원특별자치도,화천군,기타 지역,30-34,30-39,청년,33,2,0.939394,7.13,0.2161,0.0,3.565,7.13,0,4e-06,0.060042
51790,강원특별자치도,화천군,기타 지역,35-39,30-39,청년,27,1,0.962963,4.33,0.1604,0.0,4.33,4.33,0,3e-06,0.036463
51790,강원특별자치도,화천군,기타 지역,40-44,40-49,중장년,48,2,0.958333,7.01,0.146,0.0,3.505,7.01,0,4e-06,0.059032
51790,강원특별자치도,화천군,기타 지역,45-49,40-49,중장년,57,2,0.964912,15.41,0.2704,0.0,7.705,15.41,0,9e-06,0.129768
51790,강원특별자치도,화천군,기타 지역,50-54,50-59,중장년,52,1,0.980769,4.21,0.081,0.0,4.21,4.21,0,2e-06,0.035453
51790,강원특별자치도,화천군,기타 지역,55-59,50-59,중장년,8,4,0.5,21.8,2.725,1.5,5.4,21.8,0,1.3e-05,0.183579
51790,강원특별자치도,화천군,기타 지역,60-64,60-69,중장년,32,1,0.96875,4.33,0.1353,0.0,4.33,4.33,0,3e-06,0.036463
51790,강원특별자치도,화천군,기타 지역,65-69,60-69,고령,22,4,0.818182,17.21,0.7823,0.0,3.735,17.21,0,1e-05,0.144926
51790,강원특별자치도,화천군,기타 지역,70-74,70-79,고령,34,0,1.0,0.0,0.0,0.0,,0.0,0,0.0,0.0
51790,강원특별자치도,화천군,기타 지역,75-79,70-79,고령,13,0,1.0,0.0,0.0,0.0,,0.0,0,0.0,0.0
51790,강원특별자치도,화천군,기타 지역,80+,80+,고령,23,0,1.0,0.0,0.0,0.0,,0.0,0,0.0,0.0
51800,강원특별자치도,양구군,기타 지역,00-09,00-09,아동청소년,26,0,1.0,0.0,0.0,0.0,,0.0,0,0.0,0.0
51800,강원특별자치도,양구군,기타 지역,10-14,10-19,아동청소년,28,2,0.928571,8.36,0.2986,0.0,4.18,8.36,0,5e-06,0.037588
51800,강원특별자치도,양구군,기타 지역,15-19,10-19,아동청소년,1,1,0.0,6.0,6.0,6.0,6.0,6.0,0,4e-06,0.026977
51800,강원특별자치도,양구군,기타 지역,20-24,20-29,청년,38,5,0.868421,64.57,1.6992,0.0,5.03,64.57,0,3.8e-05,0.29032
51800,강원특별자치도,양구군,기타 지역,25-29,20-29,청년,23,2,0.913043,8.92,0.3878,0.0,4.46,8.92,0,5e-06,0.040106
51800,강원특별자치도,양구군,기타 지역,30-34,30-39,청년,2,0,1.0,0.0,0.0,0.0,,0.0,0,0.0,0.0
51800,강원특별자치도,양구군,기타 지역,35-39,30-39,청년,23,1,0.956522,5.07,0.2204,0.0,5.07,5.07,0,3e-06,0.022796
51800,강원특별자치도,양구군,기타 지역,40-44,40-49,중장년,37,5,0.864865,50.69,1.37,0.0,6.4,50.69,0,3e-05,0.227912
51800,강원특별자치도,양구군,기타 지역,45-49,40-49,중장년,14,2,0.857143,14.37,1.0264,0.0,7.185,14.37,0,9e-06,0.06461
51800,강원특별자치도,양구군,기타 지역,50-54,50-59,중장년,10,2,0.8,16.33,1.633,0.0,8.165,16.33,0,1e-05,0.073423
51800,강원특별자치도,양구군,기타 지역,55-59,50-59,중장년,9,1,0.888889,4.14,0.46,0.0,4.14,4.14,0,2e-06,0.018614
51800,강원특별자치도,양구군,기타 지역,60-64,60-69,중장년,15,2,0.866667,8.21,0.5473,0.0,4.105,8.21,0,5e-06,0.036914
51800,강원특별자치도,양구군,기타 지역,65-69,60-69,고령,10,3,0.7,13.56,1.356,0.0,4.59,13.56,0,8e-06,0.060968
51800,강원특별자치도,양구군,기타 지역,70-74,70-79,고령,11,1,0.909091,4.0,0.3636,0.0,4.0,4.0,0,2e-06,0.017985
51800,강원특별자치도,양구군,기타 지역,75-79,70-79,고령,33,2,0.939394,10.19,0.3088,0.0,5.095,10.19,0,6e-06,0.045816
51800,강원특별자치도,양구군,기타 지역,80+,80+,고령,25,1,0.96,8.0,0.32,0.0,8.0,8.0,0,5e-06,0.03597
51810,강원특별자치도,인제군,기타 지역,00-09,00-09,아동청소년,21,0,1.0,0.0,0.0,0.0,,0.0,0,0.0,0.0
51810,강원특별자치도,인제군,기타 지역,10-14,10-19,아동청소년,11,0,1.0,0.0,0.0,0.0,,0.0,0,0.0,0.0
51810,강원특별자치도,인제군,기타 지역,15-19,10-19,아동청소년,15,0,1.0,0.0,0.0,0.0,,0.0,0,0.0,0.0
51810,강원특별자치도,인제군,기타 지역,20-24,20-29,청년,25,6,0.76,31.97,1.2788,0.0,4.395,31.97,0,1.9e-05,0.004691
51810,강원특별자치도,인제군,기타 지역,25-29,20-29,청년,11,0,1.0,0.0,0.0,0.0,,0.0,0,0.0,0.0
51810,강원특별자치도,인제군,기타 지역,30-34,30-39,청년,10,0,1.0,0.0,0.0,0.0,,0.0,0,0.0,0.0
51810,강원특별자치도,인제군,기타 지역,35-39,30-39,청년,24,2,0.916667,2895.36,120.64,0.0,1447.68,2895.36,0,0.001713,0.424822
51810,강원특별자치도,인제군,기타 지역,40-44,40-49,중장년,30,1,0.966667,6.5,0.2167,0.0,6.5,6.5,0,4e-06,0.000954
51810,강원특별자치도,인제군,기타 지역,45-49,40-49,중장년,6,1,0.833333,6.0,1.0,0.0,6.0,6.0,0,4e-06,0.00088
51810,강원특별자치도,인제군,기타 지역,50-54,50-59,중장년,16,0,1.0,0.0,0.0,0.0,,0.0,0,0.0,0.0
51810,강원특별자치도,인제군,기타 지역,55-59,50-59,중장년,10,1,0.9,4.0,0.4,0.0,4.0,4.0,0,2e-06,0.000587
51810,강원특별자치도,인제군,기타 지역,60-64,60-69,중장년,21,8,0.619048,108.85,5.1833,0.0,9.43,108.85,0,6.4e-05,0.015971
51810,강원특별자치도,인제군,기타 지역,65-69,60-69,고령,17,2,0.882353,17.36,1.0212,0.0,8.68,17.36,0,1e-05,0.002547
51810,강원특별자치도,인제군,기타 지역,70-74,70-79,고령,24,1,0.958333,3.66,0.1525,0.0,3.66,3.66,0,2e-06,0.000537
51810,강원특별자치도,인제군,기타 지역,75-79,70-79,고령,14,0,1.0,0.0,0.0,0.0,,0.0,0,0.0,0.0
51810,강원특별자치도,인제군,기타 지역,80+,80+,고령,25,2,0.92,3741.76,149.6704,0.0,1870.88,3741.76,0,0.002214,0.549011
51820,강원특별자치도,고성군,기타 지역,00-09,00-09,아동청소년,21,1,0.952381,6.78,0.3229,0.0,6.78,6.78,0,4e-06,0.017063
51820,강원특별자치도,고성군,기타 지역,10-14,10-19,아동청소년,34,0,1.0,0.0,0.0,0.0,,0.0,0,0.0,0.0
51820,강원특별자치도,고성군,기타 지역,15-19,10-19,아동청소년,22,1,0.954545,9.15,0.4159,0.0,9.15,9.15,0,5e-06,0.023028
51820,강원특별자치도,고성군,기타 지역,20-24,20-29,청년,25,7,0.72,37.23,1.4892,0.0,4.26,37.23,0,2.2e-05,0.093698
51820,강원특별자치도,고성군,기타 지역,25-29,20-29,청년,37,4,0.891892,18.02,0.487,0.0,3.815,18.02,0,1.1e-05,0.045352
51820,강원특별자치도,고성군,기타 지역,30-34,30-39,청년,15,3,0.8,18.58,1.2387,0.0,5.73,18.58,0,1.1e-05,0.046761
51820,강원특별자치도,고성군,기타 지역,35-39,30-39,청년,10,0,1.0,0.0,0.0,0.0,,0.0,0,0.0,0.0
51820,강원특별자치도,고성군,기타 지역,40-44,40-49,중장년,48,5,0.895833,204.17,4.2535,0.0,4.03,204.17,0,0.000121,0.513842
51820,강원특별자치도,고성군,기타 지역,45-49,40-49,중장년,36,2,0.944444,20.73,0.5758,0.0,10.365,20.73,0,1.2e-05,0.052172
51820,강원특별자치도,고성군,기타 지역,50-54,50-59,중장년,8,4,0.5,19.47,2.4338,1.74,4.0,19.47,0,1.2e-05,0.049001
51820,강원특별자치도,고성군,기타 지역,55-59,50-59,중장년,3,0,1.0,0.0,0.0,0.0,,0.0,0,0.0,0.0
51820,강원특별자치도,고성군,기타 지역,60-64,60-69,중장년,13,4,0.692308,29.63,2.2792,0.0,4.585,29.63,0,1.8e-05,0.074571
51820,강원특별자치도,고성군,기타 지역,65-69,60-69,고령,22,3,0.863636,26.09,1.1859,0.0,6.44,26.09,0,1.5e-05,0.065662
51820,강원특별자치도,고성군,기타 지역,70-74,70-79,고령,8,0,1.0,0.0,0.0,0.0,,0.0,0,0.0,0.0
51820,강원특별자치도,고성군,기타 지역,75-79,70-79,고령,22,1,0.954545,7.49,0.3405,0.0,7.49,7.49,0,4e-06,0.01885
51820,강원특별자치도,고성군,기타 지역,80+,80+,고령,15,0,1.0,0.0,0.0,0.0,,0.0,0,0.0,0.0
51830,강원특별자치도,양양군,기타 지역,00-09,00-09,아동청소년,27,0,1.0,0.0,0.0,0.0,,0.0,0,0.0,0.0
51830,강원특별자치도,양양군,기타 지역,10-14,10-19,아동청소년,51,3,0.941176,26.15,0.5127,0.0,3.52,26.15,0,1.5e-05,0.112764
51830,강원특별자치도,양양군,기타 지역,15-19,10-19,아동청소년,25,0,1.0,0.0,0.0,0.0,,0.0,0,0.0,0.0
51830,강원특별자치도,양양군,기타 지역,20-24,20-29,청년,15,4,0.733333,43.7,2.9133,0.0,10.25,43.7,0,2.6e-05,0.188443
51830,강원특별자치도,양양군,기타 지역,25-29,20-29,청년,8,0,1.0,0.0,0.0,0.0,,0.0,0,0.0,0.0
51830,강원특별자치도,양양군,기타 지역,30-34,30-39,청년,27,2,0.925926,20.46,0.7578,0.0,10.23,20.46,0,1.2e-05,0.088228
51830,강원특별자치도,양양군,기타 지역,35-39,30-39,청년,26,3,0.884615,29.41,1.1312,0.0,9.74,29.41,0,1.7e-05,0.126822
51830,강원특별자치도,양양군,기타 지역,40-44,40-49,중장년,22,2,0.909091,23.43,1.065,0.0,11.715,23.43,0,1.4e-05,0.101035
51830,강원특별자치도,양양군,기타 지역,45-49,40-49,중장년,10,0,1.0,0.0,0.0,0.0,,0.0,0,0.0,0.0
51830,강원특별자치도,양양군,기타 지역,50-54,50-59,중장년,14,0,1.0,0.0,0.0,0.0,,0.0,0,0.0,0.0
51830,강원특별자치도,양양군,기타 지역,55-59,50-59,중장년,5,0,1.0,0.0,0.0,0.0,,0.0,0,0.0,0.0
51830,강원특별자치도,양양군,기타 지역,60-64,60-69,중장년,25,2,0.92,17.02,0.6808,0.0,8.51,17.02,0,1e-05,0.073394
51830,강원특별자치도,양양군,기타 지역,65-69,60-69,고령,22,2,0.909091,19.44,0.8836,0.0,9.72,19.44,0,1.2e-05,0.083829
51830,강원특별자치도,양양군,기타 지역,70-74,70-79,고령,5,1,0.8,3.02,0.604,0.0,3.02,3.02,0,2e-06,0.013023
51830,강원특별자치도,양양군,기타 지역,75-79,70-79,고령,11,1,0.909091,49.27,4.4791,0.0,49.27,49.27,0,2.9e-05,0.212462
51830,강원특별자치도,양양군,기타 지역,80+,80+,고령,22,0,1.0,0.0,0.0,0.0,,0.0,0,0.0,0.0
52111,전북특별자치도,전주시 완산구,기타 지역,00-09,00-09,아동청소년,12,1,0.916667,9.14,0.7617,0.0,9.14,9.14,0,5e-06,0.013033
52111,전북특별자치도,전주시 완산구,기타 지역,10-14,10-19,아동청소년,21,3,0.857143,15.81,0.7529,0.0,4.06,15.81,0,9e-06,0.022543
52111,전북특별자치도,전주시 완산구,기타 지역,15-19,10-19,아동청소년,20,6,0.7,28.48,1.424,0.0,4.31,28.48,0,1.7e-05,0.040609
52111,전북특별자치도,전주시 완산구,기타 지역,20-24,20-29,청년,33,9,0.727273,320.75,9.7197,0.0,4.9,320.75,0,0.00019,0.457352
52111,전북특별자치도,전주시 완산구,기타 지역,25-29,20-29,청년,17,3,0.823529,16.45,0.9676,0.0,6.11,16.45,0,1e-05,0.023456
52111,전북특별자치도,전주시 완산구,기타 지역,30-34,30-39,청년,15,0,1.0,0.0,0.0,0.0,,0.0,0,0.0,0.0
52111,전북특별자치도,전주시 완산구,기타 지역,35-39,30-39,청년,49,9,0.816327,116.09,2.3692,0.0,5.62,116.09,0,6.9e-05,0.165531
52111,전북특별자치도,전주시 완산구,기타 지역,40-44,40-49,중장년,23,7,0.695652,27.01,1.1743,0.0,3.77,27.01,0,1.6e-05,0.038513
52111,전북특별자치도,전주시 완산구,기타 지역,45-49,40-49,중장년,10,2,0.8,16.78,1.678,0.0,8.39,16.78,0,1e-05,0.023926
52111,전북특별자치도,전주시 완산구,기타 지역,50-54,50-59,중장년,27,7,0.740741,90.73,3.3604,0.0,4.04,90.73,0,5.4e-05,0.12937
52111,전북특별자치도,전주시 완산구,기타 지역,55-59,50-59,중장년,4,2,0.5,7.06,1.765,1.53,3.53,7.06,0,4e-06,0.010067
52111,전북특별자치도,전주시 완산구,기타 지역,60-64,60-69,중장년,20,1,0.95,4.95,0.2475,0.0,4.95,4.95,0,3e-06,0.007058
52111,전북특별자치도,전주시 완산구,기타 지역,65-69,60-69,고령,5,1,0.8,3.23,0.646,0.0,3.23,3.23,0,2e-06,0.004606
52111,전북특별자치도,전주시 완산구,기타 지역,70-74,70-79,고령,28,5,0.821429,20.83,0.7439,0.0,3.7,20.83,0,1.2e-05,0.029701
52111,전북특별자치도,전주시 완산구,기타 지역,75-79,70-79,고령,16,3,0.8125,15.09,0.9431,0.0,5.31,15.09,0,9e-06,0.021517
52111,전북특별자치도,전주시 완산구,기타 지역,80+,80+,고령,22,2,0.909091,8.92,0.4055,0.0,4.46,8.92,0,5e-06,0.012719
52113,전북특별자치도,전주시 덕진구,기타 지역,00-09,00-09,아동청소년,5,0,1.0,0.0,0.0,0.0,,0.0,0,0.0,0.0
52113,전북특별자치도,전주시 덕진구,기타 지역,10-14,10-19,아동청소년,27,6,0.777778,43.53,1.6122,0.0,7.32,43.53,0,2.6e-05,0.099338
52113,전북특별자치도,전주시 덕진구,기타 지역,15-19,10-19,아동청소년,9,1,0.888889,6.33,0.7033,0.0,6.33,6.33,0,4e-06,0.014445
52113,전북특별자치도,전주시 덕진구,기타 지역,20-24,20-29,청년,16,5,0.6875,29.57,1.8481,0.0,6.9,29.57,0,1.7e-05,0.067481
52113,전북특별자치도,전주시 덕진구,기타 지역,25-29,20-29,청년,9,2,0.777778,10.26,1.14,0.0,5.13,10.26,0,6e-06,0.023414
52113,전북특별자치도,전주시 덕진구,기타 지역,30-34,30-39,청년,20,2,0.9,8.96,0.448,0.0,4.48,8.96,0,5e-06,0.020447
52113,전북특별자치도,전주시 덕진구,기타 지역,35-39,30-39,청년,13,3,0.769231,49.69,3.8223,0.0,8.81,49.69,0,2.9e-05,0.113396
52113,전북특별자치도,전주시 덕진구,기타 지역,40-44,40-49,중장년,14,2,0.857143,12.93,0.9236,0.0,6.465,12.93,0,8e-06,0.029507
52113,전북특별자치도,전주시 덕진구,기타 지역,45-49,40-49,중장년,35,17,0.514286,110.1,3.1457,0.0,6.4,110.1,0,6.5e-05,0.251255
52113,전북특별자치도,전주시 덕진구,기타 지역,50-54,50-59,중장년,11,3,0.727273,17.11,1.5555,0.0,5.18,17.11,0,1e-05,0.039046
52113,전북특별자치도,전주시 덕진구,기타 지역,55-59,50-59,중장년,9,7,0.222222,29.09,3.2322,3.3,4.0,29.09,0,1.7e-05,0.066385
52113,전북특별자치도,전주시 덕진구,기타 지역,60-64,60-69,중장년,22,7,0.681818,80.96,3.68,0.0,5.29,80.96,0,4.8e-05,0.184756
52113,전북특별자치도,전주시 덕진구,기타 지역,65-69,60-69,고령,9,3,0.666667,12.34,1.3711,0.0,4.0,12.34,0,7e-06,0.028161
52113,전북특별자치도,전주시 덕진구,기타 지역,70-74,70-79,고령,14,2,0.857143,17.52,1.2514,0.0,8.76,17.52,0,1e-05,0.039982
52113,전북특별자치도,전주시 덕진구,기타 지역,75-79,70-79,고령,5,2,0.6,9.81,1.962,0.0,4.905,9.81,0,6e-06,0.022387
52113,전북특별자치도,전주시 덕진구,기타 지역,80+,80+,고령,7,0,1.0,0.0,0.0,0.0,,0.0,0,0.0,0.0
52130,전북특별자치도,군산시,기타 지역,00-09,00-09,아동청소년,53,8,0.849057,85.25,1.6085,0.0,7.885,85.25,0,5e-05,0.183685
52130,전북특별자치도,군산시,기타 지역,10-14,10-19,아동청소년,31,2,0.935484,12.61,0.4068,0.0,6.305,12.61,0,7e-06,0.02717
52130,전북특별자치도,군산시,기타 지역,15-19,10-19,아동청소년,22,4,0.818182,22.1,1.0045,0.0,5.065,22.1,0,1.3e-05,0.047618
52130,전북특별자치도,군산시,기타 지역,20-24,20-29,청년,29,8,0.724138,38.76,1.3366,0.0,4.28,38.76,0,2.3e-05,0.083515
52130,전북특별자치도,군산시,기타 지역,25-29,20-29,청년,6,0,1.0,0.0,0.0,0.0,,0.0,0,0.0,0.0
52130,전북특별자치도,군산시,기타 지역,30-34,30-39,청년,15,0,1.0,0.0,0.0,0.0,,0.0,0,0.0,0.0
52130,전북특별자치도,군산시,기타 지역,35-39,30-39,청년,35,3,0.914286,28.37,0.8106,0.0,10.0,28.37,0,1.7e-05,0.061128
52130,전북특별자치도,군산시,기타 지역,40-44,40-49,중장년,9,4,0.555556,16.19,1.7989,0.0,4.015,16.19,0,1e-05,0.034884
52130,전북특별자치도,군산시,기타 지역,45-49,40-49,중장년,40,9,0.775,63.09,1.5772,0.0,6.21,63.09,0,3.7e-05,0.135938
52130,전북특별자치도,군산시,기타 지역,50-54,50-59,중장년,21,3,0.857143,25.28,1.2038,0.0,10.55,25.28,0,1.5e-05,0.05447
52130,전북특별자치도,군산시,기타 지역,55-59,50-59,중장년,3,2,0.333333,13.63,4.5433,5.05,6.815,13.63,0,8e-06,0.029368
52130,전북특별자치도,군산시,기타 지역,60-64,60-69,중장년,1,0,1.0,0.0,0.0,0.0,,0.0,0,0.0,0.0
52130,전북특별자치도,군산시,기타 지역,65-69,60-69,고령,24,3,0.875,85.03,3.5429,0.0,8.86,85.03,0,5e-05,0.183211
52130,전북특별자치도,군산시,기타 지역,70-74,70-79,고령,28,4,0.857143,48.13,1.7189,0.0,7.18,48.13,0,2.8e-05,0.103704
52130,전북특별자치도,군산시,기타 지역,75-79,70-79,고령,17,3,0.823529,25.67,1.51,0.0,7.14,25.67,0,1.5e-05,0.05531
52130,전북특별자치도,군산시,기타 지역,80+,80+,고령,14,0,1.0,0.0,0.0,0.0,,0.0,0,0.0,0.0
52140,전북특별자치도,익산시,기타 지역,00-09,00-09,아동청소년,8,1,0.875,16.0,2.0,0.0,16.0,16.0,0,9e-06,0.018065
52140,전북특별자치도,익산시,기타 지역,10-14,10-19,아동청소년,24,7,0.708333,73.81,3.0754,0.0,11.93,73.81,0,4.4e-05,0.083334
52140,전북특별자치도,익산시,기타 지역,15-19,10-19,아동청소년,3,1,0.666667,11.15,3.7167,0.0,11.15,11.15,0,7e-06,0.012589
52140,전북특별자치도,익산시,기타 지역,20-24,20-29,청년,30,8,0.733333,145.89,4.863,0.0,4.775,145.89,0,8.6e-05,0.164715
52140,전북특별자치도,익산시,기타 지역,25-29,20-29,청년,5,2,0.6,8.22,1.644,0.0,4.11,8.22,0,5e-06,0.009281
52140,전북특별자치도,익산시,기타 지역,30-34,30-39,청년,11,0,1.0,0.0,0.0,0.0,,0.0,0,0.0,0.0
52140,전북특별자치도,익산시,기타 지역,35-39,30-39,청년,27,7,0.740741,93.42,3.46,0.0,4.89,93.42,0,5.5e-05,0.105475
52140,전북특별자치도,익산시,기타 지역,40-44,40-49,중장년,39,16,0.589744,185.57,4.7582,0.0,5.81,185.57,0,0.00011,0.209516
52140,전북특별자치도,익산시,기타 지역,45-49,40-49,중장년,31,9,0.709677,109.42,3.5297,0.0,8.0,109.42,0,6.5e-05,0.123539
52140,전북특별자치도,익산시,기타 지역,50-54,50-59,중장년,20,7,0.65,46.54,2.327,0.0,6.0,46.54,0,2.8e-05,0.052545
52140,전북특별자치도,익산시,기타 지역,55-59,50-59,중장년,5,2,0.6,12.44,2.488,0.0,6.22,12.44,0,7e-06,0.014045
52140,전북특별자치도,익산시,기타 지역,60-64,60-69,중장년,16,6,0.625,46.52,2.9075,0.0,7.64,46.52,0,2.8e-05,0.052523
52140,전북특별자치도,익산시,기타 지역,65-69,60-69,고령,26,11,0.576923,103.29,3.9727,0.0,4.0,103.29,0,6.1e-05,0.116618
52140,전북특별자치도,익산시,기타 지역,70-74,70-79,고령,21,2,0.904762,17.48,0.8324,0.0,8.74,17.48,0,1e-05,0.019736
52140,전북특별자치도,익산시,기타 지역,75-79,70-79,고령,9,1,0.888889,15.96,1.7733,0.0,15.96,15.96,0,9e-06,0.018019
52140,전북특별자치도,익산시,기타 지역,80+,80+,고령,9,0,1.0,0.0,0.0,0.0,,0.0,0,0.0,0.0
52180,전북특별자치도,정읍시,기타 지역,00-09,00-09,아동청소년,29,1,0.965517,6.91,0.2383,0.0,6.91,6.91,0,4e-06,0.033377
52180,전북특별자치도,정읍시,기타 지역,10-14,10-19,아동청소년,38,2,0.947368,32.41,0.8529,0.0,16.205,32.41,0,1.9e-05,0.156547
52180,전북특별자치도,정읍시,기타 지역,15-19,10-19,아동청소년,17,1,0.941176,6.1,0.3588,0.0,6.1,6.1,0,4e-06,0.029464
52180,전북특별자치도,정읍시,기타 지역,20-24,20-29,청년,2,1,0.5,3.51,1.755,1.755,3.51,3.51,0,2e-06,0.016954
52180,전북특별자치도,정읍시,기타 지역,25-29,20-29,청년,8,3,0.625,11.35,1.4188,0.0,4.0,11.35,0,7e-06,0.054823
52180,전북특별자치도,정읍시,기타 지역,30-34,30-39,청년,33,5,0.848485,23.66,0.717,0.0,4.0,23.66,0,1.4e-05,0.114283
52180,전북특별자치도,정읍시,기타 지역,35-39,30-39,청년,15,1,0.933333,4.21,0.2807,0.0,4.21,4.21,0,2e-06,0.020335
52180,전북특별자치도,정읍시,기타 지역,40-44,40-49,중장년,9,2,0.777778,8.34,0.9267,0.0,4.17,8.34,0,5e-06,0.040284
52180,전북특별자치도,정읍시,기타 지역,45-49,40-49,중장년,7,1,0.857143,4.05,0.5786,0.0,4.05,4.05,0,2e-06,0.019562
52180,전북특별자치도,정읍시,기타 지역,50-54,50-59,중장년,8,2,0.75,11.63,1.4538,0.0,5.815,11.63,0,7e-06,0.056175
52180,전북특별자치도,정읍시,기타 지역,55-59,50-59,중장년,48,12,0.75,68.48,1.4267,0.0,4.33,68.48,0,4.1e-05,0.330773
52180,전북특별자치도,정읍시,기타 지역,60-64,60-69,중장년,12,2,0.833333,16.65,1.3875,0.0,8.325,16.65,0,1e-05,0.080423
52180,전북특별자치도,정읍시,기타 지역,65-69,60-69,고령,14,2,0.857143,9.73,0.695,0.0,4.865,9.73,0,6e-06,0.046998
52180,전북특별자치도,정읍시,기타 지역,70-74,70-79,고령,7,0,1.0,0.0,0.0,0.0,,0.0,0,0.0,0.0
52180,전북특별자치도,정읍시,기타 지역,75-79,70-79,고령,1,0,1.0,0.0,0.0,0.0,,0.0,0,0.0,0.0
52180,전북특별자치도,정읍시,기타 지역,80+,80+,고령,26,0,1.0,0.0,0.0,0.0,,0.0,0,0.0,0.0
52190,전북특별자치도,남원시,기타 지역,00-09,00-09,아동청소년,56,2,0.964286,27.6,0.4929,0.0,13.8,27.6,0,1.6e-05,0.116756
52190,전북특별자치도,남원시,기타 지역,10-14,10-19,아동청소년,25,0,1.0,0.0,0.0,0.0,,0.0,0,0.0,0.0
52190,전북특별자치도,남원시,기타 지역,15-19,10-19,아동청소년,23,1,0.956522,3.99,0.1735,0.0,3.99,3.99,0,2e-06,0.016879
52190,전북특별자치도,남원시,기타 지역,20-24,20-29,청년,22,4,0.818182,42.1,1.9136,0.0,10.0,42.1,0,2.5e-05,0.178096
52190,전북특별자치도,남원시,기타 지역,25-29,20-29,청년,14,2,0.857143,32.18,2.2986,0.0,16.09,32.18,0,1.9e-05,0.136131
52190,전북특별자치도,남원시,기타 지역,30-34,30-39,청년,39,1,0.974359,8.12,0.2082,0.0,8.12,8.12,0,5e-06,0.03435
52190,전북특별자치도,남원시,기타 지역,35-39,30-39,청년,30,4,0.866667,36.08,1.2027,0.0,7.755,36.08,0,2.1e-05,0.152629
52190,전북특별자치도,남원시,기타 지역,40-44,40-49,중장년,6,1,0.833333,17.0,2.8333,0.0,17.0,17.0,0,1e-05,0.071915
52190,전북특별자치도,남원시,기타 지역,45-49,40-49,중장년,34,4,0.882353,36.37,1.0697,0.0,8.215,36.37,0,2.2e-05,0.153856
52190,전북특별자치도,남원시,기타 지역,50-54,50-59,중장년,16,1,0.9375,3.29,0.2056,0.0,3.29,3.29,0,2e-06,0.013918
52190,전북특별자치도,남원시,기타 지역,55-59,50-59,중장년,6,1,0.833333,4.0,0.6667,0.0,4.0,4.0,0,2e-06,0.016921
52190,전북특별자치도,남원시,기타 지역,60-64,60-69,중장년,7,0,1.0,0.0,0.0,0.0,,0.0,0,0.0,0.0
52190,전북특별자치도,남원시,기타 지역,65-69,60-69,고령,7,1,0.857143,10.13,1.4471,0.0,10.13,10.13,0,6e-06,0.042853
52190,전북특별자치도,남원시,기타 지역,70-74,70-79,고령,10,0,1.0,0.0,0.0,0.0,,0.0,0,0.0,0.0
52190,전북특별자치도,남원시,기타 지역,75-79,70-79,고령,39,1,0.974359,15.53,0.3982,0.0,15.53,15.53,0,9e-06,0.065697
52190,전북특별자치도,남원시,기타 지역,80+,80+,고령,37,0,1.0,0.0,0.0,0.0,,0.0,0,0.0,0.0
52210,전북특별자치도,김제시,기타 지역,00-09,00-09,아동청소년,28,1,0.964286,7.38,0.2636,0.0,7.38,7.38,0,4e-06,0.030612
52210,전북특별자치도,김제시,기타 지역,10-14,10-19,아동청소년,24,0,1.0,0.0,0.0,0.0,,0.0,0,0.0,0.0
52210,전북특별자치도,김제시,기타 지역,15-19,10-19,아동청소년,8,0,1.0,0.0,0.0,0.0,,0.0,0,0.0,0.0
52210,전북특별자치도,김제시,기타 지역,20-24,20-29,청년,3,0,1.0,0.0,0.0,0.0,,0.0,0,0.0,0.0
52210,전북특별자치도,김제시,기타 지역,25-29,20-29,청년,37,6,0.837838,33.03,0.8927,0.0,5.945,33.03,0,2e-05,0.137008
52210,전북특별자치도,김제시,기타 지역,30-34,30-39,청년,15,3,0.8,18.07,1.2047,0.0,6.06,18.07,0,1.1e-05,0.074954
52210,전북특별자치도,김제시,기타 지역,35-39,30-39,청년,32,1,0.96875,100.07,3.1272,0.0,100.07,100.07,0,5.9e-05,0.41509
52210,전북특별자치도,김제시,기타 지역,40-44,40-49,중장년,25,1,0.96,8.0,0.32,0.0,8.0,8.0,0,5e-06,0.033184
52210,전북특별자치도,김제시,기타 지역,45-49,40-49,중장년,35,1,0.971429,3.5,0.1,0.0,3.5,3.5,0,2e-06,0.014518
52210,전북특별자치도,김제시,기타 지역,50-54,50-59,중장년,25,3,0.88,25.42,1.0168,0.0,8.7,25.42,0,1.5e-05,0.105442
52210,전북특별자치도,김제시,기타 지역,55-59,50-59,중장년,5,2,0.6,15.74,3.148,0.0,7.87,15.74,0,9e-06,0.06529
52210,전북특별자치도,김제시,기타 지역,60-64,60-69,중장년,19,1,0.947368,7.79,0.41,0.0,7.79,7.79,0,5e-06,0.032313
52210,전북특별자치도,김제시,기타 지역,65-69,60-69,고령,24,3,0.875,16.42,0.6842,0.0,4.67,16.42,0,1e-05,0.06811
52210,전북특별자치도,김제시,기타 지역,70-74,70-79,고령,28,1,0.964286,5.66,0.2021,0.0,5.66,5.66,0,3e-06,0.023478
52210,전북특별자치도,김제시,기타 지역,75-79,70-79,고령,16,0,1.0,0.0,0.0,0.0,,0.0,0,0.0,0.0
52210,전북특별자치도,김제시,기타 지역,80+,80+,고령,39,0,1.0,0.0,0.0,0.0,,0.0,0,0.0,0.0
52710,전북특별자치도,완주군,기타 지역,00-09,00-09,아동청소년,25,2,0.92,12.22,0.4888,0.0,6.11,12.22,0,7e-06,0.074132
52710,전북특별자치도,완주군,기타 지역,10-14,10-19,아동청소년,14,2,0.857143,19.43,1.3879,0.0,9.715,19.43,0,1.1e-05,0.117872
52710,전북특별자치도,완주군,기타 지역,15-19,10-19,아동청소년,3,0,1.0,0.0,0.0,0.0,,0.0,0,0.0,0.0
52710,전북특별자치도,완주군,기타 지역,20-24,20-29,청년,16,2,0.875,17.1,1.0688,0.0,8.55,17.1,0,1e-05,0.103737
52710,전북특별자치도,완주군,기타 지역,25-29,20-29,청년,3,0,1.0,0.0,0.0,0.0,,0.0,0,0.0,0.0
52710,전북특별자치도,완주군,기타 지역,30-34,30-39,청년,10,2,0.8,30.21,3.021,0.0,15.105,30.21,0,1.8e-05,0.183269
52710,전북특별자치도,완주군,기타 지역,35-39,30-39,청년,22,3,0.863636,26.5,1.2045,0.0,10.74,26.5,0,1.6e-05,0.160762
52710,전북특별자치도,완주군,기타 지역,40-44,40-49,중장년,18,1,0.944444,10.0,0.5556,0.0,10.0,10.0,0,6e-06,0.060665
52710,전북특별자치도,완주군,기타 지역,45-49,40-49,중장년,5,1,0.8,10.0,2.0,0.0,10.0,10.0,0,6e-06,0.060665
52710,전북특별자치도,완주군,기타 지역,50-54,50-59,중장년,2,0,1.0,0.0,0.0,0.0,,0.0,0,0.0,0.0
52710,전북특별자치도,완주군,기타 지역,55-59,50-59,중장년,8,2,0.75,7.14,0.8925,0.0,3.57,7.14,0,4e-06,0.043315
52710,전북특별자치도,완주군,기타 지역,60-64,60-69,중장년,9,1,0.888889,6.0,0.6667,0.0,6.0,6.0,0,4e-06,0.036399
52710,전북특별자치도,완주군,기타 지역,65-69,60-69,고령,6,1,0.833333,4.14,0.69,0.0,4.14,4.14,0,2e-06,0.025115
52710,전북특별자치도,완주군,기타 지역,70-74,70-79,고령,6,0,1.0,0.0,0.0,0.0,,0.0,0,0.0,0.0
52710,전북특별자치도,완주군,기타 지역,75-79,70-79,고령,5,0,1.0,0.0,0.0,0.0,,0.0,0,0.0,0.0
52710,전북특별자치도,완주군,기타 지역,80+,80+,고령,13,1,0.923077,22.1,1.7,0.0,22.1,22.1,0,1.3e-05,0.134069
52720,전북특별자치도,진안군,기타 지역,00-09,00-09,아동청소년,17,0,1.0,0.0,0.0,0.0,,0.0,0,0.0,0.0
52720,전북특별자치도,진안군,기타 지역,10-14,10-19,아동청소년,20,2,0.9,15.94,0.797,0.0,7.97,15.94,0,9e-06,0.092561
52720,전북특별자치도,진안군,기타 지역,15-19,10-19,아동청소년,3,1,0.666667,10.4,3.4667,0.0,10.4,10.4,0,6e-06,0.060391
52720,전북특별자치도,진안군,기타 지역,20-24,20-29,청년,48,7,0.854167,54.74,1.1404,0.0,6.0,54.74,0,3.2e-05,0.317868
52720,전북특별자치도,진안군,기타 지역,25-29,20-29,청년,10,1,0.9,3.11,0.311,0.0,3.11,3.11,0,2e-06,0.018059
52720,전북특별자치도,진안군,기타 지역,30-34,30-39,청년,27,1,0.962963,5.38,0.1993,0.0,5.38,5.38,0,3e-06,0.031241
52720,전북특별자치도,진안군,기타 지역,35-39,30-39,청년,7,0,1.0,0.0,0.0,0.0,,0.0,0,0.0,0.0
52720,전북특별자치도,진안군,기타 지역,40-44,40-49,중장년,23,5,0.782609,40.73,1.7709,0.0,7.45,40.73,0,2.4e-05,0.236514
52720,전북특별자치도,진안군,기타 지역,45-49,40-49,중장년,14,0,1.0,0.0,0.0,0.0,,0.0,0,0.0,0.0
52720,전북특별자치도,진안군,기타 지역,50-54,50-59,중장년,22,0,1.0,0.0,0.0,0.0,,0.0,0,0.0,0.0
52720,전북특별자치도,진안군,기타 지역,55-59,50-59,중장년,3,1,0.666667,6.0,2.0,0.0,6.0,6.0,0,4e-06,0.034841
52720,전북특별자치도,진안군,기타 지역,60-64,60-69,중장년,5,0,1.0,0.0,0.0,0.0,,0.0,0,0.0,0.0
52720,전북특별자치도,진안군,기타 지역,65-69,60-69,고령,15,4,0.733333,32.02,2.1347,0.0,8.315,32.02,0,1.9e-05,0.185936
52720,전북특별자치도,진안군,기타 지역,70-74,70-79,고령,9,0,1.0,0.0,0.0,0.0,,0.0,0,0.0,0.0
52720,전북특별자치도,진안군,기타 지역,75-79,70-79,고령,10,0,1.0,0.0,0.0,0.0,,0.0,0,0.0,0.0
52720,전북특별자치도,진안군,기타 지역,80+,80+,고령,10,1,0.9,3.89,0.389,0.0,3.89,3.89,0,2e-06,0.022589
52730,전북특별자치도,무주군,김천 인접 시군,00-09,00-09,아동청소년,7,0,1.0,0.0,0.0,0.0,,0.0,0,0.0,0.0
52730,전북특별자치도,무주군,김천 인접 시군,10-14,10-19,아동청소년,16,1,0.9375,3.17,0.1981,0.0,3.17,3.17,0,2e-06,0.006174
52730,전북특별자치도,무주군,김천 인접 시군,15-19,10-19,아동청소년,12,2,0.833333,281.1,23.425,0.0,140.55,281.1,0,0.000166,0.547441
52730,전북특별자치도,무주군,김천 인접 시군,20-24,20-29,청년,18,5,0.722222,36.78,2.0433,0.0,5.96,36.78,0,2.2e-05,0.071629
52730,전북특별자치도,무주군,김천 인접 시군,25-29,20-29,청년,5,1,0.8,5.74,1.148,0.0,5.74,5.74,0,3e-06,0.011179
52730,전북특별자치도,무주군,김천 인접 시군,30-34,30-39,청년,11,2,0.818182,9.55,0.8682,0.0,4.775,9.55,0,6e-06,0.018599
52730,전북특별자치도,무주군,김천 인접 시군,35-39,30-39,청년,18,1,0.944444,6.34,0.3522,0.0,6.34,6.34,0,4e-06,0.012347
52730,전북특별자치도,무주군,김천 인접 시군,40-44,40-49,중장년,22,5,0.772727,46.52,2.1145,0.0,4.1,46.52,0,2.8e-05,0.090597
52730,전북특별자치도,무주군,김천 인접 시군,45-49,40-49,중장년,8,0,1.0,0.0,0.0,0.0,,0.0,0,0.0,0.0
52730,전북특별자치도,무주군,김천 인접 시군,50-54,50-59,중장년,11,2,0.818182,8.81,0.8009,0.0,4.405,8.81,0,5e-06,0.017157
52730,전북특별자치도,무주군,김천 인접 시군,55-59,50-59,중장년,3,1,0.666667,4.0,1.3333,0.0,4.0,4.0,0,2e-06,0.00779
52730,전북특별자치도,무주군,김천 인접 시군,60-64,60-69,중장년,4,0,1.0,0.0,0.0,0.0,,0.0,0,0.0,0.0
52730,전북특별자치도,무주군,김천 인접 시군,65-69,60-69,고령,29,8,0.724138,46.25,1.5948,0.0,4.28,46.25,0,2.7e-05,0.090072
52730,전북특별자치도,무주군,김천 인접 시군,70-74,70-79,고령,13,5,0.615385,65.22,5.0169,0.0,6.14,65.22,0,3.9e-05,0.127016
52730,전북특별자치도,무주군,김천 인접 시군,75-79,70-79,고령,3,0,1.0,0.0,0.0,0.0,,0.0,0,0.0,0.0
52730,전북특별자치도,무주군,김천 인접 시군,80+,80+,고령,12,0,1.0,0.0,0.0,0.0,,0.0,0,0.0,0.0
52740,전북특별자치도,장수군,기타 지역,00-09,00-09,아동청소년,49,1,0.979592,5.2,0.1061,0.0,5.2,5.2,0,3e-06,0.034862
52740,전북특별자치도,장수군,기타 지역,10-14,10-19,아동청소년,47,1,0.978723,4.0,0.0851,0.0,4.0,4.0,0,2e-06,0.026817
52740,전북특별자치도,장수군,기타 지역,15-19,10-19,아동청소년,10,0,1.0,0.0,0.0,0.0,,0.0,0,0.0,0.0
52740,전북특별자치도,장수군,기타 지역,20-24,20-29,청년,22,3,0.863636,13.52,0.6145,0.0,4.6,13.52,0,8e-06,0.090641
52740,전북특별자치도,장수군,기타 지역,25-29,20-29,청년,14,1,0.928571,10.63,0.7593,0.0,10.63,10.63,0,6e-06,0.071266
52740,전북특별자치도,장수군,기타 지역,30-34,30-39,청년,19,2,0.894737,19.57,1.03,0.0,9.785,19.57,0,1.2e-05,0.131201
52740,전북특별자치도,장수군,기타 지역,35-39,30-39,청년,23,1,0.956522,5.05,0.2196,0.0,5.05,5.05,0,3e-06,0.033856
52740,전북특별자치도,장수군,기타 지역,40-44,40-49,중장년,41,6,0.853659,29.46,0.7185,0.0,4.73,29.46,0,1.7e-05,0.197506
52740,전북특별자치도,장수군,기타 지역,45-49,40-49,중장년,44,6,0.863636,31.84,0.7236,0.0,3.965,31.84,0,1.9e-05,0.213462
52740,전북특별자치도,장수군,기타 지역,50-54,50-59,중장년,31,3,0.903226,16.82,0.5426,0.0,6.38,16.82,0,1e-05,0.112765
52740,전북특별자치도,장수군,기타 지역,55-59,50-59,중장년,8,1,0.875,3.07,0.3838,0.0,3.07,3.07,0,2e-06,0.020582
52740,전북특별자치도,장수군,기타 지역,60-64,60-69,중장년,14,1,0.928571,6.0,0.4286,0.0,6.0,6.0,0,4e-06,0.040225
52740,전북특별자치도,장수군,기타 지역,65-69,60-69,고령,10,1,0.9,4.0,0.4,0.0,4.0,4.0,0,2e-06,0.026817
52740,전북특별자치도,장수군,기타 지역,70-74,70-79,고령,9,0,1.0,0.0,0.0,0.0,,0.0,0,0.0,0.0
52740,전북특별자치도,장수군,기타 지역,75-79,70-79,고령,5,0,1.0,0.0,0.0,0.0,,0.0,0,0.0,0.0
52740,전북특별자치도,장수군,기타 지역,80+,80+,고령,26,0,1.0,0.0,0.0,0.0,,0.0,0,0.0,0.0
52750,전북특별자치도,임실군,기타 지역,00-09,00-09,아동청소년,21,0,1.0,0.0,0.0,0.0,,0.0,0,0.0,0.0
52750,전북특별자치도,임실군,기타 지역,10-14,10-19,아동청소년,38,3,0.921053,14.16,0.3726,0.0,4.52,14.16,0,8e-06,0.005592
52750,전북특별자치도,임실군,기타 지역,15-19,10-19,아동청소년,40,1,0.975,3.67,0.0918,0.0,3.67,3.67,0,2e-06,0.001449
52750,전북특별자치도,임실군,기타 지역,20-24,20-29,청년,30,4,0.866667,28.87,0.9623,0.0,6.515,28.87,0,1.7e-05,0.0114
52750,전북특별자치도,임실군,기타 지역,25-29,20-29,청년,12,2,0.833333,7.19,0.5992,0.0,3.595,7.19,0,4e-06,0.002839
52750,전북특별자치도,임실군,기타 지역,30-34,30-39,청년,23,1,0.956522,3.24,0.1409,0.0,3.24,3.24,0,2e-06,0.001279
52750,전북특별자치도,임실군,기타 지역,35-39,30-39,청년,36,5,0.861111,2424.52,67.3478,0.0,9.58,2424.52,0,0.001434,0.957411
52750,전북특별자치도,임실군,기타 지역,40-44,40-49,중장년,17,1,0.941176,10.23,0.6018,0.0,10.23,10.23,0,6e-06,0.00404
52750,전북특별자치도,임실군,기타 지역,45-49,40-49,중장년,25,0,1.0,0.0,0.0,0.0,,0.0,0,0.0,0.0
52750,전북특별자치도,임실군,기타 지역,50-54,50-59,중장년,23,1,0.956522,5.98,0.26,0.0,5.98,5.98,0,4e-06,0.002361
52750,전북특별자치도,임실군,기타 지역,55-59,50-59,중장년,2,0,1.0,0.0,0.0,0.0,,0.0,0,0.0,0.0
52750,전북특별자치도,임실군,기타 지역,60-64,60-69,중장년,25,1,0.96,3.34,0.1336,0.0,3.34,3.34,0,2e-06,0.001319
52750,전북특별자치도,임실군,기타 지역,65-69,60-69,고령,1,1,0.0,6.05,6.05,6.05,6.05,6.05,0,4e-06,0.002389
52750,전북특별자치도,임실군,기타 지역,70-74,70-79,고령,14,0,1.0,0.0,0.0,0.0,,0.0,0,0.0,0.0
52750,전북특별자치도,임실군,기타 지역,75-79,70-79,고령,52,3,0.942308,25.12,0.4831,0.0,7.56,25.12,0,1.5e-05,0.00992
52750,전북특별자치도,임실군,기타 지역,80+,80+,고령,21,0,1.0,0.0,0.0,0.0,,0.0,0,0.0,0.0
52770,전북특별자치도,순창군,기타 지역,00-09,00-09,아동청소년,22,1,0.954545,73.06,3.3209,0.0,73.06,73.06,0,4.3e-05,0.046441
52770,전북특별자치도,순창군,기타 지역,10-14,10-19,아동청소년,13,1,0.923077,8.86,0.6815,0.0,8.86,8.86,0,5e-06,0.005632
52770,전북특별자치도,순창군,기타 지역,15-19,10-19,아동청소년,15,2,0.866667,61.92,4.128,0.0,30.96,61.92,0,3.7e-05,0.03936
52770,전북특별자치도,순창군,기타 지역,20-24,20-29,청년,28,8,0.714286,111.68,3.9886,0.0,10.06,111.68,0,6.6e-05,0.07099
52770,전북특별자치도,순창군,기타 지역,25-29,20-29,청년,17,2,0.882353,12.9,0.7588,0.0,6.45,12.9,0,8e-06,0.0082
52770,전북특별자치도,순창군,기타 지역,30-34,30-39,청년,27,2,0.925926,11.38,0.4215,0.0,5.69,11.38,0,7e-06,0.007234
52770,전북특별자치도,순창군,기타 지역,35-39,30-39,청년,28,2,0.928571,10.24,0.3657,0.0,5.12,10.24,0,6e-06,0.006509
52770,전북특별자치도,순창군,기타 지역,40-44,40-49,중장년,21,4,0.809524,65.96,3.141,0.0,8.28,65.96,0,3.9e-05,0.041928
52770,전북특별자치도,순창군,기타 지역,45-49,40-49,중장년,23,4,0.826087,184.9,8.0391,0.0,13.2,184.9,0,0.000109,0.117533
52770,전북특별자치도,순창군,기타 지역,50-54,50-59,중장년,9,0,1.0,0.0,0.0,0.0,,0.0,0,0.0,0.0
52770,전북특별자치도,순창군,기타 지역,55-59,50-59,중장년,18,0,1.0,0.0,0.0,0.0,,0.0,0,0.0,0.0
52770,전북특별자치도,순창군,기타 지역,60-64,60-69,중장년,15,2,0.866667,56.77,3.7847,0.0,28.385,56.77,0,3.4e-05,0.036086
52770,전북특별자치도,순창군,기타 지역,65-69,60-69,고령,14,1,0.928571,3.34,0.2386,0.0,3.34,3.34,0,2e-06,0.002123
52770,전북특별자치도,순창군,기타 지역,70-74,70-79,고령,25,3,0.88,954.77,38.1908,0.0,13.57,954.77,0,0.000565,0.606904
52770,전북특별자치도,순창군,기타 지역,75-79,70-79,고령,25,2,0.92,17.4,0.696,0.0,8.7,17.4,0,1e-05,0.01106
52770,전북특별자치도,순창군,기타 지역,80+,80+,고령,10,0,1.0,0.0,0.0,0.0,,0.0,0,0.0,0.0
52790,전북특별자치도,고창군,기타 지역,00-09,00-09,아동청소년,17,1,0.941176,8.0,0.4706,0.0,8.0,8.0,0,5e-06,0.02609
52790,전북특별자치도,고창군,기타 지역,10-14,10-19,아동청소년,24,3,0.875,10.12,0.4217,0.0,3.32,10.12,0,6e-06,0.033004
52790,전북특별자치도,고창군,기타 지역,15-19,10-19,아동청소년,5,0,1.0,0.0,0.0,0.0,,0.0,0,0.0,0.0
52790,전북특별자치도,고창군,기타 지역,20-24,20-29,청년,32,12,0.625,106.7,3.3344,0.0,5.615,106.7,0,6.3e-05,0.347976
52790,전북특별자치도,고창군,기타 지역,25-29,20-29,청년,19,5,0.736842,26.41,1.39,0.0,5.72,26.41,0,1.6e-05,0.08613
52790,전북특별자치도,고창군,기타 지역,30-34,30-39,청년,25,3,0.88,19.98,0.7992,0.0,6.0,19.98,0,1.2e-05,0.06516
52790,전북특별자치도,고창군,기타 지역,35-39,30-39,청년,19,7,0.631579,82.85,4.3605,0.0,8.45,82.85,0,4.9e-05,0.270195
52790,전북특별자치도,고창군,기타 지역,40-44,40-49,중장년,22,4,0.818182,19.31,0.8777,0.0,4.0,19.31,0,1.1e-05,0.062975
52790,전북특별자치도,고창군,기타 지역,45-49,40-49,중장년,4,0,1.0,0.0,0.0,0.0,,0.0,0,0.0,0.0
52790,전북특별자치도,고창군,기타 지역,50-54,50-59,중장년,14,2,0.857143,8.12,0.58,0.0,4.06,8.12,0,5e-06,0.026481
52790,전북특별자치도,고창군,기타 지역,55-59,50-59,중장년,14,3,0.785714,16.1,1.15,0.0,5.62,16.1,0,1e-05,0.052506
52790,전북특별자치도,고창군,기타 지역,60-64,60-69,중장년,12,1,0.916667,4.32,0.36,0.0,4.32,4.32,0,3e-06,0.014089
52790,전북특별자치도,고창군,기타 지역,65-69,60-69,고령,6,1,0.833333,4.72,0.7867,0.0,4.72,4.72,0,3e-06,0.015393
52790,전북특별자치도,고창군,기타 지역,70-74,70-79,고령,12,0,1.0,0.0,0.0,0.0,,0.0,0,0.0,0.0
52790,전북특별자치도,고창군,기타 지역,75-79,70-79,고령,5,0,1.0,0.0,0.0,0.0,,0.0,0,0.0,0.0
52790,전북특별자치도,고창군,기타 지역,80+,80+,고령,22,0,1.0,0.0,0.0,0.0,,0.0,0,0.0,0.0
52800,전북특별자치도,부안군,기타 지역,00-09,00-09,아동청소년,13,0,1.0,0.0,0.0,0.0,,0.0,0,0.0,0.0
52800,전북특별자치도,부안군,기타 지역,10-14,10-19,아동청소년,18,2,0.888889,25.88,1.4378,0.0,12.94,25.88,0,1.5e-05,0.158929
52800,전북특별자치도,부안군,기타 지역,15-19,10-19,아동청소년,4,0,1.0,0.0,0.0,0.0,,0.0,0,0.0,0.0
52800,전북특별자치도,부안군,기타 지역,20-24,20-29,청년,19,2,0.894737,8.87,0.4668,0.0,4.435,8.87,0,5e-06,0.054471
52800,전북특별자치도,부안군,기타 지역,25-29,20-29,청년,4,0,1.0,0.0,0.0,0.0,,0.0,0,0.0,0.0
52800,전북특별자치도,부안군,기타 지역,30-34,30-39,청년,9,0,1.0,0.0,0.0,0.0,,0.0,0,0.0,0.0
52800,전북특별자치도,부안군,기타 지역,35-39,30-39,청년,31,4,0.870968,31.74,1.0239,0.0,7.015,31.74,0,1.9e-05,0.194915
52800,전북특별자치도,부안군,기타 지역,40-44,40-49,중장년,34,2,0.941176,11.11,0.3268,0.0,5.555,11.11,0,7e-06,0.068226
52800,전북특별자치도,부안군,기타 지역,45-49,40-49,중장년,21,5,0.761905,55.15,2.6262,0.0,8.45,55.15,0,3.3e-05,0.338676
52800,전북특별자치도,부안군,기타 지역,50-54,50-59,중장년,2,1,0.5,4.08,2.04,2.04,4.08,4.08,0,2e-06,0.025055
52800,전북특별자치도,부안군,기타 지역,55-59,50-59,중장년,8,1,0.875,4.81,0.6012,0.0,4.81,4.81,0,3e-06,0.029538
52800,전북특별자치도,부안군,기타 지역,60-64,60-69,중장년,12,1,0.916667,8.01,0.6675,0.0,8.01,8.01,0,5e-06,0.049189
52800,전북특별자치도,부안군,기타 지역,65-69,60-69,고령,3,2,0.333333,7.57,2.5233,3.57,3.785,7.57,0,4e-06,0.046487
52800,전북특별자치도,부안군,기타 지역,70-74,70-79,고령,2,0,1.0,0.0,0.0,0.0,,0.0,0,0.0,0.0
52800,전북특별자치도,부안군,기타 지역,75-79,70-79,고령,3,0,1.0,0.0,0.0,0.0,,0.0,0,0.0,0.0
52800,전북특별자치도,부안군,기타 지역,80+,80+,고령,4,1,0.75,5.62,1.405,0.0,5.62,5.62,0,3e-06,0.034512
